INSERT INTO dns(id, `name`, field_id, reg_id) VALUES 
(1, "УПСВ-Кузяево", 33, 5), 
(2, "УПСВ-Рахново", 33, 5), 
(3, "ДНС-Кузяево", 11, 5), 
(4, "УПСВ-Щеглятьево", 18, 5), 
(5, "ДНС-Паршино", 18, 5), 
(6, "УПСВ-Татарки", 18, 5), 
(7, "УПСВ-Монасеино", 18, 5), 
(8, "УПСВ-Теребетово", 18, 5), 
(9, "УПСВ-Клетки", 18, 5), 
(10, "УПСВ-Кульпино", 18, 5), 
(11, "ДНС-Пешки", 18, 5), 
(12, "УПСВ-Паршино", 18, 5), 
(13, "УПСВ-Турово", 6, 5), 
(14, "УПСВ-Урусово", 38, 4), 
(15, "ДНС-Чапаево", 18, 5), 
(16, "ДНС-Грибаново", 38, 4), 
(17, "ДНС-Хмелевки", 21, 4), 
(18, "УПСВ-Курятниково", 21, 4), 
(19, "ДНС-Пеньи", 15, 4), 
(20, "УПСВ-Микулино", 15, 4), 
(21, "УПСВ-Бренево", 15, 4), 
(22, "ДНС-Большая Сестра", 15, 4), 
(23, "ДНС-Немки", 30, 4), 
(24, "ДНС-Чекчино", 31, 4), 
(25, "ДНС-Котляково", 35, 3), 
(26, "ДНС-Вяхирево", 35, 3), 
(27, "УПСВ-Верейки", 35, 3), 
(28, "ДНС-Старое Лисино", 35, 3), 
(29, "ДНС-Кировский", 39, 3), 
(30, "УПСВ-Сельменево", 35, 3), 
(31, "УПСВ-Ошейкино", 35, 3), 
(32, "ДНС-Аринькино", 36, 3), 
(33, "ДНС-Волково", 2, 3), 
(34, "ДНС-Кушелово", 39, 3), 
(35, "УПСВ-Пешки", 20, 5), 
(36, "УПСВ-Высочки", 23, 1), 
(37, "ДНС-Званово", 23, 1), 
(38, "УПСВ-Мастищево", 23, 1), 
(39, "ДНС-Матвейково", 23, 1), 
(40, "ДНС-Ивановское", 23, 1), 
(41, "УПСВ-Канищево", 23, 1), 
(42, "ДНС-Петровское", 23, 1), 
(43, "ДНС-Плаксино", 23, 1), 
(44, "УПСВ-Волково", 23, 1), 
(45, "УПСВ-Матвейково", 23, 1), 
(46, "ДНС-Стрешневы Горы", 23, 1), 
(47, "ДНС-Верейки", 23, 1), 
(48, "ДНС-Степаньково", 23, 1), 
(49, "ДНС-Монасеино", 25, 2), 
(50, "ДНС-Себудово", 25, 2), 
(51, "УПСВ-Мамоново", 25, 2), 
(52, "ДНС-Палкино", 25, 2), 
(53, "ДНС-Круглово", 25, 2), 
(54, "ДНС-Мамоново", 26, 2), 
(55, "ДНС-Мазлово", 13, 2), 
(56, "ДНС-Кряково", 27, 2), 
(57, "ДНС-Михалёво", 22, 2), 
(58, "УПСВ-Судниково", 22, 2), 
(59, "УПСВ-Матюшкино", 22, 2), 
(60, "УПСВ-Новошино", 1, 2), 
(61, "УПСВ-Макарово", 18, 5), 
(62, "УПСВ-Старое Лисино", 18, 5), 
(63, "УПСВ-Издетель", 6, 5), 
(64, "УПСВ-Кудрино", 15, 4), 
(65, "УПСВ-Степаньково", 15, 4), 
(66, "УПСВ-Круглово", 9, 3), 
(67, "УПСВ-Ильинское", 35, 3), 
(68, "ДНС-Боборыкино", 9, 3), 
(69, "УПСВ-Астренёво", 12, 4), 
(70, "ДНС-Калистово", 29, 4), 
(71, "УПСВ-Натальино", 29, 4), 
(72, "ДНС-Бренево", 5, 4), 
(73, "ДНС-Сельменево", 40, 1), 
(74, "УПСВ-Шубино", 18, 5), 
(75, "УПСВ-Котляково", 32, 4), 
(76, "ДНС-Горы-Мещерские", 8, 4), 
(77, "УПСВ-Сологино", 10, 4), 
(78, "ДНС-Марково", 14, 4), 
(79, "УПСВ-Харпай", 18, 5), 
(80, "ДНС-Ошенево", 22, 2), 
(81, "ДНС-Корневское", 23, 1), 
(82, "ДНС-Ушаково", 23, 1), 
(83, "УПСВ-Раменье", 23, 1), 
(84, "УПСВ-Лотошино", 23, 1), 
(85, "ДНС-Быково", 25, 2), 
(86, "УПСВ-Грибаново", 28, 3), 
(87, "УПСВ-Большая Сестра", 31, 4), 
(88, "УПСВ-Немки", 34, 4), 
(89, "УПСВ-Акулово", 35, 3), 
(90, "ДНС-Кельи", 35, 3), 
(91, "ДНС-Афанасово", 18, 5), 
(92, "ДНС-Макарово", 38, 4), 
(93, "ДНС-Андрейково", 38, 4), 
(94, "ДНС-Астренёво", 4, 4), 
(95, "УПСВ-Павловское", 19, 4), 
(96, "ДНС-Курвино", 12, 4), 
(97, "ДНС-Кульпино", 15, 4), 
(98, "УПСВ-Званово", 17, 4), 
(99, "УПСВ-Боборыкино", 20, 3), 
(100, "ДНС-Тереховка", 12, 4), 
(101, "УПСВ-Курвино", 32, 3), 
(102, "Error 2023", 23, 1), 
(103, "Error 2023", 25, 2);

INSERT INTO dns_hierarchy (dns_from, dns_to, `year`) VALUES 
(5, 10, "2018-01-01"), 
(2, 10, "2018-01-01"), 
(6, 10, "2018-01-01"), 
(8, 10, "2018-01-01"), 
(9, 10, "2018-01-01"), 
(1, 10, "2018-01-01"), 
(3, 10, "2018-01-01"), 
(74, 10, "2018-01-01"), 
(62, 10, "2018-01-01"), 
(11, 10, "2018-01-01"), 
(61, 10, "2018-01-01"), 
(12, 10, "2018-01-01"), 
(13, 16, "2018-01-01"), 
(63, 13, "2018-01-01"), 
(31, 68, "2018-01-01"), 
(29, 31, "2018-01-01"), 
(27, 31, "2018-01-01"), 
(35, 31, "2018-01-01"), 
(34, 31, "2018-01-01"), 
(32, 29, "2018-01-01"), 
(17, 19, "2018-01-01"), 
(21, 16, "2018-01-01"), 
(18, 17, "2018-01-01"), 
(65, 64, "2018-01-01"), 
(22, 16, "2018-01-01"), 
(19, 65, "2018-01-01"), 
(93, 16, "2018-01-01"), 
(92, 16, "2018-01-01"), 
(20, 65, "2018-01-01"), 
(23, 16, "2018-01-01"), 
(24, 16, "2018-01-01"), 
(78, 16, "2018-01-01"), 
(100, 16, "2018-01-01"), 
(101, 76, "2018-01-01"), 
(88, 76, "2018-01-01"), 
(77, 88, "2018-01-01"), 
(76, 13, "2018-01-01"), 
(16, 65, "2018-01-01"), 
(14, 16, "2018-01-01"), 
(102, 48, "2018-01-01"), 
(48, 66, "2018-01-01"), 
(51, 50, "2018-01-01"), 
(53, 50, "2018-01-01"), 
(55, 57, "2018-01-01"), 
(54, 57, "2018-01-01"), 
(49, 50, "2018-01-01"), 
(103, 66, "2018-01-01"), 
(50, 66, "2018-01-01"), 
(56, 57, "2018-01-01"), 
(80, 57, "2018-01-01"), 
(57, 66, "2018-01-01"), 
(66, 67, "2018-01-01"), 
(60, 57, "2018-01-01"), 
(37, 38, "2018-01-01"), 
(38, 48, "2018-01-01"), 
(40, 48, "2018-01-01"), 
(41, 48, "2018-01-01"), 
(44, 48, "2018-01-01"), 
(10, 16, "2018-01-01"), 
(36, 37, "2018-01-01"), 
(7, 10, "2018-01-01"), 
(69, 10, "2018-01-01"), 
(26, 27, "2018-01-01"), 
(25, 29, "2018-01-01"), 
(30, 29, "2018-01-01"), 
(28, 29, "2018-01-01"), 
(33, 29, "2018-01-01"), 
(52, 51, "2018-01-01"), 
(59, 80, "2018-01-01"), 
(58, 57, "2018-01-01"), 
(42, 41, "2018-01-01"), 
(47, 102, "2018-01-01"), 
(70, 73, "2018-01-01"), 
(71, 70, "2018-01-01"), 
(72, 70, "2018-01-01"), 
(5, 10, "2019-01-01"), 
(2, 10, "2019-01-01"), 
(6, 10, "2019-01-01"), 
(8, 10, "2019-01-01"), 
(9, 10, "2019-01-01"), 
(1, 10, "2019-01-01"), 
(3, 10, "2019-01-01"), 
(74, 10, "2019-01-01"), 
(62, 10, "2019-01-01"), 
(11, 10, "2019-01-01"), 
(61, 10, "2019-01-01"), 
(12, 10, "2019-01-01"), 
(13, 16, "2019-01-01"), 
(63, 13, "2019-01-01"), 
(31, 68, "2019-01-01"), 
(29, 31, "2019-01-01"), 
(27, 31, "2019-01-01"), 
(35, 31, "2019-01-01"), 
(34, 31, "2019-01-01"), 
(32, 29, "2019-01-01"), 
(17, 19, "2019-01-01"), 
(21, 16, "2019-01-01"), 
(18, 17, "2019-01-01"), 
(65, 64, "2019-01-01"), 
(22, 16, "2019-01-01"), 
(19, 65, "2019-01-01"), 
(93, 16, "2019-01-01"), 
(92, 16, "2019-01-01"), 
(20, 65, "2019-01-01"), 
(23, 16, "2019-01-01"), 
(24, 16, "2019-01-01"), 
(78, 16, "2019-01-01"), 
(100, 16, "2019-01-01"), 
(101, 76, "2019-01-01"), 
(88, 76, "2019-01-01"), 
(77, 88, "2019-01-01"), 
(76, 13, "2019-01-01"), 
(16, 65, "2019-01-01"), 
(14, 16, "2019-01-01"), 
(102, 48, "2019-01-01"), 
(48, 66, "2019-01-01"), 
(51, 50, "2019-01-01"), 
(53, 50, "2019-01-01"), 
(55, 57, "2019-01-01"), 
(54, 57, "2019-01-01"), 
(49, 50, "2019-01-01"), 
(103, 66, "2019-01-01"), 
(50, 66, "2019-01-01"), 
(56, 57, "2019-01-01"), 
(80, 57, "2019-01-01"), 
(57, 66, "2019-01-01"), 
(66, 67, "2019-01-01"), 
(60, 57, "2019-01-01"), 
(37, 38, "2019-01-01"), 
(38, 48, "2019-01-01"), 
(40, 48, "2019-01-01"), 
(41, 48, "2019-01-01"), 
(44, 48, "2019-01-01"), 
(10, 16, "2019-01-01"), 
(36, 37, "2019-01-01"), 
(7, 10, "2019-01-01"), 
(69, 10, "2019-01-01"), 
(26, 27, "2019-01-01"), 
(25, 29, "2019-01-01"), 
(30, 29, "2019-01-01"), 
(28, 29, "2019-01-01"), 
(33, 29, "2019-01-01"), 
(52, 51, "2019-01-01"), 
(59, 80, "2019-01-01"), 
(58, 57, "2019-01-01"), 
(42, 41, "2019-01-01"), 
(47, 102, "2019-01-01"), 
(70, 73, "2019-01-01"), 
(71, 70, "2019-01-01"), 
(72, 70, "2019-01-01"), 
(5, 10, "2020-01-01"), 
(2, 10, "2020-01-01"), 
(6, 10, "2020-01-01"), 
(8, 10, "2020-01-01"), 
(9, 10, "2020-01-01"), 
(1, 10, "2020-01-01"), 
(3, 10, "2020-01-01"), 
(74, 10, "2020-01-01"), 
(62, 10, "2020-01-01"), 
(11, 10, "2020-01-01"), 
(61, 10, "2020-01-01"), 
(12, 10, "2020-01-01"), 
(13, 16, "2020-01-01"), 
(63, 13, "2020-01-01"), 
(31, 68, "2020-01-01"), 
(29, 31, "2020-01-01"), 
(27, 31, "2020-01-01"), 
(35, 31, "2020-01-01"), 
(34, 31, "2020-01-01"), 
(32, 29, "2020-01-01"), 
(17, 19, "2020-01-01"), 
(21, 16, "2020-01-01"), 
(18, 17, "2020-01-01"), 
(65, 64, "2020-01-01"), 
(22, 16, "2020-01-01"), 
(19, 65, "2020-01-01"), 
(93, 16, "2020-01-01"), 
(92, 16, "2020-01-01"), 
(20, 65, "2020-01-01"), 
(23, 16, "2020-01-01"), 
(24, 16, "2020-01-01"), 
(78, 16, "2020-01-01"), 
(100, 16, "2020-01-01"), 
(101, 76, "2020-01-01"), 
(88, 76, "2020-01-01"), 
(77, 88, "2020-01-01"), 
(76, 13, "2020-01-01"), 
(16, 65, "2020-01-01"), 
(14, 16, "2020-01-01"), 
(102, 48, "2020-01-01"), 
(48, 66, "2020-01-01"), 
(51, 50, "2020-01-01"), 
(53, 50, "2020-01-01"), 
(55, 57, "2020-01-01"), 
(54, 57, "2020-01-01"), 
(49, 50, "2020-01-01"), 
(103, 66, "2020-01-01"), 
(50, 66, "2020-01-01"), 
(56, 57, "2020-01-01"), 
(80, 57, "2020-01-01"), 
(57, 66, "2020-01-01"), 
(66, 67, "2020-01-01"), 
(60, 57, "2020-01-01"), 
(37, 38, "2020-01-01"), 
(38, 48, "2020-01-01"), 
(40, 48, "2020-01-01"), 
(41, 48, "2020-01-01"), 
(44, 48, "2020-01-01"), 
(10, 16, "2020-01-01"), 
(36, 37, "2020-01-01"), 
(7, 10, "2020-01-01"), 
(69, 10, "2020-01-01"), 
(26, 27, "2020-01-01"), 
(25, 29, "2020-01-01"), 
(30, 29, "2020-01-01"), 
(28, 29, "2020-01-01"), 
(33, 29, "2020-01-01"), 
(52, 51, "2020-01-01"), 
(59, 80, "2020-01-01"), 
(58, 57, "2020-01-01"), 
(42, 41, "2020-01-01"), 
(47, 102, "2020-01-01"), 
(70, 73, "2020-01-01"), 
(71, 70, "2020-01-01"), 
(72, 70, "2020-01-01"), 
(5, 10, "2021-01-01"), 
(2, 10, "2021-01-01"), 
(6, 10, "2021-01-01"), 
(8, 10, "2021-01-01"), 
(9, 10, "2021-01-01"), 
(1, 10, "2021-01-01"), 
(3, 10, "2021-01-01"), 
(74, 10, "2021-01-01"), 
(62, 10, "2021-01-01"), 
(11, 10, "2021-01-01"), 
(61, 10, "2021-01-01"), 
(12, 10, "2021-01-01"), 
(13, 16, "2021-01-01"), 
(63, 13, "2021-01-01"), 
(31, 68, "2021-01-01"), 
(29, 31, "2021-01-01"), 
(27, 31, "2021-01-01"), 
(35, 31, "2021-01-01"), 
(34, 31, "2021-01-01"), 
(32, 29, "2021-01-01"), 
(17, 19, "2021-01-01"), 
(21, 16, "2021-01-01"), 
(18, 17, "2021-01-01"), 
(65, 64, "2021-01-01"), 
(22, 16, "2021-01-01"), 
(19, 65, "2021-01-01"), 
(93, 16, "2021-01-01"), 
(92, 16, "2021-01-01"), 
(20, 65, "2021-01-01"), 
(23, 16, "2021-01-01"), 
(24, 16, "2021-01-01"), 
(78, 16, "2021-01-01"), 
(100, 16, "2021-01-01"), 
(101, 76, "2021-01-01"), 
(88, 76, "2021-01-01"), 
(77, 88, "2021-01-01"), 
(76, 13, "2021-01-01"), 
(16, 65, "2021-01-01"), 
(14, 16, "2021-01-01"), 
(102, 48, "2021-01-01"), 
(48, 66, "2021-01-01"), 
(51, 50, "2021-01-01"), 
(53, 50, "2021-01-01"), 
(55, 57, "2021-01-01"), 
(54, 57, "2021-01-01"), 
(49, 50, "2021-01-01"), 
(103, 66, "2021-01-01"), 
(50, 66, "2021-01-01"), 
(56, 57, "2021-01-01"), 
(80, 57, "2021-01-01"), 
(57, 66, "2021-01-01"), 
(66, 67, "2021-01-01"), 
(60, 57, "2021-01-01"), 
(37, 38, "2021-01-01"), 
(38, 48, "2021-01-01"), 
(40, 48, "2021-01-01"), 
(41, 48, "2021-01-01"), 
(44, 48, "2021-01-01"), 
(10, 16, "2021-01-01"), 
(36, 37, "2021-01-01"), 
(7, 10, "2021-01-01"), 
(69, 10, "2021-01-01"), 
(26, 27, "2021-01-01"), 
(25, 29, "2021-01-01"), 
(30, 29, "2021-01-01"), 
(28, 29, "2021-01-01"), 
(33, 29, "2021-01-01"), 
(52, 51, "2021-01-01"), 
(59, 80, "2021-01-01"), 
(58, 57, "2021-01-01"), 
(42, 41, "2021-01-01"), 
(47, 102, "2021-01-01"), 
(70, 73, "2021-01-01"), 
(71, 70, "2021-01-01"), 
(72, 70, "2021-01-01"), 
(5, 10, "2022-01-01"), 
(2, 10, "2022-01-01"), 
(6, 10, "2022-01-01"), 
(8, 10, "2022-01-01"), 
(9, 10, "2022-01-01"), 
(1, 10, "2022-01-01"), 
(3, 10, "2022-01-01"), 
(74, 10, "2022-01-01"), 
(62, 10, "2022-01-01"), 
(11, 10, "2022-01-01"), 
(61, 10, "2022-01-01"), 
(12, 10, "2022-01-01"), 
(13, 16, "2022-01-01"), 
(63, 13, "2022-01-01"), 
(31, 68, "2022-01-01"), 
(29, 31, "2022-01-01"), 
(27, 31, "2022-01-01"), 
(35, 31, "2022-01-01"), 
(34, 31, "2022-01-01"), 
(32, 29, "2022-01-01"), 
(17, 19, "2022-01-01"), 
(21, 16, "2022-01-01"), 
(18, 17, "2022-01-01"), 
(65, 64, "2022-01-01"), 
(22, 16, "2022-01-01"), 
(19, 65, "2022-01-01"), 
(93, 16, "2022-01-01"), 
(92, 16, "2022-01-01"), 
(20, 65, "2022-01-01"), 
(23, 16, "2022-01-01"), 
(24, 16, "2022-01-01"), 
(78, 16, "2022-01-01"), 
(100, 16, "2022-01-01"), 
(101, 76, "2022-01-01"), 
(88, 76, "2022-01-01"), 
(77, 88, "2022-01-01"), 
(76, 13, "2022-01-01"), 
(16, 65, "2022-01-01"), 
(14, 16, "2022-01-01"), 
(102, 48, "2022-01-01"), 
(48, 66, "2022-01-01"), 
(51, 50, "2022-01-01"), 
(53, 50, "2022-01-01"), 
(55, 57, "2022-01-01"), 
(54, 57, "2022-01-01"), 
(49, 50, "2022-01-01"), 
(103, 66, "2022-01-01"), 
(50, 66, "2022-01-01"), 
(56, 57, "2022-01-01"), 
(80, 57, "2022-01-01"), 
(57, 66, "2022-01-01"), 
(66, 67, "2022-01-01"), 
(60, 57, "2022-01-01"), 
(37, 38, "2022-01-01"), 
(38, 48, "2022-01-01"), 
(40, 48, "2022-01-01"), 
(41, 48, "2022-01-01"), 
(44, 48, "2022-01-01"), 
(10, 16, "2022-01-01"), 
(36, 37, "2022-01-01"), 
(7, 10, "2022-01-01"), 
(69, 10, "2022-01-01"), 
(26, 27, "2022-01-01"), 
(25, 29, "2022-01-01"), 
(30, 29, "2022-01-01"), 
(28, 29, "2022-01-01"), 
(33, 29, "2022-01-01"), 
(52, 51, "2022-01-01"), 
(59, 80, "2022-01-01"), 
(58, 57, "2022-01-01"), 
(42, 41, "2022-01-01"), 
(47, 102, "2022-01-01"), 
(70, 73, "2022-01-01"), 
(71, 70, "2022-01-01"), 
(72, 70, "2022-01-01"), 
(5, 10, "2023-01-01"), 
(2, 10, "2023-01-01"), 
(6, 10, "2023-01-01"), 
(8, 10, "2023-01-01"), 
(9, 10, "2023-01-01"), 
(1, 10, "2023-01-01"), 
(3, 10, "2023-01-01"), 
(74, 10, "2023-01-01"), 
(62, 10, "2023-01-01"), 
(11, 10, "2023-01-01"), 
(61, 10, "2023-01-01"), 
(12, 10, "2023-01-01"), 
(13, 16, "2023-01-01"), 
(63, 13, "2023-01-01"), 
(31, 68, "2023-01-01"), 
(29, 31, "2023-01-01"), 
(27, 31, "2023-01-01"), 
(35, 31, "2023-01-01"), 
(34, 31, "2023-01-01"), 
(32, 29, "2023-01-01"), 
(17, 19, "2023-01-01"), 
(21, 16, "2023-01-01"), 
(18, 17, "2023-01-01"), 
(65, 64, "2023-01-01"), 
(22, 16, "2023-01-01"), 
(19, 65, "2023-01-01"), 
(93, 16, "2023-01-01"), 
(92, 16, "2023-01-01"), 
(20, 65, "2023-01-01"), 
(23, 16, "2023-01-01"), 
(24, 16, "2023-01-01"), 
(78, 16, "2023-01-01"), 
(100, 16, "2023-01-01"), 
(101, 76, "2023-01-01"), 
(88, 76, "2023-01-01"), 
(77, 88, "2023-01-01"), 
(76, 13, "2023-01-01"), 
(16, 65, "2023-01-01"), 
(14, 16, "2023-01-01"), 
(102, 48, "2023-01-01"), 
(48, 66, "2023-01-01"), 
(51, 50, "2023-01-01"), 
(53, 50, "2023-01-01"), 
(55, 57, "2023-01-01"), 
(54, 57, "2023-01-01"), 
(49, 50, "2023-01-01"), 
(103, 66, "2023-01-01"), 
(50, 66, "2023-01-01"), 
(56, 57, "2023-01-01"), 
(80, 57, "2023-01-01"), 
(57, 66, "2023-01-01"), 
(66, 67, "2023-01-01"), 
(60, 57, "2023-01-01"), 
(37, 38, "2023-01-01"), 
(38, 48, "2023-01-01"), 
(40, 48, "2023-01-01"), 
(41, 48, "2023-01-01"), 
(44, 48, "2023-01-01"), 
(10, 16, "2023-01-01"), 
(36, 37, "2023-01-01"), 
(7, 10, "2023-01-01"), 
(69, 10, "2023-01-01"), 
(26, 27, "2023-01-01"), 
(25, 29, "2023-01-01"), 
(30, 29, "2023-01-01"), 
(28, 29, "2023-01-01"), 
(33, 29, "2023-01-01"), 
(52, 51, "2023-01-01"), 
(59, 80, "2023-01-01"), 
(58, 57, "2023-01-01"), 
(42, 41, "2023-01-01"), 
(47, 102, "2023-01-01"), 
(70, 73, "2023-01-01"), 
(71, 70, "2023-01-01"), 
(72, 70, "2023-01-01"), 
(5, 10, "2024-01-01"), 
(2, 10, "2024-01-01"), 
(6, 10, "2024-01-01"), 
(8, 10, "2024-01-01"), 
(9, 10, "2024-01-01"), 
(1, 10, "2024-01-01"), 
(3, 10, "2024-01-01"), 
(74, 10, "2024-01-01"), 
(62, 10, "2024-01-01"), 
(11, 10, "2024-01-01"), 
(61, 10, "2024-01-01"), 
(12, 10, "2024-01-01"), 
(13, 16, "2024-01-01"), 
(63, 13, "2024-01-01"), 
(31, 68, "2024-01-01"), 
(29, 31, "2024-01-01"), 
(27, 31, "2024-01-01"), 
(35, 31, "2024-01-01"), 
(34, 31, "2024-01-01"), 
(32, 29, "2024-01-01"), 
(17, 19, "2024-01-01"), 
(21, 16, "2024-01-01"), 
(18, 17, "2024-01-01"), 
(65, 64, "2024-01-01"), 
(22, 16, "2024-01-01"), 
(19, 65, "2024-01-01"), 
(93, 16, "2024-01-01"), 
(92, 16, "2024-01-01"), 
(20, 65, "2024-01-01"), 
(23, 16, "2024-01-01"), 
(24, 16, "2024-01-01"), 
(78, 16, "2024-01-01"), 
(100, 16, "2024-01-01"), 
(101, 76, "2024-01-01"), 
(88, 76, "2024-01-01"), 
(77, 88, "2024-01-01"), 
(76, 13, "2024-01-01"), 
(16, 65, "2024-01-01"), 
(14, 16, "2024-01-01"), 
(102, 48, "2024-01-01"), 
(48, 66, "2024-01-01"), 
(51, 50, "2024-01-01"), 
(53, 50, "2024-01-01"), 
(55, 57, "2024-01-01"), 
(54, 57, "2024-01-01"), 
(49, 50, "2024-01-01"), 
(103, 66, "2024-01-01"), 
(50, 66, "2024-01-01"), 
(56, 57, "2024-01-01"), 
(80, 57, "2024-01-01"), 
(57, 66, "2024-01-01"), 
(66, 67, "2024-01-01"), 
(60, 57, "2024-01-01"), 
(37, 38, "2024-01-01"), 
(38, 48, "2024-01-01"), 
(40, 48, "2024-01-01"), 
(41, 48, "2024-01-01"), 
(44, 48, "2024-01-01"), 
(10, 16, "2024-01-01"), 
(36, 37, "2024-01-01"), 
(7, 10, "2024-01-01"), 
(69, 10, "2024-01-01"), 
(26, 27, "2024-01-01"), 
(25, 29, "2024-01-01"), 
(30, 29, "2024-01-01"), 
(28, 29, "2024-01-01"), 
(33, 29, "2024-01-01"), 
(52, 51, "2024-01-01"), 
(59, 80, "2024-01-01"), 
(58, 57, "2024-01-01"), 
(42, 41, "2024-01-01"), 
(47, 102, "2024-01-01"), 
(70, 73, "2024-01-01"), 
(71, 70, "2024-01-01"), 
(72, 70, "2024-01-01"), 
(5, 10, "2025-01-01"), 
(2, 10, "2025-01-01"), 
(6, 10, "2025-01-01"), 
(8, 10, "2025-01-01"), 
(9, 10, "2025-01-01"), 
(1, 10, "2025-01-01"), 
(3, 10, "2025-01-01"), 
(74, 10, "2025-01-01"), 
(62, 10, "2025-01-01"), 
(11, 10, "2025-01-01"), 
(61, 10, "2025-01-01"), 
(12, 10, "2025-01-01"), 
(13, 16, "2025-01-01"), 
(63, 13, "2025-01-01"), 
(31, 68, "2025-01-01"), 
(29, 31, "2025-01-01"), 
(27, 31, "2025-01-01"), 
(35, 31, "2025-01-01"), 
(34, 31, "2025-01-01"), 
(32, 29, "2025-01-01"), 
(17, 19, "2025-01-01"), 
(21, 16, "2025-01-01"), 
(18, 17, "2025-01-01"), 
(65, 64, "2025-01-01"), 
(22, 16, "2025-01-01"), 
(19, 65, "2025-01-01"), 
(93, 16, "2025-01-01"), 
(92, 16, "2025-01-01"), 
(20, 65, "2025-01-01"), 
(23, 16, "2025-01-01"), 
(24, 16, "2025-01-01"), 
(78, 16, "2025-01-01"), 
(100, 16, "2025-01-01"), 
(101, 76, "2025-01-01"), 
(88, 76, "2025-01-01"), 
(77, 88, "2025-01-01"), 
(76, 13, "2025-01-01"), 
(16, 65, "2025-01-01"), 
(14, 16, "2025-01-01"), 
(102, 48, "2025-01-01"), 
(48, 66, "2025-01-01"), 
(51, 50, "2025-01-01"), 
(53, 50, "2025-01-01"), 
(55, 57, "2025-01-01"), 
(54, 57, "2025-01-01"), 
(49, 50, "2025-01-01"), 
(103, 66, "2025-01-01"), 
(50, 66, "2025-01-01"), 
(56, 57, "2025-01-01"), 
(80, 57, "2025-01-01"), 
(57, 66, "2025-01-01"), 
(66, 67, "2025-01-01"), 
(60, 57, "2025-01-01"), 
(37, 38, "2025-01-01"), 
(38, 48, "2025-01-01"), 
(40, 48, "2025-01-01"), 
(41, 48, "2025-01-01"), 
(44, 48, "2025-01-01"), 
(10, 16, "2025-01-01"), 
(36, 37, "2025-01-01"), 
(7, 10, "2025-01-01"), 
(69, 10, "2025-01-01"), 
(26, 27, "2025-01-01"), 
(25, 29, "2025-01-01"), 
(30, 29, "2025-01-01"), 
(28, 29, "2025-01-01"), 
(33, 29, "2025-01-01"), 
(52, 51, "2025-01-01"), 
(59, 80, "2025-01-01"), 
(58, 57, "2025-01-01"), 
(42, 41, "2025-01-01"), 
(47, 102, "2025-01-01"), 
(70, 73, "2025-01-01"), 
(71, 70, "2025-01-01"), 
(72, 70, "2025-01-01"), 
(5, 10, "2026-01-01"), 
(2, 10, "2026-01-01"), 
(6, 10, "2026-01-01"), 
(8, 10, "2026-01-01"), 
(9, 10, "2026-01-01"), 
(1, 10, "2026-01-01"), 
(3, 10, "2026-01-01"), 
(74, 10, "2026-01-01"), 
(62, 10, "2026-01-01"), 
(11, 10, "2026-01-01"), 
(61, 10, "2026-01-01"), 
(12, 10, "2026-01-01"), 
(13, 16, "2026-01-01"), 
(63, 13, "2026-01-01"), 
(31, 68, "2026-01-01"), 
(29, 31, "2026-01-01"), 
(27, 31, "2026-01-01"), 
(35, 31, "2026-01-01"), 
(34, 31, "2026-01-01"), 
(32, 29, "2026-01-01"), 
(17, 19, "2026-01-01"), 
(21, 16, "2026-01-01"), 
(18, 17, "2026-01-01"), 
(65, 64, "2026-01-01"), 
(22, 16, "2026-01-01"), 
(19, 65, "2026-01-01"), 
(93, 16, "2026-01-01"), 
(92, 16, "2026-01-01"), 
(20, 65, "2026-01-01"), 
(23, 16, "2026-01-01"), 
(24, 16, "2026-01-01"), 
(78, 16, "2026-01-01"), 
(100, 16, "2026-01-01"), 
(101, 76, "2026-01-01"), 
(88, 76, "2026-01-01"), 
(77, 88, "2026-01-01"), 
(76, 13, "2026-01-01"), 
(16, 65, "2026-01-01"), 
(14, 16, "2026-01-01"), 
(102, 48, "2026-01-01"), 
(48, 66, "2026-01-01"), 
(51, 50, "2026-01-01"), 
(53, 50, "2026-01-01"), 
(55, 57, "2026-01-01"), 
(54, 57, "2026-01-01"), 
(49, 50, "2026-01-01"), 
(103, 66, "2026-01-01"), 
(50, 66, "2026-01-01"), 
(56, 57, "2026-01-01"), 
(80, 57, "2026-01-01"), 
(57, 66, "2026-01-01"), 
(66, 67, "2026-01-01"), 
(60, 57, "2026-01-01"), 
(37, 38, "2026-01-01"), 
(38, 48, "2026-01-01"), 
(40, 48, "2026-01-01"), 
(41, 48, "2026-01-01"), 
(44, 48, "2026-01-01"), 
(10, 16, "2026-01-01"), 
(36, 37, "2026-01-01"), 
(7, 10, "2026-01-01"), 
(69, 10, "2026-01-01"), 
(26, 27, "2026-01-01"), 
(25, 29, "2026-01-01"), 
(30, 29, "2026-01-01"), 
(28, 29, "2026-01-01"), 
(33, 29, "2026-01-01"), 
(52, 51, "2026-01-01"), 
(59, 80, "2026-01-01"), 
(58, 57, "2026-01-01"), 
(42, 41, "2026-01-01"), 
(47, 102, "2026-01-01"), 
(70, 73, "2026-01-01"), 
(71, 70, "2026-01-01"), 
(72, 70, "2026-01-01"), 
(5, 10, "2027-01-01"), 
(2, 10, "2027-01-01"), 
(6, 10, "2027-01-01"), 
(8, 10, "2027-01-01"), 
(9, 10, "2027-01-01"), 
(1, 10, "2027-01-01"), 
(3, 10, "2027-01-01"), 
(74, 10, "2027-01-01"), 
(62, 10, "2027-01-01"), 
(11, 10, "2027-01-01"), 
(61, 10, "2027-01-01"), 
(12, 10, "2027-01-01"), 
(13, 16, "2027-01-01"), 
(63, 13, "2027-01-01"), 
(31, 68, "2027-01-01"), 
(29, 31, "2027-01-01"), 
(27, 31, "2027-01-01"), 
(35, 31, "2027-01-01"), 
(34, 31, "2027-01-01"), 
(32, 29, "2027-01-01"), 
(17, 19, "2027-01-01"), 
(21, 16, "2027-01-01"), 
(18, 17, "2027-01-01"), 
(65, 64, "2027-01-01"), 
(22, 16, "2027-01-01"), 
(19, 65, "2027-01-01"), 
(93, 16, "2027-01-01"), 
(92, 16, "2027-01-01"), 
(20, 65, "2027-01-01"), 
(23, 16, "2027-01-01"), 
(24, 16, "2027-01-01"), 
(78, 16, "2027-01-01"), 
(100, 16, "2027-01-01"), 
(101, 76, "2027-01-01"), 
(88, 76, "2027-01-01"), 
(77, 88, "2027-01-01"), 
(76, 13, "2027-01-01"), 
(16, 65, "2027-01-01"), 
(14, 16, "2027-01-01"), 
(102, 48, "2027-01-01"), 
(48, 66, "2027-01-01"), 
(51, 50, "2027-01-01"), 
(53, 50, "2027-01-01"), 
(55, 57, "2027-01-01"), 
(54, 57, "2027-01-01"), 
(49, 50, "2027-01-01"), 
(103, 66, "2027-01-01"), 
(50, 66, "2027-01-01"), 
(56, 57, "2027-01-01"), 
(80, 57, "2027-01-01"), 
(57, 66, "2027-01-01"), 
(66, 67, "2027-01-01"), 
(60, 57, "2027-01-01"), 
(37, 38, "2027-01-01"), 
(38, 48, "2027-01-01"), 
(40, 48, "2027-01-01"), 
(41, 48, "2027-01-01"), 
(44, 48, "2027-01-01"), 
(10, 16, "2027-01-01"), 
(36, 37, "2027-01-01"), 
(7, 10, "2027-01-01"), 
(69, 10, "2027-01-01"), 
(26, 27, "2027-01-01"), 
(25, 29, "2027-01-01"), 
(30, 29, "2027-01-01"), 
(28, 29, "2027-01-01"), 
(33, 29, "2027-01-01"), 
(52, 51, "2027-01-01"), 
(59, 80, "2027-01-01"), 
(58, 57, "2027-01-01"), 
(42, 41, "2027-01-01"), 
(47, 102, "2027-01-01"), 
(70, 73, "2027-01-01"), 
(71, 70, "2027-01-01"), 
(72, 70, "2027-01-01"), 
(5, 10, "2028-01-01"), 
(2, 10, "2028-01-01"), 
(6, 10, "2028-01-01"), 
(8, 10, "2028-01-01"), 
(9, 10, "2028-01-01"), 
(1, 10, "2028-01-01"), 
(3, 10, "2028-01-01"), 
(74, 10, "2028-01-01"), 
(62, 10, "2028-01-01"), 
(11, 10, "2028-01-01"), 
(61, 10, "2028-01-01"), 
(12, 10, "2028-01-01"), 
(13, 16, "2028-01-01"), 
(63, 13, "2028-01-01"), 
(31, 68, "2028-01-01"), 
(29, 31, "2028-01-01"), 
(27, 31, "2028-01-01"), 
(35, 31, "2028-01-01"), 
(34, 31, "2028-01-01"), 
(32, 29, "2028-01-01"), 
(17, 19, "2028-01-01"), 
(21, 16, "2028-01-01"), 
(18, 17, "2028-01-01"), 
(65, 64, "2028-01-01"), 
(22, 16, "2028-01-01"), 
(19, 65, "2028-01-01"), 
(93, 16, "2028-01-01"), 
(92, 16, "2028-01-01"), 
(20, 65, "2028-01-01"), 
(23, 16, "2028-01-01"), 
(24, 16, "2028-01-01"), 
(78, 16, "2028-01-01"), 
(100, 16, "2028-01-01"), 
(101, 76, "2028-01-01"), 
(88, 76, "2028-01-01"), 
(77, 88, "2028-01-01"), 
(76, 13, "2028-01-01"), 
(16, 65, "2028-01-01"), 
(14, 16, "2028-01-01"), 
(102, 48, "2028-01-01"), 
(48, 66, "2028-01-01"), 
(51, 50, "2028-01-01"), 
(53, 50, "2028-01-01"), 
(55, 57, "2028-01-01"), 
(54, 57, "2028-01-01"), 
(49, 50, "2028-01-01"), 
(103, 66, "2028-01-01"), 
(50, 66, "2028-01-01"), 
(56, 57, "2028-01-01"), 
(80, 57, "2028-01-01"), 
(57, 66, "2028-01-01"), 
(66, 67, "2028-01-01"), 
(60, 57, "2028-01-01"), 
(37, 38, "2028-01-01"), 
(38, 48, "2028-01-01"), 
(40, 48, "2028-01-01"), 
(41, 48, "2028-01-01"), 
(44, 48, "2028-01-01"), 
(10, 16, "2028-01-01"), 
(36, 37, "2028-01-01"), 
(7, 10, "2028-01-01"), 
(69, 10, "2028-01-01"), 
(26, 27, "2028-01-01"), 
(25, 29, "2028-01-01"), 
(30, 29, "2028-01-01"), 
(28, 29, "2028-01-01"), 
(33, 29, "2028-01-01"), 
(52, 51, "2028-01-01"), 
(59, 80, "2028-01-01"), 
(58, 57, "2028-01-01"), 
(42, 41, "2028-01-01"), 
(47, 102, "2028-01-01"), 
(70, 73, "2028-01-01"), 
(71, 70, "2028-01-01"), 
(72, 70, "2028-01-01");

INSERT INTO dns_kns_relations (kns_id, dns_id, source_priority, consumer_priority, `year`) VALUES 
(1, 1, 1, 2, "2018-01-01"), 
(1, 2, 2, 2, "2018-01-01"), 
(2, 1, 1, 1, "2018-01-01"), 
(3, 3, 1, 1, "2018-01-01"), 
(3, 2, 2, 5, "2018-01-01"), 
(4, 2, 1, 1, "2018-01-01"), 
(5, 2, 1, 3, "2018-01-01"), 
(6, 2, 1, 4, "2018-01-01"), 
(6, 5, 2, 3, "2018-01-01"), 
(7, 5, 1, 2, "2018-01-01"), 
(7, 2, 2, 6, "2018-01-01"), 
(8, 5, 1, 1, "2018-01-01"), 
(9, 6, 1, 1, "2018-01-01"), 
(10, 6, 1, 2, "2018-01-01"), 
(11, 6, 1, 3, "2018-01-01"), 
(11, 7, 2, 2, "2018-01-01"), 
(12, 6, 1, 4, "2018-01-01"), 
(12, 7, 2, 1, "2018-01-01"), 
(13, 8, 1, 1, "2018-01-01"), 
(14, 8, 1, 2, "2018-01-01"), 
(15, 9, 1, 1, "2018-01-01"), 
(16, 10, 1, 3, "2018-01-01"), 
(17, 10, 1, 2, "2018-01-01"), 
(18, 10, 1, 1, "2018-01-01"), 
(19, 11, 1, 1, "2018-01-01"), 
(19, 10, 2, 4, "2018-01-01"), 
(20, 11, 1, 2, "2018-01-01"), 
(20, 10, 2, 5, "2018-01-01"), 
(21, 12, 1, 1, "2018-01-01"), 
(21, 10, 2, 7, "2018-01-01"), 
(22, 10, 1, 6, "2018-01-01"), 
(23, 13, 1, 3, "2018-01-01"), 
(23, 10, 2, 8, "2018-01-01"), 
(24, 13, 1, 1, "2018-01-01"), 
(25, 13, 1, 2, "2018-01-01"), 
(26, 14, 1, 1, "2018-01-01"), 
(26, 10, 2, 9, "2018-01-01"), 
(26, 16, 3, 5, "2018-01-01"), 
(27, 10, 2, 10, "2018-01-01"), 
(27, 16, 1, 4, "2018-01-01"), 
(28, 16, 1, 3, "2018-01-01"), 
(28, 10, 2, 11, "2018-01-01"), 
(29, 16, 1, 1, "2018-01-01"), 
(29, 10, 2, 13, "2018-01-01"), 
(30, 16, 1, 2, "2018-01-01"), 
(30, 10, 2, 12, "2018-01-01"), 
(31, 17, 1, 1, "2018-01-01"), 
(32, 17, 1, 2, "2018-01-01"), 
(33, 17, 1, 3, "2018-01-01"), 
(34, 18, 1, 1, "2018-01-01"), 
(35, 19, 1, 1, "2018-01-01"), 
(36, 20, 1, 1, "2018-01-01"), 
(37, 20, 1, 2, "2018-01-01"), 
(38, 21, 1, 1, "2018-01-01"), 
(39, 21, 1, 2, "2018-01-01"), 
(40, 21, 2, 3, "2018-01-01"), 
(39, 22, 2, 2, "2018-01-01"), 
(40, 22, 1, 1, "2018-01-01"), 
(39, 16, 3, 8, "2018-01-01"), 
(40, 16, 3, 7, "2018-01-01"), 
(41, 16, 2, 6, "2018-01-01"), 
(41, 23, 1, 1, "2018-01-01"), 
(42, 24, 1, 1, "2018-01-01"), 
(43, 24, 1, 2, "2018-01-01"), 
(44, 25, 1, 1, "2018-01-01"), 
(45, 25, 1, 3, "2018-01-01"), 
(46, 25, 1, 2, "2018-01-01"), 
(47, 26, 1, 1, "2018-01-01"), 
(48, 27, 2, 1, "2018-01-01"), 
(48, 28, 1, 1, "2018-01-01"), 
(49, 27, 2, 2, "2018-01-01"), 
(49, 29, 1, 6, "2018-01-01"), 
(50, 27, 2, 3, "2018-01-01"), 
(50, 30, 1, 1, "2018-01-01"), 
(47, 27, 2, 4, "2018-01-01"), 
(45, 27, 2, 5, "2018-01-01"), 
(46, 27, 2, 6, "2018-01-01"), 
(51, 31, 1, 1, "2018-01-01"), 
(110, 31, 1, 2, "2018-01-01"), 
(53, 32, 1, 1, "2018-01-01"), 
(54, 32, 1, 2, "2018-01-01"), 
(55, 33, 1, 1, "2018-01-01"), 
(56, 29, 1, 1, "2018-01-01"), 
(57, 29, 1, 2, "2018-01-01"), 
(58, 29, 1, 3, "2018-01-01"), 
(59, 29, 1, 4, "2018-01-01"), 
(60, 29, 1, 5, "2018-01-01"), 
(60, 34, 2, 3, "2018-01-01"), 
(61, 34, 1, 1, "2018-01-01"), 
(62, 34, 1, 2, "2018-01-01"), 
(63, 35, 1, 1, "2018-01-01"), 
(64, 35, 1, 2, "2018-01-01"), 
(66, 36, 1, 1, "2018-01-01"), 
(67, 36, 1, 2, "2018-01-01"), 
(67, 37, 2, 3, "2018-01-01"), 
(68, 37, 1, 1, "2018-01-01"), 
(69, 37, 1, 2, "2018-01-01"), 
(70, 38, 1, 1, "2018-01-01"), 
(71, 38, 1, 2, "2018-01-01"), 
(72, 38, 1, 3, "2018-01-01"), 
(10, 38, 3, 4, "2018-01-01"), 
(74, 38, 3, 5, "2018-01-01"), 
(10, 40, 1, 2, "2018-01-01"), 
(74, 40, 1, 1, "2018-01-01"), 
(75, 40, 1, 3, "2018-01-01"), 
(76, 40, 1, 4, "2018-01-01"), 
(75, 41, 2, 2, "2018-01-01"), 
(76, 41, 2, 3, "2018-01-01"), 
(77, 41, 1, 1, "2018-01-01"), 
(78, 42, 1, 1, "2018-01-01"), 
(79, 44, 1, 1, "2018-01-01"), 
(80, 44, 1, 2, "2018-01-01"), 
(81, 44, 1, 3, "2018-01-01"), 
(52, 44, 1, 4, "2018-01-01"), 
(83, 47, 1, 1, "2018-01-01"), 
(76, 47, 1, 2, "2018-01-01"), 
(85, 47, 1, 3, "2018-01-01"), 
(85, 48, 2, 4, "2018-01-01"), 
(76, 48, 2, 3, "2018-01-01"), 
(83, 48, 2, 2, "2018-01-01"), 
(86, 48, 1, 1, "2018-01-01"), 
(87, 49, 1, 1, "2018-01-01"), 
(87, 50, 2, 1, "2018-01-01"), 
(88, 50, 2, 2, "2018-01-01"), 
(89, 50, 1, 3, "2018-01-01"), 
(90, 50, 1, 4, "2018-01-01"), 
(88, 51, 1, 1, "2018-01-01"), 
(91, 52, 1, 1, "2018-01-01"), 
(93, 53, 1, 1, "2018-01-01"), 
(92, 53, 1, 2, "2018-01-01"), 
(94, 54, 1, 1, "2018-01-01"), 
(21, 54, 1, 2, "2018-01-01"), 
(21, 55, 2, 3, "2018-01-01"), 
(4, 56, 1, 1, "2018-01-01"), 
(96, 57, 3, 5, "2018-01-01"), 
(97, 57, 2, 4, "2018-01-01"), 
(80, 57, 2, 3, "2018-01-01"), 
(99, 57, 2, 2, "2018-01-01"), 
(78, 57, 1, 1, "2018-01-01"), 
(96, 58, 1, 1, "2018-01-01"), 
(96, 59, 2, 4, "2018-01-01"), 
(97, 59, 1, 3, "2018-01-01"), 
(80, 59, 1, 2, "2018-01-01"), 
(99, 59, 1, 1, "2018-01-01"), 
(102, 60, 1, 1, "2018-01-01"), 
(111, 77, 1, 1, "2018-01-01"), 
(112, 88, 1, 1, "2018-01-01"), 
(103, 101, 1, 1, "2018-01-01"), 
(104, 101, 1, 2, "2018-01-01"), 
(1, 1, 1, 2, "2019-01-01"), 
(1, 2, 2, 2, "2019-01-01"), 
(2, 1, 1, 1, "2019-01-01"), 
(3, 3, 1, 1, "2019-01-01"), 
(3, 2, 2, 5, "2019-01-01"), 
(4, 2, 1, 1, "2019-01-01"), 
(5, 2, 1, 3, "2019-01-01"), 
(6, 2, 1, 4, "2019-01-01"), 
(6, 5, 2, 3, "2019-01-01"), 
(7, 5, 1, 2, "2019-01-01"), 
(7, 2, 2, 6, "2019-01-01"), 
(8, 5, 1, 1, "2019-01-01"), 
(9, 6, 1, 1, "2019-01-01"), 
(10, 6, 1, 2, "2019-01-01"), 
(11, 6, 1, 3, "2019-01-01"), 
(11, 7, 2, 2, "2019-01-01"), 
(12, 6, 1, 4, "2019-01-01"), 
(12, 7, 2, 1, "2019-01-01"), 
(13, 8, 1, 1, "2019-01-01"), 
(14, 8, 1, 2, "2019-01-01"), 
(15, 9, 1, 1, "2019-01-01"), 
(16, 10, 1, 3, "2019-01-01"), 
(17, 10, 1, 2, "2019-01-01"), 
(18, 10, 1, 1, "2019-01-01"), 
(19, 11, 1, 1, "2019-01-01"), 
(19, 10, 2, 4, "2019-01-01"), 
(20, 11, 1, 2, "2019-01-01"), 
(20, 10, 2, 5, "2019-01-01"), 
(21, 12, 1, 1, "2019-01-01"), 
(21, 10, 2, 7, "2019-01-01"), 
(22, 10, 1, 6, "2019-01-01"), 
(23, 13, 1, 3, "2019-01-01"), 
(23, 10, 2, 8, "2019-01-01"), 
(24, 13, 1, 1, "2019-01-01"), 
(25, 13, 1, 2, "2019-01-01"), 
(26, 14, 1, 1, "2019-01-01"), 
(26, 10, 2, 9, "2019-01-01"), 
(26, 16, 3, 5, "2019-01-01"), 
(27, 10, 2, 10, "2019-01-01"), 
(27, 16, 1, 4, "2019-01-01"), 
(28, 16, 1, 3, "2019-01-01"), 
(28, 10, 2, 11, "2019-01-01"), 
(29, 16, 1, 1, "2019-01-01"), 
(29, 10, 2, 13, "2019-01-01"), 
(30, 16, 1, 2, "2019-01-01"), 
(30, 10, 2, 12, "2019-01-01"), 
(31, 17, 1, 1, "2019-01-01"), 
(32, 17, 1, 2, "2019-01-01"), 
(33, 17, 1, 3, "2019-01-01"), 
(34, 18, 1, 1, "2019-01-01"), 
(35, 19, 1, 1, "2019-01-01"), 
(36, 20, 1, 1, "2019-01-01"), 
(37, 20, 1, 2, "2019-01-01"), 
(38, 21, 1, 1, "2019-01-01"), 
(39, 21, 1, 2, "2019-01-01"), 
(40, 21, 2, 3, "2019-01-01"), 
(39, 22, 2, 2, "2019-01-01"), 
(40, 22, 1, 1, "2019-01-01"), 
(39, 16, 3, 8, "2019-01-01"), 
(40, 16, 3, 7, "2019-01-01"), 
(41, 16, 2, 6, "2019-01-01"), 
(41, 23, 1, 1, "2019-01-01"), 
(42, 24, 1, 1, "2019-01-01"), 
(43, 24, 1, 2, "2019-01-01"), 
(44, 25, 1, 1, "2019-01-01"), 
(45, 25, 1, 3, "2019-01-01"), 
(46, 25, 1, 2, "2019-01-01"), 
(47, 26, 1, 1, "2019-01-01"), 
(48, 27, 2, 1, "2019-01-01"), 
(48, 28, 1, 1, "2019-01-01"), 
(49, 27, 2, 2, "2019-01-01"), 
(49, 29, 1, 6, "2019-01-01"), 
(50, 27, 2, 3, "2019-01-01"), 
(50, 30, 1, 1, "2019-01-01"), 
(47, 27, 2, 4, "2019-01-01"), 
(45, 27, 2, 5, "2019-01-01"), 
(46, 27, 2, 6, "2019-01-01"), 
(51, 31, 1, 1, "2019-01-01"), 
(110, 31, 1, 2, "2019-01-01"), 
(53, 32, 1, 1, "2019-01-01"), 
(54, 32, 1, 2, "2019-01-01"), 
(55, 33, 1, 1, "2019-01-01"), 
(56, 29, 1, 1, "2019-01-01"), 
(57, 29, 1, 2, "2019-01-01"), 
(58, 29, 1, 3, "2019-01-01"), 
(59, 29, 1, 4, "2019-01-01"), 
(60, 29, 1, 5, "2019-01-01"), 
(60, 34, 2, 3, "2019-01-01"), 
(61, 34, 1, 1, "2019-01-01"), 
(62, 34, 1, 2, "2019-01-01"), 
(63, 35, 1, 1, "2019-01-01"), 
(64, 35, 1, 2, "2019-01-01"), 
(66, 36, 1, 1, "2019-01-01"), 
(67, 36, 1, 2, "2019-01-01"), 
(67, 37, 2, 3, "2019-01-01"), 
(68, 37, 1, 1, "2019-01-01"), 
(69, 37, 1, 2, "2019-01-01"), 
(70, 38, 1, 1, "2019-01-01"), 
(71, 38, 1, 2, "2019-01-01"), 
(72, 38, 1, 3, "2019-01-01"), 
(10, 38, 3, 4, "2019-01-01"), 
(74, 38, 3, 5, "2019-01-01"), 
(10, 40, 1, 2, "2019-01-01"), 
(74, 40, 1, 1, "2019-01-01"), 
(75, 40, 1, 3, "2019-01-01"), 
(76, 40, 1, 4, "2019-01-01"), 
(75, 41, 2, 2, "2019-01-01"), 
(76, 41, 2, 3, "2019-01-01"), 
(77, 41, 1, 1, "2019-01-01"), 
(78, 42, 1, 1, "2019-01-01"), 
(79, 44, 1, 1, "2019-01-01"), 
(80, 44, 1, 2, "2019-01-01"), 
(81, 44, 1, 3, "2019-01-01"), 
(52, 44, 1, 4, "2019-01-01"), 
(83, 47, 1, 1, "2019-01-01"), 
(76, 47, 1, 2, "2019-01-01"), 
(85, 47, 1, 3, "2019-01-01"), 
(85, 48, 2, 4, "2019-01-01"), 
(76, 48, 2, 3, "2019-01-01"), 
(83, 48, 2, 2, "2019-01-01"), 
(86, 48, 1, 1, "2019-01-01"), 
(87, 49, 1, 1, "2019-01-01"), 
(87, 50, 2, 1, "2019-01-01"), 
(88, 50, 2, 2, "2019-01-01"), 
(89, 50, 1, 3, "2019-01-01"), 
(90, 50, 1, 4, "2019-01-01"), 
(88, 51, 1, 1, "2019-01-01"), 
(91, 52, 1, 1, "2019-01-01"), 
(93, 53, 1, 1, "2019-01-01"), 
(92, 53, 1, 2, "2019-01-01"), 
(94, 54, 1, 1, "2019-01-01"), 
(21, 54, 1, 2, "2019-01-01"), 
(21, 55, 2, 3, "2019-01-01"), 
(4, 56, 1, 1, "2019-01-01"), 
(96, 57, 3, 5, "2019-01-01"), 
(97, 57, 2, 4, "2019-01-01"), 
(80, 57, 2, 3, "2019-01-01"), 
(99, 57, 2, 2, "2019-01-01"), 
(78, 57, 1, 1, "2019-01-01"), 
(96, 58, 1, 1, "2019-01-01"), 
(96, 59, 2, 4, "2019-01-01"), 
(97, 59, 1, 3, "2019-01-01"), 
(80, 59, 1, 2, "2019-01-01"), 
(99, 59, 1, 1, "2019-01-01"), 
(102, 60, 1, 1, "2019-01-01"), 
(111, 77, 1, 1, "2019-01-01"), 
(112, 88, 1, 1, "2019-01-01"), 
(103, 101, 1, 1, "2019-01-01"), 
(104, 101, 1, 2, "2019-01-01"), 
(1, 1, 1, 2, "2020-01-01"), 
(1, 2, 2, 2, "2020-01-01"), 
(2, 1, 1, 1, "2020-01-01"), 
(3, 3, 1, 1, "2020-01-01"), 
(3, 2, 2, 5, "2020-01-01"), 
(4, 2, 1, 1, "2020-01-01"), 
(5, 2, 1, 3, "2020-01-01"), 
(6, 2, 1, 4, "2020-01-01"), 
(6, 5, 2, 3, "2020-01-01"), 
(7, 5, 1, 2, "2020-01-01"), 
(7, 2, 2, 6, "2020-01-01"), 
(8, 5, 1, 1, "2020-01-01"), 
(9, 6, 1, 1, "2020-01-01"), 
(10, 6, 1, 2, "2020-01-01"), 
(11, 6, 1, 3, "2020-01-01"), 
(11, 7, 2, 2, "2020-01-01"), 
(12, 6, 1, 4, "2020-01-01"), 
(12, 7, 2, 1, "2020-01-01"), 
(13, 8, 1, 1, "2020-01-01"), 
(14, 8, 1, 2, "2020-01-01"), 
(15, 9, 1, 1, "2020-01-01"), 
(16, 10, 1, 3, "2020-01-01"), 
(17, 10, 1, 2, "2020-01-01"), 
(18, 10, 1, 1, "2020-01-01"), 
(19, 11, 1, 1, "2020-01-01"), 
(19, 10, 2, 4, "2020-01-01"), 
(20, 11, 1, 2, "2020-01-01"), 
(20, 10, 2, 5, "2020-01-01"), 
(21, 12, 1, 1, "2020-01-01"), 
(21, 10, 2, 7, "2020-01-01"), 
(22, 10, 1, 6, "2020-01-01"), 
(23, 13, 1, 3, "2020-01-01"), 
(23, 10, 2, 8, "2020-01-01"), 
(24, 13, 1, 1, "2020-01-01"), 
(25, 13, 1, 2, "2020-01-01"), 
(26, 14, 1, 1, "2020-01-01"), 
(26, 10, 2, 9, "2020-01-01"), 
(26, 16, 3, 5, "2020-01-01"), 
(27, 10, 2, 10, "2020-01-01"), 
(27, 16, 1, 4, "2020-01-01"), 
(28, 16, 1, 3, "2020-01-01"), 
(28, 10, 2, 11, "2020-01-01"), 
(29, 16, 1, 1, "2020-01-01"), 
(29, 10, 2, 13, "2020-01-01"), 
(30, 16, 1, 2, "2020-01-01"), 
(30, 10, 2, 12, "2020-01-01"), 
(31, 17, 1, 1, "2020-01-01"), 
(32, 17, 1, 2, "2020-01-01"), 
(33, 17, 1, 3, "2020-01-01"), 
(34, 18, 1, 1, "2020-01-01"), 
(35, 19, 1, 1, "2020-01-01"), 
(36, 20, 1, 1, "2020-01-01"), 
(37, 20, 1, 2, "2020-01-01"), 
(38, 21, 1, 1, "2020-01-01"), 
(39, 21, 1, 2, "2020-01-01"), 
(40, 21, 2, 3, "2020-01-01"), 
(39, 22, 2, 2, "2020-01-01"), 
(40, 22, 1, 1, "2020-01-01"), 
(39, 16, 3, 8, "2020-01-01"), 
(40, 16, 3, 7, "2020-01-01"), 
(41, 16, 2, 6, "2020-01-01"), 
(41, 23, 1, 1, "2020-01-01"), 
(42, 24, 1, 1, "2020-01-01"), 
(43, 24, 1, 2, "2020-01-01"), 
(44, 25, 1, 1, "2020-01-01"), 
(45, 25, 1, 3, "2020-01-01"), 
(46, 25, 1, 2, "2020-01-01"), 
(47, 26, 1, 1, "2020-01-01"), 
(48, 27, 2, 1, "2020-01-01"), 
(48, 28, 1, 1, "2020-01-01"), 
(49, 27, 2, 2, "2020-01-01"), 
(49, 29, 1, 6, "2020-01-01"), 
(50, 27, 2, 3, "2020-01-01"), 
(50, 30, 1, 1, "2020-01-01"), 
(47, 27, 2, 4, "2020-01-01"), 
(45, 27, 2, 5, "2020-01-01"), 
(46, 27, 2, 6, "2020-01-01"), 
(51, 31, 1, 1, "2020-01-01"), 
(110, 31, 1, 2, "2020-01-01"), 
(53, 32, 1, 1, "2020-01-01"), 
(54, 32, 1, 2, "2020-01-01"), 
(55, 33, 1, 1, "2020-01-01"), 
(56, 29, 1, 1, "2020-01-01"), 
(57, 29, 1, 2, "2020-01-01"), 
(58, 29, 1, 3, "2020-01-01"), 
(59, 29, 1, 4, "2020-01-01"), 
(60, 29, 1, 5, "2020-01-01"), 
(60, 34, 2, 3, "2020-01-01"), 
(61, 34, 1, 1, "2020-01-01"), 
(62, 34, 1, 2, "2020-01-01"), 
(63, 35, 1, 1, "2020-01-01"), 
(64, 35, 1, 2, "2020-01-01"), 
(66, 36, 1, 1, "2020-01-01"), 
(67, 36, 1, 2, "2020-01-01"), 
(67, 37, 2, 3, "2020-01-01"), 
(68, 37, 1, 1, "2020-01-01"), 
(69, 37, 1, 2, "2020-01-01"), 
(70, 38, 1, 1, "2020-01-01"), 
(71, 38, 1, 2, "2020-01-01"), 
(72, 38, 1, 3, "2020-01-01"), 
(10, 38, 3, 4, "2020-01-01"), 
(74, 38, 3, 5, "2020-01-01"), 
(10, 40, 1, 2, "2020-01-01"), 
(74, 40, 1, 1, "2020-01-01"), 
(75, 40, 1, 3, "2020-01-01"), 
(76, 40, 1, 4, "2020-01-01"), 
(75, 41, 2, 2, "2020-01-01"), 
(76, 41, 2, 3, "2020-01-01"), 
(77, 41, 1, 1, "2020-01-01"), 
(78, 42, 1, 1, "2020-01-01"), 
(79, 44, 1, 1, "2020-01-01"), 
(80, 44, 1, 2, "2020-01-01"), 
(81, 44, 1, 3, "2020-01-01"), 
(52, 44, 1, 4, "2020-01-01"), 
(83, 47, 1, 1, "2020-01-01"), 
(76, 47, 1, 2, "2020-01-01"), 
(85, 47, 1, 3, "2020-01-01"), 
(85, 48, 2, 4, "2020-01-01"), 
(76, 48, 2, 3, "2020-01-01"), 
(83, 48, 2, 2, "2020-01-01"), 
(86, 48, 1, 1, "2020-01-01"), 
(87, 49, 1, 1, "2020-01-01"), 
(87, 50, 2, 1, "2020-01-01"), 
(88, 50, 2, 2, "2020-01-01"), 
(89, 50, 1, 3, "2020-01-01"), 
(90, 50, 1, 4, "2020-01-01"), 
(88, 51, 1, 1, "2020-01-01"), 
(91, 52, 1, 1, "2020-01-01"), 
(93, 53, 1, 1, "2020-01-01"), 
(92, 53, 1, 2, "2020-01-01"), 
(94, 54, 1, 1, "2020-01-01"), 
(21, 54, 1, 2, "2020-01-01"), 
(21, 55, 2, 3, "2020-01-01"), 
(4, 56, 1, 1, "2020-01-01"), 
(96, 57, 3, 5, "2020-01-01"), 
(97, 57, 2, 4, "2020-01-01"), 
(80, 57, 2, 3, "2020-01-01"), 
(99, 57, 2, 2, "2020-01-01"), 
(78, 57, 1, 1, "2020-01-01"), 
(96, 58, 1, 1, "2020-01-01"), 
(96, 59, 2, 4, "2020-01-01"), 
(97, 59, 1, 3, "2020-01-01"), 
(80, 59, 1, 2, "2020-01-01"), 
(99, 59, 1, 1, "2020-01-01"), 
(102, 60, 1, 1, "2020-01-01"), 
(111, 77, 1, 1, "2020-01-01"), 
(112, 88, 1, 1, "2020-01-01"), 
(103, 101, 1, 1, "2020-01-01"), 
(104, 101, 1, 2, "2020-01-01"), 
(1, 1, 1, 2, "2021-01-01"), 
(1, 2, 2, 2, "2021-01-01"), 
(2, 1, 1, 1, "2021-01-01"), 
(3, 3, 1, 1, "2021-01-01"), 
(3, 2, 2, 5, "2021-01-01"), 
(4, 2, 1, 1, "2021-01-01"), 
(5, 2, 1, 3, "2021-01-01"), 
(6, 2, 1, 4, "2021-01-01"), 
(6, 5, 2, 3, "2021-01-01"), 
(7, 5, 1, 2, "2021-01-01"), 
(7, 2, 2, 6, "2021-01-01"), 
(8, 5, 1, 1, "2021-01-01"), 
(9, 6, 1, 1, "2021-01-01"), 
(10, 6, 1, 2, "2021-01-01"), 
(11, 6, 1, 3, "2021-01-01"), 
(11, 7, 2, 2, "2021-01-01"), 
(12, 6, 1, 4, "2021-01-01"), 
(12, 7, 2, 1, "2021-01-01"), 
(13, 8, 1, 1, "2021-01-01"), 
(14, 8, 1, 2, "2021-01-01"), 
(15, 9, 1, 1, "2021-01-01"), 
(16, 10, 1, 3, "2021-01-01"), 
(17, 10, 1, 2, "2021-01-01"), 
(18, 10, 1, 1, "2021-01-01"), 
(19, 11, 1, 1, "2021-01-01"), 
(19, 10, 2, 4, "2021-01-01"), 
(20, 11, 1, 2, "2021-01-01"), 
(20, 10, 2, 5, "2021-01-01"), 
(21, 12, 1, 1, "2021-01-01"), 
(21, 10, 2, 7, "2021-01-01"), 
(22, 10, 1, 6, "2021-01-01"), 
(23, 13, 1, 3, "2021-01-01"), 
(23, 10, 2, 8, "2021-01-01"), 
(24, 13, 1, 1, "2021-01-01"), 
(25, 13, 1, 2, "2021-01-01"), 
(26, 14, 1, 1, "2021-01-01"), 
(26, 10, 2, 9, "2021-01-01"), 
(26, 16, 3, 5, "2021-01-01"), 
(27, 10, 2, 10, "2021-01-01"), 
(27, 16, 1, 4, "2021-01-01"), 
(28, 16, 1, 3, "2021-01-01"), 
(28, 10, 2, 11, "2021-01-01"), 
(29, 16, 1, 1, "2021-01-01"), 
(29, 10, 2, 13, "2021-01-01"), 
(30, 16, 1, 2, "2021-01-01"), 
(30, 10, 2, 12, "2021-01-01"), 
(31, 17, 1, 1, "2021-01-01"), 
(32, 17, 1, 2, "2021-01-01"), 
(33, 17, 1, 3, "2021-01-01"), 
(34, 18, 1, 1, "2021-01-01"), 
(35, 19, 1, 1, "2021-01-01"), 
(36, 20, 1, 1, "2021-01-01"), 
(37, 20, 1, 2, "2021-01-01"), 
(38, 21, 1, 1, "2021-01-01"), 
(39, 21, 1, 2, "2021-01-01"), 
(40, 21, 2, 3, "2021-01-01"), 
(39, 22, 2, 2, "2021-01-01"), 
(40, 22, 1, 1, "2021-01-01"), 
(39, 16, 3, 8, "2021-01-01"), 
(40, 16, 3, 7, "2021-01-01"), 
(41, 16, 2, 6, "2021-01-01"), 
(41, 23, 1, 1, "2021-01-01"), 
(42, 24, 1, 1, "2021-01-01"), 
(43, 24, 1, 2, "2021-01-01"), 
(44, 25, 1, 1, "2021-01-01"), 
(45, 25, 1, 3, "2021-01-01"), 
(46, 25, 1, 2, "2021-01-01"), 
(47, 26, 1, 1, "2021-01-01"), 
(48, 27, 2, 1, "2021-01-01"), 
(48, 28, 1, 1, "2021-01-01"), 
(49, 27, 2, 2, "2021-01-01"), 
(49, 29, 1, 6, "2021-01-01"), 
(50, 27, 2, 3, "2021-01-01"), 
(50, 30, 1, 1, "2021-01-01"), 
(47, 27, 2, 4, "2021-01-01"), 
(45, 27, 2, 5, "2021-01-01"), 
(46, 27, 2, 6, "2021-01-01"), 
(51, 31, 1, 1, "2021-01-01"), 
(110, 31, 1, 2, "2021-01-01"), 
(53, 32, 1, 1, "2021-01-01"), 
(54, 32, 1, 2, "2021-01-01"), 
(55, 33, 1, 1, "2021-01-01"), 
(56, 29, 1, 1, "2021-01-01"), 
(57, 29, 1, 2, "2021-01-01"), 
(58, 29, 1, 3, "2021-01-01"), 
(59, 29, 1, 4, "2021-01-01"), 
(60, 29, 1, 5, "2021-01-01"), 
(60, 34, 2, 3, "2021-01-01"), 
(61, 34, 1, 1, "2021-01-01"), 
(62, 34, 1, 2, "2021-01-01"), 
(63, 35, 1, 1, "2021-01-01"), 
(64, 35, 1, 2, "2021-01-01"), 
(66, 36, 1, 1, "2021-01-01"), 
(67, 36, 1, 2, "2021-01-01"), 
(67, 37, 2, 3, "2021-01-01"), 
(68, 37, 1, 1, "2021-01-01"), 
(69, 37, 1, 2, "2021-01-01"), 
(70, 38, 1, 1, "2021-01-01"), 
(71, 38, 1, 2, "2021-01-01"), 
(72, 38, 1, 3, "2021-01-01"), 
(10, 38, 3, 4, "2021-01-01"), 
(74, 38, 3, 5, "2021-01-01"), 
(10, 40, 1, 2, "2021-01-01"), 
(74, 40, 1, 1, "2021-01-01"), 
(75, 40, 1, 3, "2021-01-01"), 
(76, 40, 1, 4, "2021-01-01"), 
(75, 41, 2, 2, "2021-01-01"), 
(76, 41, 2, 3, "2021-01-01"), 
(77, 41, 1, 1, "2021-01-01"), 
(78, 42, 1, 1, "2021-01-01"), 
(79, 44, 1, 1, "2021-01-01"), 
(80, 44, 1, 2, "2021-01-01"), 
(81, 44, 1, 3, "2021-01-01"), 
(52, 44, 1, 4, "2021-01-01"), 
(83, 47, 1, 1, "2021-01-01"), 
(76, 47, 1, 2, "2021-01-01"), 
(85, 47, 1, 3, "2021-01-01"), 
(85, 48, 2, 4, "2021-01-01"), 
(76, 48, 2, 3, "2021-01-01"), 
(83, 48, 2, 2, "2021-01-01"), 
(86, 48, 1, 1, "2021-01-01"), 
(87, 49, 1, 1, "2021-01-01"), 
(87, 50, 2, 1, "2021-01-01"), 
(88, 50, 2, 2, "2021-01-01"), 
(89, 50, 1, 3, "2021-01-01"), 
(90, 50, 1, 4, "2021-01-01"), 
(88, 51, 1, 1, "2021-01-01"), 
(91, 52, 1, 1, "2021-01-01"), 
(93, 53, 1, 1, "2021-01-01"), 
(92, 53, 1, 2, "2021-01-01"), 
(94, 54, 1, 1, "2021-01-01"), 
(21, 54, 1, 2, "2021-01-01"), 
(21, 55, 2, 3, "2021-01-01"), 
(4, 56, 1, 1, "2021-01-01"), 
(96, 57, 3, 5, "2021-01-01"), 
(97, 57, 2, 4, "2021-01-01"), 
(80, 57, 2, 3, "2021-01-01"), 
(99, 57, 2, 2, "2021-01-01"), 
(78, 57, 1, 1, "2021-01-01"), 
(96, 58, 1, 1, "2021-01-01"), 
(96, 59, 2, 4, "2021-01-01"), 
(97, 59, 1, 3, "2021-01-01"), 
(80, 59, 1, 2, "2021-01-01"), 
(99, 59, 1, 1, "2021-01-01"), 
(102, 60, 1, 1, "2021-01-01"), 
(111, 77, 1, 1, "2021-01-01"), 
(112, 88, 1, 1, "2021-01-01"), 
(103, 101, 1, 1, "2021-01-01"), 
(104, 101, 1, 2, "2021-01-01"), 
(1, 1, 1, 2, "2022-01-01"), 
(1, 2, 2, 2, "2022-01-01"), 
(2, 1, 1, 1, "2022-01-01"), 
(3, 3, 1, 1, "2022-01-01"), 
(3, 2, 2, 5, "2022-01-01"), 
(4, 2, 1, 1, "2022-01-01"), 
(5, 2, 1, 3, "2022-01-01"), 
(6, 2, 1, 4, "2022-01-01"), 
(6, 5, 2, 3, "2022-01-01"), 
(7, 5, 1, 2, "2022-01-01"), 
(7, 2, 2, 6, "2022-01-01"), 
(8, 5, 1, 1, "2022-01-01"), 
(9, 6, 1, 1, "2022-01-01"), 
(10, 6, 1, 2, "2022-01-01"), 
(11, 6, 1, 3, "2022-01-01"), 
(11, 7, 2, 2, "2022-01-01"), 
(12, 6, 1, 4, "2022-01-01"), 
(12, 7, 2, 1, "2022-01-01"), 
(13, 8, 1, 1, "2022-01-01"), 
(14, 8, 1, 2, "2022-01-01"), 
(15, 9, 1, 1, "2022-01-01"), 
(16, 10, 1, 3, "2022-01-01"), 
(17, 10, 1, 2, "2022-01-01"), 
(18, 10, 1, 1, "2022-01-01"), 
(19, 11, 1, 1, "2022-01-01"), 
(19, 10, 2, 4, "2022-01-01"), 
(20, 11, 1, 2, "2022-01-01"), 
(20, 10, 2, 5, "2022-01-01"), 
(21, 12, 1, 1, "2022-01-01"), 
(21, 10, 2, 7, "2022-01-01"), 
(22, 10, 1, 6, "2022-01-01"), 
(23, 13, 1, 3, "2022-01-01"), 
(23, 10, 2, 8, "2022-01-01"), 
(24, 13, 1, 1, "2022-01-01"), 
(25, 13, 1, 2, "2022-01-01"), 
(26, 14, 1, 1, "2022-01-01"), 
(26, 10, 2, 9, "2022-01-01"), 
(26, 16, 3, 5, "2022-01-01"), 
(27, 10, 2, 10, "2022-01-01"), 
(27, 16, 1, 4, "2022-01-01"), 
(28, 16, 1, 3, "2022-01-01"), 
(28, 10, 2, 11, "2022-01-01"), 
(29, 16, 1, 1, "2022-01-01"), 
(29, 10, 2, 13, "2022-01-01"), 
(30, 16, 1, 2, "2022-01-01"), 
(30, 10, 2, 12, "2022-01-01"), 
(31, 17, 1, 1, "2022-01-01"), 
(32, 17, 1, 2, "2022-01-01"), 
(33, 17, 1, 3, "2022-01-01"), 
(34, 18, 1, 1, "2022-01-01"), 
(35, 19, 1, 1, "2022-01-01"), 
(36, 20, 1, 1, "2022-01-01"), 
(37, 20, 1, 2, "2022-01-01"), 
(38, 21, 1, 1, "2022-01-01"), 
(39, 21, 1, 2, "2022-01-01"), 
(40, 21, 2, 3, "2022-01-01"), 
(39, 22, 2, 2, "2022-01-01"), 
(40, 22, 1, 1, "2022-01-01"), 
(39, 16, 3, 8, "2022-01-01"), 
(40, 16, 3, 7, "2022-01-01"), 
(41, 16, 2, 6, "2022-01-01"), 
(41, 23, 1, 1, "2022-01-01"), 
(42, 24, 1, 1, "2022-01-01"), 
(43, 24, 1, 2, "2022-01-01"), 
(44, 25, 1, 1, "2022-01-01"), 
(45, 25, 1, 3, "2022-01-01"), 
(46, 25, 1, 2, "2022-01-01"), 
(47, 26, 1, 1, "2022-01-01"), 
(48, 27, 2, 1, "2022-01-01"), 
(48, 28, 1, 1, "2022-01-01"), 
(49, 27, 2, 2, "2022-01-01"), 
(49, 29, 1, 6, "2022-01-01"), 
(50, 27, 2, 3, "2022-01-01"), 
(50, 30, 1, 1, "2022-01-01"), 
(47, 27, 2, 4, "2022-01-01"), 
(45, 27, 2, 5, "2022-01-01"), 
(46, 27, 2, 6, "2022-01-01"), 
(51, 31, 1, 1, "2022-01-01"), 
(110, 31, 1, 2, "2022-01-01"), 
(53, 32, 1, 1, "2022-01-01"), 
(54, 32, 1, 2, "2022-01-01"), 
(55, 33, 1, 1, "2022-01-01"), 
(56, 29, 1, 1, "2022-01-01"), 
(57, 29, 1, 2, "2022-01-01"), 
(58, 29, 1, 3, "2022-01-01"), 
(59, 29, 1, 4, "2022-01-01"), 
(60, 29, 1, 5, "2022-01-01"), 
(60, 34, 2, 3, "2022-01-01"), 
(61, 34, 1, 1, "2022-01-01"), 
(62, 34, 1, 2, "2022-01-01"), 
(63, 35, 1, 1, "2022-01-01"), 
(64, 35, 1, 2, "2022-01-01"), 
(66, 36, 1, 1, "2022-01-01"), 
(67, 36, 1, 2, "2022-01-01"), 
(67, 37, 2, 3, "2022-01-01"), 
(68, 37, 1, 1, "2022-01-01"), 
(69, 37, 1, 2, "2022-01-01"), 
(70, 38, 1, 1, "2022-01-01"), 
(71, 38, 1, 2, "2022-01-01"), 
(72, 38, 1, 3, "2022-01-01"), 
(10, 38, 3, 4, "2022-01-01"), 
(74, 38, 3, 5, "2022-01-01"), 
(10, 40, 1, 2, "2022-01-01"), 
(74, 40, 1, 1, "2022-01-01"), 
(75, 40, 1, 3, "2022-01-01"), 
(76, 40, 1, 4, "2022-01-01"), 
(75, 41, 2, 2, "2022-01-01"), 
(76, 41, 2, 3, "2022-01-01"), 
(77, 41, 1, 1, "2022-01-01"), 
(78, 42, 1, 1, "2022-01-01"), 
(79, 44, 1, 1, "2022-01-01"), 
(80, 44, 1, 2, "2022-01-01"), 
(81, 44, 1, 3, "2022-01-01"), 
(52, 44, 1, 4, "2022-01-01"), 
(83, 47, 1, 1, "2022-01-01"), 
(76, 47, 1, 2, "2022-01-01"), 
(85, 47, 1, 3, "2022-01-01"), 
(85, 48, 2, 4, "2022-01-01"), 
(76, 48, 2, 3, "2022-01-01"), 
(83, 48, 2, 2, "2022-01-01"), 
(86, 48, 1, 1, "2022-01-01"), 
(87, 49, 1, 1, "2022-01-01"), 
(87, 50, 2, 1, "2022-01-01"), 
(88, 50, 2, 2, "2022-01-01"), 
(89, 50, 1, 3, "2022-01-01"), 
(90, 50, 1, 4, "2022-01-01"), 
(88, 51, 1, 1, "2022-01-01"), 
(91, 52, 1, 1, "2022-01-01"), 
(93, 53, 1, 1, "2022-01-01"), 
(92, 53, 1, 2, "2022-01-01"), 
(94, 54, 1, 1, "2022-01-01"), 
(21, 54, 1, 2, "2022-01-01"), 
(21, 55, 2, 3, "2022-01-01"), 
(4, 56, 1, 1, "2022-01-01"), 
(96, 57, 3, 5, "2022-01-01"), 
(97, 57, 2, 4, "2022-01-01"), 
(80, 57, 2, 3, "2022-01-01"), 
(99, 57, 2, 2, "2022-01-01"), 
(78, 57, 1, 1, "2022-01-01"), 
(96, 58, 1, 1, "2022-01-01"), 
(96, 59, 2, 4, "2022-01-01"), 
(97, 59, 1, 3, "2022-01-01"), 
(80, 59, 1, 2, "2022-01-01"), 
(99, 59, 1, 1, "2022-01-01"), 
(102, 60, 1, 1, "2022-01-01"), 
(111, 77, 1, 1, "2022-01-01"), 
(112, 88, 1, 1, "2022-01-01"), 
(103, 101, 1, 1, "2022-01-01"), 
(104, 101, 1, 2, "2022-01-01"), 
(1, 1, 1, 2, "2023-01-01"), 
(1, 2, 2, 2, "2023-01-01"), 
(2, 1, 1, 1, "2023-01-01"), 
(3, 3, 1, 1, "2023-01-01"), 
(3, 2, 2, 5, "2023-01-01"), 
(4, 2, 1, 1, "2023-01-01"), 
(5, 2, 1, 3, "2023-01-01"), 
(6, 2, 1, 4, "2023-01-01"), 
(6, 5, 2, 3, "2023-01-01"), 
(7, 5, 1, 2, "2023-01-01"), 
(7, 2, 2, 6, "2023-01-01"), 
(8, 5, 1, 1, "2023-01-01"), 
(9, 6, 1, 1, "2023-01-01"), 
(10, 6, 1, 2, "2023-01-01"), 
(11, 6, 1, 3, "2023-01-01"), 
(11, 7, 2, 2, "2023-01-01"), 
(12, 6, 1, 4, "2023-01-01"), 
(12, 7, 2, 1, "2023-01-01"), 
(13, 8, 1, 1, "2023-01-01"), 
(14, 8, 1, 2, "2023-01-01"), 
(15, 9, 1, 1, "2023-01-01"), 
(16, 10, 1, 3, "2023-01-01"), 
(17, 10, 1, 2, "2023-01-01"), 
(18, 10, 1, 1, "2023-01-01"), 
(19, 11, 1, 1, "2023-01-01"), 
(19, 10, 2, 4, "2023-01-01"), 
(20, 11, 1, 2, "2023-01-01"), 
(20, 10, 2, 5, "2023-01-01"), 
(21, 12, 1, 1, "2023-01-01"), 
(21, 10, 2, 7, "2023-01-01"), 
(22, 10, 1, 6, "2023-01-01"), 
(23, 13, 1, 3, "2023-01-01"), 
(23, 10, 2, 8, "2023-01-01"), 
(24, 13, 1, 1, "2023-01-01"), 
(25, 13, 1, 2, "2023-01-01"), 
(26, 14, 1, 1, "2023-01-01"), 
(26, 10, 2, 9, "2023-01-01"), 
(26, 16, 3, 5, "2023-01-01"), 
(27, 10, 2, 10, "2023-01-01"), 
(27, 16, 1, 4, "2023-01-01"), 
(28, 16, 1, 3, "2023-01-01"), 
(28, 10, 2, 11, "2023-01-01"), 
(29, 16, 1, 1, "2023-01-01"), 
(29, 10, 2, 13, "2023-01-01"), 
(30, 16, 1, 2, "2023-01-01"), 
(30, 10, 2, 12, "2023-01-01"), 
(31, 17, 1, 1, "2023-01-01"), 
(32, 17, 1, 2, "2023-01-01"), 
(33, 17, 1, 3, "2023-01-01"), 
(34, 18, 1, 1, "2023-01-01"), 
(35, 19, 1, 1, "2023-01-01"), 
(36, 20, 1, 1, "2023-01-01"), 
(37, 20, 1, 2, "2023-01-01"), 
(38, 21, 1, 1, "2023-01-01"), 
(39, 21, 1, 2, "2023-01-01"), 
(40, 21, 2, 3, "2023-01-01"), 
(39, 22, 2, 2, "2023-01-01"), 
(40, 22, 1, 1, "2023-01-01"), 
(39, 16, 3, 8, "2023-01-01"), 
(40, 16, 3, 7, "2023-01-01"), 
(41, 16, 2, 6, "2023-01-01"), 
(41, 23, 1, 1, "2023-01-01"), 
(42, 24, 1, 1, "2023-01-01"), 
(43, 24, 1, 2, "2023-01-01"), 
(44, 25, 1, 1, "2023-01-01"), 
(45, 25, 1, 3, "2023-01-01"), 
(46, 25, 1, 2, "2023-01-01"), 
(47, 26, 1, 1, "2023-01-01"), 
(48, 27, 2, 1, "2023-01-01"), 
(48, 28, 1, 1, "2023-01-01"), 
(49, 27, 2, 2, "2023-01-01"), 
(49, 29, 1, 6, "2023-01-01"), 
(50, 27, 2, 3, "2023-01-01"), 
(50, 30, 1, 1, "2023-01-01"), 
(47, 27, 2, 4, "2023-01-01"), 
(45, 27, 2, 5, "2023-01-01"), 
(46, 27, 2, 6, "2023-01-01"), 
(51, 31, 1, 1, "2023-01-01"), 
(110, 31, 1, 2, "2023-01-01"), 
(53, 32, 1, 1, "2023-01-01"), 
(54, 32, 1, 2, "2023-01-01"), 
(55, 33, 1, 1, "2023-01-01"), 
(56, 29, 1, 1, "2023-01-01"), 
(57, 29, 1, 2, "2023-01-01"), 
(58, 29, 1, 3, "2023-01-01"), 
(59, 29, 1, 4, "2023-01-01"), 
(60, 29, 1, 5, "2023-01-01"), 
(60, 34, 2, 3, "2023-01-01"), 
(61, 34, 1, 1, "2023-01-01"), 
(62, 34, 1, 2, "2023-01-01"), 
(63, 35, 1, 1, "2023-01-01"), 
(64, 35, 1, 2, "2023-01-01"), 
(66, 36, 1, 1, "2023-01-01"), 
(67, 36, 1, 2, "2023-01-01"), 
(67, 37, 2, 3, "2023-01-01"), 
(68, 37, 1, 1, "2023-01-01"), 
(69, 37, 1, 2, "2023-01-01"), 
(70, 38, 1, 1, "2023-01-01"), 
(71, 38, 1, 2, "2023-01-01"), 
(72, 38, 1, 3, "2023-01-01"), 
(10, 38, 3, 4, "2023-01-01"), 
(74, 38, 3, 5, "2023-01-01"), 
(10, 40, 1, 2, "2023-01-01"), 
(74, 40, 1, 1, "2023-01-01"), 
(75, 40, 1, 3, "2023-01-01"), 
(76, 40, 1, 4, "2023-01-01"), 
(75, 41, 2, 2, "2023-01-01"), 
(76, 41, 2, 3, "2023-01-01"), 
(77, 41, 1, 1, "2023-01-01"), 
(78, 42, 1, 1, "2023-01-01"), 
(79, 44, 1, 1, "2023-01-01"), 
(80, 44, 1, 2, "2023-01-01"), 
(81, 44, 1, 3, "2023-01-01"), 
(52, 44, 1, 4, "2023-01-01"), 
(83, 47, 1, 1, "2023-01-01"), 
(76, 47, 1, 2, "2023-01-01"), 
(85, 47, 1, 3, "2023-01-01"), 
(85, 48, 2, 4, "2023-01-01"), 
(76, 48, 2, 3, "2023-01-01"), 
(83, 48, 2, 2, "2023-01-01"), 
(86, 48, 1, 1, "2023-01-01"), 
(87, 49, 1, 1, "2023-01-01"), 
(87, 50, 2, 1, "2023-01-01"), 
(88, 50, 2, 2, "2023-01-01"), 
(89, 50, 1, 3, "2023-01-01"), 
(90, 50, 1, 4, "2023-01-01"), 
(88, 51, 1, 1, "2023-01-01"), 
(91, 52, 1, 1, "2023-01-01"), 
(93, 53, 1, 1, "2023-01-01"), 
(92, 53, 1, 2, "2023-01-01"), 
(94, 54, 1, 1, "2023-01-01"), 
(21, 54, 1, 2, "2023-01-01"), 
(21, 55, 2, 3, "2023-01-01"), 
(4, 56, 1, 1, "2023-01-01"), 
(96, 57, 3, 5, "2023-01-01"), 
(97, 57, 2, 4, "2023-01-01"), 
(80, 57, 2, 3, "2023-01-01"), 
(99, 57, 2, 2, "2023-01-01"), 
(78, 57, 1, 1, "2023-01-01"), 
(96, 58, 1, 1, "2023-01-01"), 
(96, 59, 2, 4, "2023-01-01"), 
(97, 59, 1, 3, "2023-01-01"), 
(80, 59, 1, 2, "2023-01-01"), 
(99, 59, 1, 1, "2023-01-01"), 
(102, 60, 1, 1, "2023-01-01"), 
(111, 77, 1, 1, "2023-01-01"), 
(112, 88, 1, 1, "2023-01-01"), 
(103, 101, 1, 1, "2023-01-01"), 
(104, 101, 1, 2, "2023-01-01"), 
(1, 1, 1, 2, "2024-01-01"), 
(1, 2, 2, 2, "2024-01-01"), 
(2, 1, 1, 1, "2024-01-01"), 
(3, 3, 1, 1, "2024-01-01"), 
(3, 2, 2, 5, "2024-01-01"), 
(4, 2, 1, 1, "2024-01-01"), 
(5, 2, 1, 3, "2024-01-01"), 
(6, 2, 1, 4, "2024-01-01"), 
(6, 5, 2, 3, "2024-01-01"), 
(7, 5, 1, 2, "2024-01-01"), 
(7, 2, 2, 6, "2024-01-01"), 
(8, 5, 1, 1, "2024-01-01"), 
(9, 6, 1, 1, "2024-01-01"), 
(10, 6, 1, 2, "2024-01-01"), 
(11, 6, 1, 3, "2024-01-01"), 
(11, 7, 2, 2, "2024-01-01"), 
(12, 6, 1, 4, "2024-01-01"), 
(12, 7, 2, 1, "2024-01-01"), 
(13, 8, 1, 1, "2024-01-01"), 
(14, 8, 1, 2, "2024-01-01"), 
(15, 9, 1, 1, "2024-01-01"), 
(16, 10, 1, 3, "2024-01-01"), 
(17, 10, 1, 2, "2024-01-01"), 
(18, 10, 1, 1, "2024-01-01"), 
(19, 11, 1, 1, "2024-01-01"), 
(19, 10, 2, 4, "2024-01-01"), 
(20, 11, 1, 2, "2024-01-01"), 
(20, 10, 2, 5, "2024-01-01"), 
(21, 12, 1, 1, "2024-01-01"), 
(21, 10, 2, 7, "2024-01-01"), 
(22, 10, 1, 6, "2024-01-01"), 
(23, 13, 1, 3, "2024-01-01"), 
(23, 10, 2, 8, "2024-01-01"), 
(24, 13, 1, 1, "2024-01-01"), 
(25, 13, 1, 2, "2024-01-01"), 
(26, 14, 1, 1, "2024-01-01"), 
(26, 10, 2, 9, "2024-01-01"), 
(26, 16, 3, 5, "2024-01-01"), 
(27, 10, 2, 10, "2024-01-01"), 
(27, 16, 1, 4, "2024-01-01"), 
(28, 16, 1, 3, "2024-01-01"), 
(28, 10, 2, 11, "2024-01-01"), 
(29, 16, 1, 1, "2024-01-01"), 
(29, 10, 2, 13, "2024-01-01"), 
(30, 16, 1, 2, "2024-01-01"), 
(30, 10, 2, 12, "2024-01-01"), 
(31, 17, 1, 1, "2024-01-01"), 
(32, 17, 1, 2, "2024-01-01"), 
(33, 17, 1, 3, "2024-01-01"), 
(34, 18, 1, 1, "2024-01-01"), 
(35, 19, 1, 1, "2024-01-01"), 
(36, 20, 1, 1, "2024-01-01"), 
(37, 20, 1, 2, "2024-01-01"), 
(38, 21, 1, 1, "2024-01-01"), 
(39, 21, 1, 2, "2024-01-01"), 
(40, 21, 2, 3, "2024-01-01"), 
(39, 22, 2, 2, "2024-01-01"), 
(40, 22, 1, 1, "2024-01-01"), 
(39, 16, 3, 8, "2024-01-01"), 
(40, 16, 3, 7, "2024-01-01"), 
(41, 16, 2, 6, "2024-01-01"), 
(41, 23, 1, 1, "2024-01-01"), 
(42, 24, 1, 1, "2024-01-01"), 
(43, 24, 1, 2, "2024-01-01"), 
(44, 25, 1, 1, "2024-01-01"), 
(45, 25, 1, 3, "2024-01-01"), 
(46, 25, 1, 2, "2024-01-01"), 
(47, 26, 1, 1, "2024-01-01"), 
(48, 27, 2, 1, "2024-01-01"), 
(48, 28, 1, 1, "2024-01-01"), 
(49, 27, 2, 2, "2024-01-01"), 
(49, 29, 1, 6, "2024-01-01"), 
(50, 27, 2, 3, "2024-01-01"), 
(50, 30, 1, 1, "2024-01-01"), 
(47, 27, 2, 4, "2024-01-01"), 
(45, 27, 2, 5, "2024-01-01"), 
(46, 27, 2, 6, "2024-01-01"), 
(51, 31, 1, 1, "2024-01-01"), 
(110, 31, 1, 2, "2024-01-01"), 
(53, 32, 1, 1, "2024-01-01"), 
(54, 32, 1, 2, "2024-01-01"), 
(55, 33, 1, 1, "2024-01-01"), 
(56, 29, 1, 1, "2024-01-01"), 
(57, 29, 1, 2, "2024-01-01"), 
(58, 29, 1, 3, "2024-01-01"), 
(59, 29, 1, 4, "2024-01-01"), 
(60, 29, 1, 5, "2024-01-01"), 
(60, 34, 2, 3, "2024-01-01"), 
(61, 34, 1, 1, "2024-01-01"), 
(62, 34, 1, 2, "2024-01-01"), 
(63, 35, 1, 1, "2024-01-01"), 
(64, 35, 1, 2, "2024-01-01"), 
(66, 36, 1, 1, "2024-01-01"), 
(67, 36, 1, 2, "2024-01-01"), 
(67, 37, 2, 3, "2024-01-01"), 
(68, 37, 1, 1, "2024-01-01"), 
(69, 37, 1, 2, "2024-01-01"), 
(70, 38, 1, 1, "2024-01-01"), 
(71, 38, 1, 2, "2024-01-01"), 
(72, 38, 1, 3, "2024-01-01"), 
(10, 38, 3, 4, "2024-01-01"), 
(74, 38, 3, 5, "2024-01-01"), 
(10, 40, 1, 2, "2024-01-01"), 
(74, 40, 1, 1, "2024-01-01"), 
(75, 40, 1, 3, "2024-01-01"), 
(76, 40, 1, 4, "2024-01-01"), 
(75, 41, 2, 2, "2024-01-01"), 
(76, 41, 2, 3, "2024-01-01"), 
(77, 41, 1, 1, "2024-01-01"), 
(78, 42, 1, 1, "2024-01-01"), 
(79, 44, 1, 1, "2024-01-01"), 
(80, 44, 1, 2, "2024-01-01"), 
(81, 44, 1, 3, "2024-01-01"), 
(52, 44, 1, 4, "2024-01-01"), 
(83, 47, 1, 1, "2024-01-01"), 
(76, 47, 1, 2, "2024-01-01"), 
(85, 47, 1, 3, "2024-01-01"), 
(85, 48, 2, 4, "2024-01-01"), 
(76, 48, 2, 3, "2024-01-01"), 
(83, 48, 2, 2, "2024-01-01"), 
(86, 48, 1, 1, "2024-01-01"), 
(87, 49, 1, 1, "2024-01-01"), 
(87, 50, 2, 1, "2024-01-01"), 
(88, 50, 2, 2, "2024-01-01"), 
(89, 50, 1, 3, "2024-01-01"), 
(90, 50, 1, 4, "2024-01-01"), 
(88, 51, 1, 1, "2024-01-01"), 
(91, 52, 1, 1, "2024-01-01"), 
(93, 53, 1, 1, "2024-01-01"), 
(92, 53, 1, 2, "2024-01-01"), 
(94, 54, 1, 1, "2024-01-01"), 
(21, 54, 1, 2, "2024-01-01"), 
(21, 55, 2, 3, "2024-01-01"), 
(4, 56, 1, 1, "2024-01-01"), 
(96, 57, 3, 5, "2024-01-01"), 
(97, 57, 2, 4, "2024-01-01"), 
(80, 57, 2, 3, "2024-01-01"), 
(99, 57, 2, 2, "2024-01-01"), 
(78, 57, 1, 1, "2024-01-01"), 
(96, 58, 1, 1, "2024-01-01"), 
(96, 59, 2, 4, "2024-01-01"), 
(97, 59, 1, 3, "2024-01-01"), 
(80, 59, 1, 2, "2024-01-01"), 
(99, 59, 1, 1, "2024-01-01"), 
(102, 60, 1, 1, "2024-01-01"), 
(111, 77, 1, 1, "2024-01-01"), 
(112, 88, 1, 1, "2024-01-01"), 
(103, 101, 1, 1, "2024-01-01"), 
(104, 101, 1, 2, "2024-01-01"), 
(1, 1, 1, 2, "2025-01-01"), 
(1, 2, 2, 2, "2025-01-01"), 
(2, 1, 1, 1, "2025-01-01"), 
(3, 3, 1, 1, "2025-01-01"), 
(3, 2, 2, 5, "2025-01-01"), 
(4, 2, 1, 1, "2025-01-01"), 
(5, 2, 1, 3, "2025-01-01"), 
(6, 2, 1, 4, "2025-01-01"), 
(6, 5, 2, 3, "2025-01-01"), 
(7, 5, 1, 2, "2025-01-01"), 
(7, 2, 2, 6, "2025-01-01"), 
(8, 5, 1, 1, "2025-01-01"), 
(9, 6, 1, 1, "2025-01-01"), 
(10, 6, 1, 2, "2025-01-01"), 
(11, 6, 1, 3, "2025-01-01"), 
(11, 7, 2, 2, "2025-01-01"), 
(12, 6, 1, 4, "2025-01-01");

INSERT INTO `fields` (id, `name`, reg_id) VALUES 
(1, "Кемерово", 2), 
(2, "Новокузнецк", 3), 
(3, "Зея", 3), 
(4, "Славгород", 3), 
(5, "Алексеевка", 4), 
(6, "Белоусово", 3), 
(7, "Ефремов", 4), 
(8, "Ртищево", 4), 
(9, "Камызяк", 3), 
(10, "Сковородино", 4), 
(11, "Алагир", 3), 
(12, "Отрадный", 4), 
(13, "Болохово", 2), 
(14, "Петрозаводск", 4), 
(15, "Гаджиево", 4), 
(16, "Можга", 4), 
(17, "Лангепас", 4), 
(18, "Сосновый Бор", 3), 
(19, "Знаменск", 4), 
(20, "Электросталь", 3), 
(21, "Берёзовский", 4), 
(22, "Нижний Тагил", 2), 
(23, "Калач-на-Дону", 1), 
(24, "Архангельск", 4), 
(25, "Новоалтайск", 2), 
(26, "Каменск-Уральский", 2), 
(27, "Ядрин", 2), 
(28, "Бердск", 3), 
(29, "Сосенский", 4), 
(30, "Октябрьский", 4), 
(31, "Нижние Серги", 4), 
(32, "Туран", 4), 
(33, "Оленегорск", 3), 
(34, "Смоленск", 4), 
(35, "Сибай", 3), 
(36, "Новочеркасск", 3), 
(37, "Нарткала", 3), 
(38, "Ипатово", 4), 
(39, "Майкоп", 3), 
(40, "Абинск", 1), 
(41, "Серпухов", 4), 
(42, "Теберда", 3), 
(43, "Салават", 3), 
(44, "Кудымкар", 3), 
(45, "Киров", 3), 
(46, "Абдулино", 3);

INSERT INTO forecast (field_id, `year`, base_liquid, base_oil, base_gas, flood) VALUES 
(1, "2018-01-01", 1146.86, 93.7, 01.03.1983, 1281.15), 
(2, "2018-01-01", 3146.85, 652.52, 57.13, 4875.31), 
(3, "2018-01-01", 0, 0, 0, 0), 
(4, "2018-01-01", 3393.8, 671.72, 19.22, 1155.18), 
(5, "2018-01-01", 0, 0, 0, 0), 
(6, "2018-01-01", 6683.52, 279.67, 18.02.2021, 7249.99), 
(7, "2018-01-01", 0, 0, 0, 0), 
(8, "2018-01-01", 1144.26, 630.12, 24.43, 1420.06), 
(9, "2018-01-01", 0, 0, 0, 0), 
(10, "2018-01-01", 3741.95, 343.21, 39.13, 5314.93), 
(11, "2018-01-01", 1994.23, 56.04, 01.04.1944, 2505.12), 
(12, "2018-01-01", 263.06, 210.34, 01.05.1932, 16.07.2021), 
(13, "2018-01-01", 2945.14, 417.72, 19.04.2021, 4370.01), 
(14, "2018-01-01", 237.49, 59.85, 3, 141.45), 
(15, "2018-01-01", 35298.17, 6256.34, 454.92, 58530.63), 
(16, "2018-01-01", 45.07, 01.09.2015, 0.59, 11.07.2021), 
(17, "2018-01-01", 2650.48, 1114.46, 71.64, 3819.22), 
(18, "2018-01-01", 93598.82, 4171.94, 321.63, 110606.58), 
(19, "2018-01-01", 3645.61, 2334.05, 66.67, 3598.8), 
(20, "2018-01-01", 6663.56, 2288.1, 239.2, 8561.88), 
(21, "2018-01-01", 8397.55, 490.76, 41.66, 11818.11), 
(22, "2018-01-01", 16557.88, 1395.05, 125.83, 17990.36), 
(23, "2018-01-01", 72632.7, 22232.88, 2082.99, 108169.8), 
(24, "2018-01-01", 0, 0, 0, 0), 
(25, "2018-01-01", 16514.11, 7855.5, 505.44, 33335.94), 
(26, "2018-01-01", 77.89, 40.39, 01.03.1998, 0), 
(27, "2018-01-01", 6879.6, 229.67, 20.83, 7021.87), 
(28, "2018-01-01", 2304.54, 155.3, 01.02.1994, 3404.26), 
(29, "2018-01-01", 0, 0, 0, 0), 
(30, "2018-01-01", 5725.85, 405.22, 30.74, 7983.77), 
(31, "2018-01-01", 1428.84, 84, 01.04.1935, 711.33), 
(32, "2018-01-01", 1930.22, 245.82, 20.45, 3456.98), 
(33, "2018-01-01", 9037, 478.9, 29.97, 10269.06), 
(34, "2018-01-01", 5451.4, 1261.61, 81.69, 8130.72), 
(35, "2018-01-01", 32773.15, 1504.8, 103.77, 37680.7), 
(36, "2018-01-01", 1390.18, 208.83, 19.57, 3182.88), 
(37, "2018-01-01", 1627.53, 228.14, 01.03.1969, 563.42), 
(38, "2018-01-01", 11581.25, 1147.21, 77.47, 14028.29), 
(39, "2018-01-01", 31121.25, 1240.26, 82.12, 35223.5), 
(42, "2018-01-01", 0, 0, 0, 0), 
(43, "2018-01-01", 0, 0, 0, 0), 
(44, "2018-01-01", 0, 0, 0, 0), 
(45, "2018-01-01", 0, 0, 0, 0), 
(46, "2018-01-01", 0, 0, 0, 0), 
(1, "2019-01-01", 1015.56, 83.76, 01.03.1977, 1258.23), 
(2, "2019-01-01", 2746.1, 477.09, 39.6, 3864.78), 
(3, "2019-01-01", 0, 0, 0, 0), 
(4, "2019-01-01", 4084.71, 772.16, 20.85, 1580.55), 
(5, "2019-01-01", 0, 0, 0, 0), 
(6, "2019-01-01", 6766.5, 256.54, 25.14, 6606.19), 
(7, "2019-01-01", 32581.19, 5470.25, 437.66, 66.43), 
(8, "2019-01-01", 1086.42, 490.78, 18.65, 1603.9), 
(9, "2019-01-01", 0, 0, 0, 0), 
(10, "2019-01-01", 3876.5, 335.7, 31.22, 5016.03), 
(11, "2019-01-01", 2040.09, 66.3, 01.04.1938, 2414.37), 
(12, "2019-01-01", 449.42, 292.42, 01.08.2019, 1969.51), 
(13, "2019-01-01", 2613.79, 335.68, 23.05.2021, 3602.67), 
(14, "2019-01-01", 224.21, 44.87, 01.02.1992, 256.25), 
(15, "2019-01-01", 32543.79, 5463.23, 437.06, 55664.88), 
(16, "2019-01-01", 37.39, 07.02.2021, 0.6, 01.05.1984), 
(17, "2019-01-01", 3364.85, 1236.08, 80.34, 4184.72), 
(18, "2019-01-01", 99023.17, 3988.07, 327.02, 112732.4), 
(19, "2019-01-01", 5223.4, 2415.57, 82.13, 10054.8), 
(20, "2019-01-01", 8045.84, 2540.05, 266.71, 12676.08), 
(21, "2019-01-01", 10111.33, 784.1, 61.16, 11655.51), 
(22, "2019-01-01", 17190.12, 1293.45, 128.05, 17702.29), 
(23, "2019-01-01", 74268.86, 22292.03, 2095.66, 109624.44), 
(24, "2019-01-01", 0, 0, 0, 0), 
(25, "2019-01-01", 19204.85, 8440.31, 599.26, 32867.14), 
(26, "2019-01-01", 56.94, 30.29, 3, 0), 
(27, "2019-01-01", 6123.11, 184.53, 16.61, 6460.34), 
(28, "2019-01-01", 2662.07, 197.05, 01.03.1935, 2958.32), 
(29, "2019-01-01", 1219, 732.95, 39.58, 1760.87), 
(30, "2019-01-01", 4702.33, 327.95, 27.88, 7985.25), 
(31, "2019-01-01", 2515.82, 549.97, 33, 0), 
(32, "2019-01-01", 3088.68, 568.64, 48.33, 5422.66), 
(33, "2019-01-01", 9108.24, 497.95, 29.63, 9960.11), 
(34, "2019-01-01", 5322.72, 1084.36, 82.41, 9459.09), 
(35, "2019-01-01", 33386.38, 1452.15, 97.3, 36358.08), 
(36, "2019-01-01", 1361.97, 190.12, 16.54, 2094.21), 
(37, "2019-01-01", 1634.95, 191.8, 01.03.1984, 563.41), 
(38, "2019-01-01", 12430.25, 1238.9, 87.34, 16264.81), 
(39, "2019-01-01", 31217.89, 1049.3, 73.45, 34984.67), 
(42, "2019-01-01", 0, 0, 0, 0), 
(43, "2019-01-01", 2746.1, 477.09, 39.6, 3864.78), 
(44, "2019-01-01", 2981.5, 603.63, 36.22, 4070.87), 
(45, "2019-01-01", 10111.33, 784.1, 61.16, 11655.51), 
(46, "2019-01-01", 0, 0, 0, 0), 
(1, "2020-01-01", 981.69, 64.33, 01.02.1989, 1258.46), 
(2, "2020-01-01", 2553.19, 402.56, 33.41, 4979.01), 
(3, "2020-01-01", 0, 0, 0, 0), 
(4, "2020-01-01", 3933.91, 615.75, 16.63, 1760.56), 
(5, "2020-01-01", 0, 0, 0, 0), 
(6, "2020-01-01", 6349.78, 211.1, 20.69, 6665.09), 
(7, "2020-01-01", 31649.79, 4241.67, 339.37, 141.99), 
(8, "2020-01-01", 1030.12, 389.99, 14.82, 1740.21), 
(9, "2020-01-01", 0, 0, 0, 0), 
(10, "2020-01-01", 3797.04, 249.12, 23.17, 5310.32), 
(11, "2020-01-01", 1842.85, 55.46, 01.03.1966, 2310.03), 
(12, "2020-01-01", 382.12, 236.38, 01.06.1962, 2840.64), 
(13, "2020-01-01", 2375.6, 268.79, 18.82, 4376.64), 
(14, "2020-01-01", 643.66, 103.11, 06.07.2021, 1008.4), 
(15, "2020-01-01", 31613.23, 4235.03, 338.8, 56712.83), 
(16, "2020-01-01", 36.56, 01.06.1963, 0.56, 01.05.1986), 
(17, "2020-01-01", 2671.96, 846.62, 55.03, 3343.9), 
(18, "2020-01-01", 89977.39, 3409.91, 279.62, 109555.29), 
(19, "2020-01-01", 4970.64, 1550.58, 52.72, 14223.92), 
(20, "2020-01-01", 7002.68, 1917.73, 201.36, 11933.61), 
(21, "2020-01-01", 9539.16, 620.12, 48.37, 11316.78), 
(22, "2020-01-01", 16490.44, 988.8, 97.89, 17297.95), 
(23, "2020-01-01", 73438.8, 18418.86, 1730.96, 110973.31), 
(24, "2020-01-01", 0, 0, 0, 0), 
(25, "2020-01-01", 18249.97, 7125.88, 505.94, 32787.76), 
(26, "2020-01-01", 43.78, 22.91, 01.02.2027, 0), 
(27, "2020-01-01", 5591.4, 147.43, 13.27, 6437.01), 
(28, "2020-01-01", 2198.12, 168.46, 01.02.1986, 2546.57), 
(29, "2020-01-01", 1143.49, 395.82, 21.37, 7713.85), 
(30, "2020-01-01", 4276.01, 259.27, 22.04.2021, 8026.29), 
(31, "2020-01-01", 2255.49, 412.34, 24.74, 1008.93), 
(32, "2020-01-01", 2827.08, 428.26, 36.4, 5015.91), 
(33, "2020-01-01", 8524.14, 419.5, 24.96, 9902.16), 
(34, "2020-01-01", 4546.82, 797.71, 60.63, 7264.52), 
(35, "2020-01-01", 30155.7, 1176.96, 78.86, 36773.76), 
(36, "2020-01-01", 1292.18, 136.97, 01.11.1992, 2155.51), 
(37, "2020-01-01", 1521.92, 151.13, 03.02.2021, 599.24), 
(38, "2020-01-01", 11122.29, 990.25, 69.81, 14682.68), 
(39, "2020-01-01", 29950.78, 862.3, 60.36, 35476.66), 
(42, "2020-01-01", 0, 0, 0, 0), 
(43, "2020-01-01", 2553.19, 402.56, 33.41, 5384.46), 
(44, "2020-01-01", 2698, 458, 27.48, 4868.98), 
(45, "2020-01-01", 9539.16, 620.12, 48.37, 11355.96), 
(46, "2020-01-01", 0, 0, 0, 0), 
(1, "2021-01-01", 880.21, 51.76, 01.02.1933, 1345.33), 
(2, "2021-01-01", 2378.04, 343.13, 28.48, 5401.9), 
(3, "2021-01-01", 0, 0, 0, 0), 
(4, "2021-01-01", 3725.03, 496.25, 13.04.2021, 1758.43), 
(5, "2021-01-01", 0, 0, 0, 0), 
(6, "2021-01-01", 6007.23, 180.6, 17.07.2021, 6505.93), 
(7, "2021-01-01", 30423.56, 3703.25, 296.29, 235.51), 
(8, "2021-01-01", 967.82, 314.27, 01.11.1994, 1892.14), 
(9, "2021-01-01", 0, 0, 0, 0), 
(10, "2021-01-01", 3733.59, 199.28, 18.53, 4917.76), 
(11, "2021-01-01", 1714.67, 48.37, 01.03.2019, 2311.13), 
(12, "2021-01-01", 333.53, 196.07, 01.05.1949, 4832.36), 
(13, "2021-01-01", 2144.12, 222.49, 15.57, 5065.74), 
(14, "2021-01-01", 933.73, 109.68, 01.07.2013, 1367.66), 
(15, "2021-01-01", 30388.01, 3697.01, 295.76, 52208.56), 
(16, "2021-01-01", 35.56, 01.06.2024, 0.53, 01.05.1984), 
(17, "2021-01-01", 2144.61, 610.96, 39.71, 2807.7), 
(18, "2021-01-01", 84438.31, 3000.32, 246.03, 109144.03), 
(19, "2021-01-01", 4790.77, 1132.3, 38.5, 16007.81), 
(20, "2021-01-01", 6294.95, 1605.61, 168.59, 10815.45), 
(21, "2021-01-01", 8940.16, 519.82, 40.55, 11034.37), 
(22, "2021-01-01", 15477.35, 815.62, 80.75, 17245.46), 
(23, "2021-01-01", 70402.65, 15967.88, 1499.58, 111588.98), 
(24, "2021-01-01", 0, 0, 0, 0), 
(25, "2021-01-01", 17005.7, 6515.17, 465.65, 32647.45), 
(26, "2021-01-01", 30.03.2021, 17.04.2021, 01.01.1972, 0), 
(27, "2021-01-01", 4932.74, 118.48, 01.10.1966, 6386.23), 
(28, "2021-01-01", 1872.72, 147.11, 02.05.2021, 2812.22), 
(29, "2021-01-01", 1600.85, 345.71, 18.67, 9144.28), 
(30, "2021-01-01", 3861.19, 210.34, 17.88, 8560.93), 
(31, "2021-01-01", 1970.88, 333.44, 20.01.2021, 1439.04), 
(32, "2021-01-01", 2573.85, 351.64, 29.89, 4551.48), 
(33, "2021-01-01", 7420.89, 367.18, 21.85, 10051.13), 
(34, "2021-01-01", 3844.59, 603.94, 45.9, 6159.55), 
(35, "2021-01-01", 25285.58, 994.23, 66.61, 39274.61), 
(36, "2021-01-01", 1120.64, 104.2, 09.06.2021, 2159.15), 
(37, "2021-01-01", 1413.48, 127.15, 01.02.1954, 746.17), 
(38, "2021-01-01", 9350.35, 829.23, 58.46, 14608.25), 
(39, "2021-01-01", 27986.09, 729.18, 51.04, 35426.75), 
(42, "2021-01-01", 0, 0, 0, 0), 
(43, "2021-01-01", 2378.04, 343.13, 28.48, 5836.85), 
(44, "2021-01-01", 2389.17, 372.66, 22.36, 4932.48), 
(45, "2021-01-01", 8940.16, 519.82, 40.55, 11906.94), 
(46, "2021-01-01", 0, 0, 0, 0), 
(1, "2022-01-01", 682.87, 43.72, 01.01.1997, 1451.6), 
(2, "2022-01-01", 2235.87, 295.55, 24.53, 7631.35), 
(3, "2022-01-01", 0, 0, 0, 0), 
(4, "2022-01-01", 3542.73, 414.11, 01.11.2018, 2227.86), 
(5, "2022-01-01", 0, 0, 0, 0), 
(6, "2022-01-01", 5681.3, 162.04, 15.88, 6395.59), 
(7, "2022-01-01", 29021.59, 2831.03, 226.51, 225.18), 
(8, "2022-01-01", 907.56, 259.07, 01.09.1984, 1940.12), 
(9, "2022-01-01", 0, 0, 0, 0), 
(10, "2022-01-01", 3693.13, 172.08, 16, 4696.52), 
(11, "2022-01-01", 1591.28, 43.37, 01.02.1986, 2307.14), 
(12, "2022-01-01", 295.91, 167.25, 01.04.1968, 7135.37), 
(13, "2022-01-01", 1954.58, 186.59, 13.06.2021, 5489.37), 
(14, "2022-01-01", 874.6, 75.91, 01.04.1993, 1367.66), 
(15, "2022-01-01", 28986.91, 2825.13, 226.01, 53438.92), 
(16, "2022-01-01", 34.68, 05.09.2021, 0.5, 01.05.1984), 
(17, "2022-01-01", 1729.03, 455.96, 29.64, 2645.31), 
(18, "2022-01-01", 78993.87, 2694.06, 220.91, 108484.74), 
(19, "2022-01-01", 4679.3, 882.6, 30.01.2021, 16470.47), 
(20, "2022-01-01", 5823.37, 1377.17, 144.6, 10190.53), 
(21, "2022-01-01", 8399.19, 442.4, 34.51, 11462.88), 
(22, "2022-01-01", 14603.02, 627.57, 62.13, 17228.82), 
(23, "2022-01-01", 67227.23, 13642.15, 1282.31, 113176.71), 
(24, "2022-01-01", 0, 0, 0, 0), 
(25, "2022-01-01", 15644.36, 5752.64, 408.44, 34204.57), 
(26, "2022-01-01", 19.12.2021, 13.43, 01.01.1933, 0), 
(27, "2022-01-01", 4346.54, 96.32, 01.08.1967, 6406.7), 
(28, "2022-01-01", 1464.88, 128.34, 01.02.2018, 2810.61), 
(29, "2022-01-01", 1549.34, 215.34, 01.11.1963, 9333.58), 
(30, "2022-01-01", 3313.92, 174.61, 14.84, 8829.82), 
(31, "2022-01-01", 1862.71, 280.07, 16.08.2021, 1504.17), 
(32, "2022-01-01", 2523.36, 307.65, 26.15, 4618.42), 
(33, "2022-01-01", 6995.64, 317.92, 18.92, 10294.15), 
(34, "2022-01-01", 3308.46, 479.99, 36.48, 5646.19), 
(35, "2022-01-01", 22246.84, 857.73, 57.47, 42270.26), 
(36, "2022-01-01", 1040.44, 83.64, 01.07.2028, 2216.43), 
(37, "2022-01-01", 1280.93, 110.89, 01.02.2022, 898.62), 
(38, "2022-01-01", 7513.33, 688.83, 48.56, 14341.53), 
(39, "2022-01-01", 26022.78, 612.49, 42.87, 35717.48), 
(42, "2022-01-01", 0, 0, 0, 0), 
(43, "2022-01-01", 2235.87, 295.55, 24.53, 8036.21), 
(44, "2022-01-01", 2259.22, 314.28, 18.86, 4893.11), 
(45, "2022-01-01", 8399.19, 442.4, 34.51, 12471.25), 
(46, "2022-01-01", 0, 0, 0, 0), 
(1, "2023-01-01", 553.01, 36.73, 01.01.1965, 1380.9), 
(2, "2023-01-01", 2092.84, 257.96, 21.41, 9667.96), 
(3, "2023-01-01", 0, 0, 0, 0), 
(4, "2023-01-01", 3386.68, 347.71, 01.09.1939, 2233.81), 
(5, "2023-01-01", 0, 0, 0, 0), 
(6, "2023-01-01", 5475.71, 146.61, 14.37, 6416.08), 
(7, "2023-01-01", 28326.52, 2241.12, 179.32, 216), 
(8, "2023-01-01", 877.98, 220.45, 01.08.1938, 1853.76), 
(9, "2023-01-01", 0, 0, 0, 0), 
(10, "2023-01-01", 3635.14, 148.62, 13.82, 4756.1), 
(11, "2023-01-01", 1485.86, 39.26, 01.02.1959, 2323.35), 
(12, "2023-01-01", 263.48, 144.51, 04.05.2021, 6404.26), 
(13, "2023-01-01", 1805.02, 159.02, 01.11.2013, 5531.1), 
(14, "2023-01-01", 825.03, 55.08, 01.03.1958, 1367.66), 
(15, "2023-01-01", 28292.69, 2235.53, 178.84, 53817.59), 
(16, "2023-01-01", 33.83, 01.05.1959, 0.48, 01.05.1984), 
(17, "2023-01-01", 1414.87, 350.07, 22.76, 2414.76), 
(18, "2023-01-01", 72288.7, 2286.22, 187.47, 107871), 
(19, "2023-01-01", 4570.76, 715.57, 24.33, 17224.27), 
(20, "2023-01-01", 5474.8, 1196.79, 125.66, 9615.42), 
(21, "2023-01-01", 7856.37, 382.94, 29.87, 11824.55), 
(22, "2023-01-01", 13749.68, 518.36, 51.32, 17240.22), 
(23, "2023-01-01", 64543.32, 11345.66, 1069.44, 115817), 
(24, "2023-01-01", 0, 0, 0, 0), 
(25, "2023-01-01", 14812.89, 5108.4, 362.7, 36857.82), 
(26, "2023-01-01", 01.12.1968, 01.10.1996, 01.08.2021, 0), 
(27, "2023-01-01", 3775.56, 81.26, 01.07.1931, 6528.32), 
(28, "2023-01-01", 1130.61, 113.65, 01.01.1993, 2810.75), 
(29, "2023-01-01", 1443.83, 147.62, 01.07.1997, 9133.56), 
(30, "2023-01-01", 2750.39, 144.94, 01.12.1932, 8712.8), 
(31, "2023-01-01", 1778.76, 238.08, 14.28, 1137.16), 
(32, "2023-01-01", 2374.06, 265.43, 22.56, 4618.04), 
(33, "2023-01-01", 6610.2, 284.01, 16.09.2021, 10200.06), 
(34, "2023-01-01", 2821.61, 388.24, 29.51, 5089.95), 
(35, "2023-01-01", 17659.06, 666.7, 44.67, 41038.07), 
(36, "2023-01-01", 985.81, 72.88, 01.06.1934, 2351.76), 
(37, "2023-01-01", 1140.65, 98.19, 01.01.1996, 1009.82), 
(38, "2023-01-01", 4843.72, 575.71, 40.59, 14841.12), 
(39, "2023-01-01", 23558.38, 495.91, 34.71, 36492.33), 
(42, "2023-01-01", 0, 0, 0, 0), 
(43, "2023-01-01", 2092.84, 257.96, 21.41, 10055.56), 
(44, "2023-01-01", 2154.62, 268.2, 16.09.2021, 4726.22), 
(45, "2023-01-01", 7856.37, 382.94, 29.87, 12781.56), 
(46, "2023-01-01", 0, 0, 0, 0), 
(1, "2024-01-01", 483.7, 30.56, 01.01.1937, 1468.44), 
(2, "2024-01-01", 1923.2, 221.4, 18.38, 10016.6), 
(3, "2024-01-01", 0, 0, 0, 0), 
(4, "2024-01-01", 3319.01, 296.44, 8, 2415.24), 
(5, "2024-01-01", 0, 0, 0, 0), 
(6, "2024-01-01", 5257.81, 131.63, 12.09.2021, 6362.33), 
(7, "2024-01-01", 27371.13, 1830.22, 146.44, 222.06), 
(8, "2024-01-01", 649.66, 138.7, 01.05.2027, 1525.11), 
(9, "2024-01-01", 0, 0, 0, 0), 
(10, "2024-01-01", 3475.27, 130.83, 01.12.2017, 4918.12), 
(11, "2024-01-01", 1444.64, 35.19, 01.02.1932, 2468.16), 
(12, "2024-01-01", 231.42, 120.8, 01.03.1938, 7411.45), 
(13, "2024-01-01", 1713.89, 141.6, 01.09.1991, 6202.47), 
(14, "2024-01-01", 767.76, 45.96, 01.02.1998, 2380.2), 
(15, "2024-01-01", 27337.84, 1824.97, 146, 53447.73), 
(16, "2024-01-01", 33.29, 01.05.2026, 0.45, 01.09.2027), 
(17, "2024-01-01", 1329.91, 275.58, 17.91, 2164.26), 
(18, "2024-01-01", 65809.27, 1935.83, 158.74, 108233.23), 
(19, "2024-01-01", 4307.49, 555, 18.87, 20203.56), 
(20, "2024-01-01", 5155.38, 1008.5, 105.89, 9113.11), 
(21, "2024-01-01", 7072.73, 328.91, 25.66, 11562.94), 
(22, "2024-01-01", 12578.2, 444.73, 44.03, 17172.61), 
(23, "2024-01-01", 58503.87, 9648.5, 909.47, 113006.93), 
(24, "2024-01-01", 0, 0, 0, 0), 
(25, "2024-01-01", 14027.68, 4467.84, 317.22, 39265.82), 
(26, "2024-01-01", 01.10.2016, 09.08.2021, 0.9, 0), 
(27, "2024-01-01", 3542.49, 75.61, 01.06.1981, 6893.86), 
(28, "2024-01-01", 961.77, 97.76, 01.01.1966, 2976.95), 
(29, "2024-01-01", 1326.5, 104.34, 01.05.1963, 9110.39), 
(30, "2024-01-01", 2416.18, 125.08, 01.10.1963, 8542.94), 
(31, "2024-01-01", 1660.6, 198.89, 01.11.1993, 963.35), 
(32, "2024-01-01", 2180.29, 215.63, 18.33, 4210.97), 
(33, "2024-01-01", 6034.14, 251.54, 14.97, 9634.12), 
(34, "2024-01-01", 2498.84, 329.85, 25.07.2021, 5219.11), 
(35, "2024-01-01", 15118.8, 553.07, 37.06, 41930.32), 
(36, "2024-01-01", 955.19, 61.17, 01.05.1932, 2738.25), 
(37, "2024-01-01", 1015.97, 84.99, 01.07.2021, 1005.64), 
(38, "2024-01-01", 4772.08, 489.01, 34.47, 16752.93), 
(39, "2024-01-01", 21984.49, 424.32, 29.07.2021, 38083.66), 
(42, "2024-01-01", 0, 0, 0, 0), 
(43, "2024-01-01", 1923.2, 221.4, 18.38, 10405.63), 
(44, "2024-01-01", 2020.75, 224.87, 13.49, 4529.35), 
(45, "2024-01-01", 7072.73, 328.91, 25.66, 12693.51), 
(46, "2024-01-01", 0, 0, 0, 0), 
(1, "2025-01-01", 445.09, 25.57, 01.01.2015, 1551.01), 
(2, "2025-01-01", 1751.29, 187.06, 15.53, 10710.63), 
(3, "2025-01-01", 0, 0, 0, 0), 
(4, "2025-01-01", 3228.96, 256.26, 01.06.1992, 2609.28), 
(5, "2025-01-01", 0, 0, 0, 0), 
(6, "2025-01-01", 5015.56, 115.64, 01.11.1933, 6585.64), 
(7, "2025-01-01", 26509.84, 1522.43, 121.82, 252.07), 
(8, "2025-01-01", 438.53, 80.9, 03.07.2021, 1388.07), 
(9, "2025-01-01", 0, 0, 0, 0), 
(10, "2025-01-01", 3251.08, 115.3, 01.10.1972, 4701.54), 
(11, "2025-01-01", 1412.77, 31.53, 02.08.2021, 2516.68), 
(12, "2025-01-01", 220.49, 105.76, 01.02.1996, 8744.86), 
(13, "2025-01-01", 1646.54, 129.52, 09.07.2021, 7268.23), 
(14, "2025-01-01", 706.61, 41.1, 01.02.1967, 2976.02), 
(15, "2025-01-01", 26476.88, 1517.47, 121.4, 55011.18), 
(16, "2025-01-01", 32.96, 01.04.1996, 0.42, 13.09.2021), 
(17, "2025-01-01", 1272.27, 218.16, 14.18, 2033.46), 
(18, "2025-01-01", 60236.21, 1664.88, 136.52, 108242.68), 
(19, "2025-01-01", 4148.4, 416.57, 14.16, 22546.09), 
(20, "2025-01-01", 4879.15, 848.28, 89.07, 8766.97), 
(21, "2025-01-01", 6576.01, 283.71, 22.13, 11720.9), 
(22, "2025-01-01", 11866.82, 391.7, 38.78, 17693.69), 
(23, "2025-01-01", 55189.68, 8597.63, 810.41, 114356.57), 
(24, "2025-01-01", 0, 0, 0, 0), 
(25, "2025-01-01", 13389.67, 3937.36, 279.55, 41452.81), 
(26, "2025-01-01", 01.08.1998, 01.08.2019, 0.81, 0), 
(27, "2025-01-01", 3399.08, 72.25, 06.05.2021, 7309.65), 
(28, "2025-01-01", 831.82, 74.17, 01.01.2026, 3265.19), 
(29, "2025-01-01", 1229.66, 74.8, 04.04.2021, 7620.51), 
(30, "2025-01-01", 2190.63, 111.27, 01.09.1946, 8862.54), 
(31, "2025-01-01", 1559.45, 169.07, 01.10.2014, 1496.27), 
(32, "2025-01-01", 2020.36, 188.17, 15.99, 3939.03), 
(33, "2025-01-01", 5364.48, 217.99, 01.12.1997, 9391.87), 
(34, "2025-01-01", 2204.66, 267.83, 20.36, 4937.52), 
(35, "2025-01-01", 12452.78, 440.91, 29.54, 41802.1), 
(36, "2025-01-01", 879.6, 52.52, 01.04.1957, 2947.17), 
(37, "2025-01-01", 924.11, 74.2, 01.01.1948, 1002.02), 
(38, "2025-01-01", 4345.74, 418.6, 29.51, 18422.33), 
(39, "2025-01-01", 20273.39, 360.98, 25.27, 39262.8), 
(42, "2025-01-01", 0, 0, 0, 0), 
(43, "2025-01-01", 1751.29, 187.06, 15.53, 11078.55), 
(44, "2025-01-01", 1910.92, 192.22, 01.11.1953, 4786.54), 
(45, "2025-01-01", 6576.01, 283.71, 22.13, 12851.18), 
(46, "2025-01-01", 0, 0, 0, 0), 
(1, "2026-01-01", 408.09, 21.32, 0.96, 1589.73), 
(2, "2026-01-01", 1587.96, 157.37, 13.06.2021, 10543.64), 
(3, "2026-01-01", 0, 0, 0, 0), 
(4, "2026-01-01", 3070.09, 211.5, 01.05.1971, 2951.28), 
(5, "2026-01-01", 0, 0, 0, 0), 
(6, "2026-01-01", 4773.62, 101.36, 01.09.1993, 6558.35), 
(7, "2026-01-01", 25675.66, 1303.57, 104.31, 282.53), 
(8, "2026-01-01", 240.06, 38.27, 01.01.1945, 1115.43), 
(9, "2026-01-01", 0, 0, 0, 0), 
(10, "2026-01-01", 2974.08, 101.24, 01.09.1941, 4524.41), 
(11, "2026-01-01", 1115.34, 23.54, 01.01.1955, 2317.2), 
(12, "2026-01-01", 209.69, 89.92, 01.02.1952, 9179.7), 
(13, "2026-01-01", 1591.19, 121.95, 01.08.1954, 7910.26), 
(14, "2026-01-01", 650.33, 36.61, 01.02.1938, 3113.88), 
(15, "2026-01-01", 25643.03, 1298.89, 103.91, 53772.93), 
(16, "2026-01-01", 32.63, 01.04.1968, 0.4, 18.73), 
(17, "2026-01-01", 1217.13, 173.13, 01.11.2025, 1910.7), 
(18, "2026-01-01", 55351.21, 1444.04, 118.41, 107090.98), 
(19, "2026-01-01", 3991, 316.36, 01.10.1976, 22010.96), 
(20, "2026-01-01", 4637.53, 719.69, 75.57, 8294.36), 
(21, "2026-01-01", 6092.5, 243.86, 19.02.2021, 11443.1), 
(22, "2026-01-01", 11424.34, 357.18, 35.36, 18285.82), 
(23, "2026-01-01", 52104.42, 7669.41, 722.92, 114161.33), 
(24, "2026-01-01", 0, 0, 0, 0), 
(25, "2026-01-01", 12800.49, 3497.4, 248.32, 43562.69), 
(26, "2026-01-01", 08.03.2021, 01.07.1962, 0.75, 0), 
(27, "2026-01-01", 3269.07, 69.27, 01.06.2023, 7615.91), 
(28, "2026-01-01", 706.63, 52.36, 0.89, 3369.52), 
(29, "2026-01-01", 1137.38, 53.51, 01.02.1989, 6578.06), 
(30, "2026-01-01", 1986.13, 99.6, 01.08.1947, 8804.52), 
(31, "2026-01-01", 1492.99, 146.32, 01.08.1978, 1316.86), 
(32, "2026-01-01", 1863.05, 164.4, 13.97, 3958.29), 
(33, "2026-01-01", 4814.56, 191.27, 01.11.1938, 8871.71), 
(34, "2026-01-01", 1904.36, 220.08, 16.73, 5578.05), 
(35, "2026-01-01", 10021.36, 341.26, 22.86, 40665.59), 
(36, "2026-01-01", 785.9, 43.32, 01.03.1977, 3193.72), 
(37, "2026-01-01", 839.73, 62.49, 01.01.2025, 934.82), 
(38, "2026-01-01", 3931.12, 355.94, 25.09.2021, 19109.6), 
(39, "2026-01-01", 18690.87, 305.9, 21.41, 40387.97), 
(42, "2026-01-01", 0, 0, 0, 0), 
(43, "2026-01-01", 1587.96, 157.37, 13.06.2021, 10879.33), 
(44, "2026-01-01", 1835.99, 166.94, 10.02.2021, 4565.51), 
(45, "2026-01-01", 6092.5, 243.86, 19.02.2021, 12607.47), 
(46, "2026-01-01", 0, 0, 0, 0), 
(1, "2027-01-01", 366.3, 17.04.2021, 0.78, 1572.78), 
(2, "2027-01-01", 1432.86, 131.74, 01.10.1993, 10414.48), 
(3, "2027-01-01", 0, 0, 0, 0), 
(4, "2027-01-01", 2913.01, 174.19, 04.07.2021, 2888.36), 
(5, "2027-01-01", 0, 0, 0, 0), 
(6, "2027-01-01", 4412.73, 86.29, 01.08.1946, 6358.94), 
(7, "2027-01-01", 24867.75, 1116.22, 89.32, 312.86), 
(8, "2027-01-01", 53.65, 01.07.1939, 0.28, 887.62), 
(9, "2027-01-01", 0, 0, 0, 0), 
(10, "2027-01-01", 2745.35, 88.51, 01.08.2023, 4421), 
(11, "2027-01-01", 637.34, 01.12.1965, 0.84, 1918.6), 
(12, "2027-01-01", 199.04, 76.08, 01.02.2013, 9132.5), 
(13, "2027-01-01", 1542.62, 115.17, 08.06.2021, 8090.65), 
(14, "2027-01-01", 598.53, 32.48, 02.11.2021, 3104.67), 
(15, "2027-01-01", 24835.44, 1111.8, 88.94, 53036.01), 
(16, "2027-01-01", 32.31, 01.04.1942, 0.38, 24.02.2021), 
(17, "2027-01-01", 1164.38, 137.73, 01.08.1995, 2146.22), 
(18, "2027-01-01", 50896.67, 1255.39, 102.94, 105884.25), 
(19, "2027-01-01", 3835.27, 234.88, 01.07.1999, 22094.08), 
(20, "2027-01-01", 4408.83, 615.06, 64.58, 7880.81), 
(21, "2027-01-01", 5621.93, 208.77, 16.28, 11228.87), 
(22, "2027-01-01", 10998.36, 332.6, 32.93, 19014.04), 
(23, "2027-01-01", 48871.28, 6852.48, 645.91, 114702.57), 
(24, "2027-01-01", 0, 0, 0, 0), 
(25, "2027-01-01", 12237.24, 3123.68, 221.78, 45595.84), 
(26, "2027-01-01", 01.07.1976, 07.12.2021, 0.71, 0), 
(27, "2027-01-01", 3144.03, 66.42, 01.05.1998, 7821.18), 
(28, "2027-01-01", 586.08, 34.84, 0.59, 3234.3), 
(29, "2027-01-01", 1049.48, 38.18, 02.06.2021, 6430.05), 
(30, "2027-01-01", 1800.72, 88.29, 07.05.2021, 8663.09), 
(31, "2027-01-01", 1429.27, 126.61, 07.06.2021, 1155.11), 
(32, "2027-01-01", 1743.24, 146.62, 01.12.1946, 3807.37), 
(33, "2027-01-01", 4213.34, 164, 01.09.1976, 8437.67), 
(34, "2027-01-01", 1652.53, 182.29, 13.85, 5764.35), 
(35, "2027-01-01", 8347.78, 271.67, 18.02.2021, 39226.53), 
(36, "2027-01-01", 694.8, 35, 03.04.2021, 3519.05), 
(37, "2027-01-01", 762.26, 52.57, 01.05.2021, 872.69), 
(38, "2027-01-01", 3614.01, 307.59, 21.68, 19938.88), 
(39, "2027-01-01", 17135.19, 258.03, 18.06.2021, 39787.76), 
(42, "2027-01-01", 0, 0, 0, 0), 
(43, "2027-01-01", 1432.86, 131.74, 01.10.1993, 10749.9), 
(44, "2027-01-01", 1764, 144.99, 08.07.2021, 4447.78), 
(45, "2027-01-01", 5621.93, 208.77, 16.28, 12243.26), 
(46, "2027-01-01", 0, 0, 0, 0), 
(1, "2028-01-01", 326.33, 14.01.2021, 0.63, 1564.78), 
(2, "2028-01-01", 1285.63, 109.67, 09.01.2021, 10541.23), 
(3, "2028-01-01", 0, 0, 0, 0), 
(4, "2028-01-01", 2757.7, 143.14, 01.03.1986, 2824.38), 
(5, "2028-01-01", 0, 0, 0, 0), 
(6, "2028-01-01", 4052.3, 72.98, 01.07.2015, 6149.53), 
(7, "2028-01-01", 24085.28, 955.82, 76.49, 424.18), 
(8, "2028-01-01", 0, 0, 0, 0), 
(9, "2028-01-01", 0, 0, 0, 0), 
(10, "2028-01-01", 2519.67, 76.98, 01.07.2016, 4341.37), 
(11, "2028-01-01", 205.36, 01.03.1978, 0.25, 1528.34), 
(12, "2028-01-01", 188.52, 63.21, 01.01.1977, 8762.88), 
(13, "2028-01-01", 1500.31, 109.75, 01.07.1968, 9061.48), 
(14, "2028-01-01", 550.86, 29.39, 01.01.1991, 3106.08), 
(15, "2028-01-01", 24053.29, 951.66, 76.13, 51566.03), 
(16, "2028-01-01", 31.99, 01.04.2017, 0.35, 66.25), 
(17, "2028-01-01", 1113.92, 109.83, 01.07.2014, 2063.58), 
(18, "2028-01-01", 47405.23, 1105.75, 90.67, 104533.15), 
(19, "2028-01-01", 3681.22, 174.18, 01.05.1992, 22749.48), 
(20, "2028-01-01", 4202.28, 530.71, 55.73, 7785.59), 
(21, "2028-01-01", 5164.03, 177.91, 13.88, 10866.5), 
(22, "2028-01-01", 10588.27, 309.71, 30.66, 19333.69), 
(23, "2028-01-01", 46051.72, 6144.27, 579.16, 115854.78), 
(24, "2028-01-01", 0, 0, 0, 0), 
(25, "2028-01-01", 11698.77, 2813.07, 199.73, 47793), 
(26, "2028-01-01", 01.07.2026, 01.06.1966, 0.66, 0), 
(27, "2028-01-01", 3023.77, 63.69, 01.05.1973, 7992.65), 
(28, "2028-01-01", 470.02, 21.73, 0.37, 3286.38), 
(29, "2028-01-01", 965.78, 27.18, 01.01.1947, 6074.57), 
(30, "2028-01-01", 1632.63, 79.1, 01.06.1972, 8711.43), 
(31, "2028-01-01", 1368.17, 109.55, 01.06.1957, 1064.62), 
(32, "2028-01-01", 1625.38, 131.08, 01.11.2014, 4022.48), 
(33, "2028-01-01", 3711.31, 141.79, 01.08.1944, 8091.61), 
(34, "2028-01-01", 1441.29, 152.17, 01.11.1957, 5858.09), 
(35, "2028-01-01", 7353.38, 227.32, 15.23, 38768.51), 
(36, "2028-01-01", 606.23, 29.05.2021, 01.02.1953, 4067.16), 
(37, "2028-01-01", 691.17, 44.18, 0.88, 837.71), 
(38, "2028-01-01", 3305.53, 264.45, 18.64, 20175.78), 
(39, "2028-01-01", 15605.99, 216.43, 15.15, 39398.04), 
(42, "2028-01-01", 0, 0, 0, 0), 
(43, "2028-01-01", 1285.63, 109.67, 09.01.2021, 10877.35), 
(44, "2028-01-01", 1694.83, 125.92, 01.07.1956, 4300.5), 
(45, "2028-01-01", 5164.03, 177.91, 13.88, 11843.1), 
(46, "2028-01-01", 0, 0, 0, 0);

INSERT INTO kns (id, `name`, field_id, reg_id) VALUES 
(1, "КНС-Шибалово", 33, 5), 
(2, "КНС-Семёново", 33, 5), 
(3, "КНС-Бирючово", 11, 5), 
(4, "КНС-Сычово", 18, 5), 
(5, "КНС-Сенно", 18, 5), 
(6, "КНС-Костерино", 18, 5), 
(7, "КНС-Лидь", 18, 5), 
(8, "КНС-Спирово", 18, 5), 
(9, "КНС-Косые Харчевни", 18, 5), 
(10, "КНС-Тедрово", 18, 5), 
(11, "КНС-Шульгино", 18, 5), 
(12, "КНС-Усадище-Дыми", 18, 5), 
(13, "КНС-Курята", 18, 5), 
(14, "КНС-Зубакино", 18, 5), 
(15, "КНС-Яковлево", 18, 5), 
(16, "КНС-Плутино", 18, 5), 
(17, "КНС-Болото", 18, 5), 
(18, "КНС-Струги", 18, 5), 
(19, "КНС-Борки", 18, 5), 
(20, "КНС-Половное", 18, 5), 
(21, "КНС-Пожарище", 18, 5), 
(22, "КНС-Бочатино", 18, 5), 
(23, "КНС-Корвала", 18, 5), 
(24, "КНС-Подборовье", 6, 5), 
(25, "КНС-Угол", 6, 5), 
(26, "КНС-Ефимовский", 38, 4), 
(27, "КНС-Белая", 38, 4), 
(28, "КНС-Дуброва", 38, 4), 
(29, "КНС-Золотово", 38, 4), 
(30, "КНС-Чевакино", 38, 4), 
(31, "КНС-Головково", 21, 4), 
(32, "КНС-Овинец", 21, 4), 
(33, "КНС-Коргорка", 21, 4), 
(34, "КНС-Лукинское", 21, 4), 
(35, "КНС-Колбеки", 15, 4), 
(36, "КНС-Слизиха", 15, 4), 
(37, "КНС-Новое", 15, 4), 
(38, "КНС-Красная Речка", 15, 4), 
(39, "КНС-Чурилова Гора", 15, 4), 
(40, "КНС-Прокушево", 15, 4), 
(41, "КНС-Косой Ухаб", 30, 4), 
(42, "КНС-Усадище", 31, 4), 
(43, "КНС-Горелуха", 31, 4), 
(44, "КНС-Падихино", 35, 3), 
(45, "КНС-Бурково", 35, 3), 
(46, "КНС-Перегорода", 35, 3), 
(47, "КНС-Мошня", 35, 3), 
(48, "КНС-Велье", 35, 3), 
(49, "КНС-Горушка", 39, 3), 
(50, "КНС-Заборье", 35, 3), 
(51, "КНС-Перунь", 35, 3), 
(52, "КНС-Дмитрово", 39, 3), 
(53, "КНС-Пикалёво", 36, 3), 
(54, "КНС-Мулёво", 36, 3), 
(55, "КНС-Ларьян", 2, 3), 
(56, "КНС-Сосновый Бор", 39, 3), 
(57, "КНС-Нижница", 39, 3), 
(58, "КНС-Ивановское", 39, 3), 
(59, "КНС-Старина", 39, 3), 
(60, "КНС-Карповская", 39, 3), 
(61, "КНС-Пакшеево", 39, 3), 
(62, "КНС-Григоркино", 39, 3), 
(63, "КНС-Белячиха", 20, 5), 
(64, "КНС-Тарасово", 20, 5), 
(65, "КНС-Корталы-Усадище", 20, 5), 
(66, "КНС-Ольеши", 23, 1), 
(67, "КНС-Мозолёво-1", 23, 1), 
(68, "КНС-Синёнка", 23, 1), 
(69, "КНС-Черкасова Горка", 23, 1), 
(70, "КНС-Пятино", 23, 1), 
(71, "КНС-Новиково", 23, 1), 
(72, "КНС-Большой Остров", 23, 1), 
(73, "КНС-Радогощь", 23, 1), 
(74, "КНС-Малый Ручей", 23, 1), 
(75, "КНС-Никольское", 23, 1), 
(76, "КНС-Ростань", 23, 1), 
(77, "КНС-Бочево", 23, 1), 
(78, "КНС-Бокситогорск", 23, 1), 
(79, "КНС-Сухая Нива", 23, 1), 
(80, "КНС-Бередниково", 23, 1), 
(81, "КНС-Новинка", 23, 1), 
(82, "КНС-Пудрино", 23, 1), 
(83, "КНС-Красный Броневик", 23, 1), 
(84, "КНС-Толсть", 23, 1), 
(85, "КНС-Сельхозтехника", 23, 1), 
(86, "КНС-Мыза", 23, 1), 
(87, "КНС-Подбережье", 25, 2), 
(88, "КНС-Ионино", 25, 2), 
(89, "КНС-Василёво", 25, 2), 
(90, "КНС-Турково", 25, 2), 
(91, "КНС-Пустая Глина", 25, 2), 
(92, "КНС-Масляная Гора", 25, 2), 
(93, "КНС-Дубровка", 25, 2), 
(94, "КНС-Верховье", 26, 2), 
(95, "КНС-Журавлёво", 13, 2), 
(96, "КНС-Логиново", 22, 2), 
(97, "КНС-Дятелка", 30, 2), 
(98, "КНС-Сёгла", 22, 2), 
(99, "КНС-Чудцы", 22, 2), 
(100, "КНС-Труфаново", 13, 2), 
(101, "КНС-Пронино", 27, 2), 
(102, "КНС-Калитки", 1, 2), 
(103, "КНС-Забелье", 32, 4), 
(104, "КНС-Красный Бор", 32, 4), 
(105, "КНС-Бороватое", 19, 4), 
(106, "КНС-Якшино", 10, 4), 
(107, "КНС-Чисть", 14, 4), 
(108, "КНС-Ульяновщина", 17, 4), 
(109, "КНС-Заречье", 23, 1), 
(110, "КНС-Паньково", 28, 3), 
(111, "КНС-Васьково", 10, 4), 
(112, "КНС-Дыми", 34, 4), 
(113, "КНС-Чайгино", 35, 3);

INSERT INTO pads (id, `name`, field_id, reg_id, dns_id, kns_fld_id, kns_int_id, q_oil, q_liq, q_fld, q_intk) VALUES 
(1, "1", 1, 2, 60, 102, 102, 444.853, 512.000, 1118.000, 708.000), 
(2, "3", 1, 2, 60, 102, NULL, 151.523, 181.000, 500.000, 0.000), 
(3, "5", 1, 2, 60, 102, NULL, 438.884, 519.000, 131.000, 0.000), 
(4, "6", 1, 2, 60, 102, NULL, 401.791, 466.000, 600.000, 0.000), 
(5, "2", 1, 2, 60, 102, NULL, 183.278, 219.000, 170.000, 0.000), 
(6, "0", 1, 2, 60, NULL, NULL, 118.850, 142.000, 0.000, 0.000), 
(7, "203", 2, 3, 32, 3, NULL, 37.609, 45.000, 484.000, 0.000), 
(8, "0", 2, 3, 32, 55, NULL, 205.237, 244.000, 224.000, 0.000), 
(9, "151", 2, 3, 29, 55, 102, 25.764, 30.000, 24.000, 200.000), 
(10, "152", 2, 3, 29, 3, NULL, 21.386, 25.000, 64.000, 0.000), 
(11, "154", 2, 3, 29, NULL, NULL, 23.745, 28.000, 0.000, 0.000), 
(12, "204А", 2, 3, 32, 102, NULL, 258.471, 309.000, 987.000, 0.000), 
(13, "303", 2, 3, 34, 3, 55, 1122.288, 1334.000, 2060.000, 2440.000), 
(14, "302", 2, 3, 34, 55, 55, 1691.915, 2011.000, 1745.000, 1920.000), 
(15, "204", 2, 3, 32, 55, NULL, 624.319, 746.000, 896.000, 0.000), 
(16, "205", 2, 3, 32, 55, 3, 770.601, 920.000, 1353.000, 15146.000), 
(17, "207", 2, 3, 32, 55, NULL, 762.249, 910.000, 625.000, 0.000), 
(18, "206", 2, 3, 32, 55, NULL, 223.486, 268.000, 1254.000, 0.000), 
(19, "305", 2, 3, 29, NULL, 55, 3.414, 4.000, 0.000, 490.000), 
(20, "208", 2, 3, 32, 55, NULL, 1055.919, 1262.000, 1175.000, 0.000), 
(21, "209", 2, 3, 32, 55, NULL, 366.036, 437.000, 1089.000, 0.000), 
(22, "210", 2, 3, 32, 55, NULL, 1003.642, 1199.000, 1328.000, 0.000), 
(23, "0", 4, 3, 94, NULL, NULL, 0.851, 1.000, 0.000, 0.000), 
(24, "2", 4, 3, 94, NULL, NULL, 3344.472, 3811.000, 0.000, 0.000), 
(25, "1", 4, 3, 94, 55, NULL, 6171.159, 7009.000, 4055.000, 0.000), 
(26, "4", 4, 3, 94, NULL, NULL, 1173.241, 1338.000, 173.000, 189.000), 
(27, "6", 4, 3, 94, NULL, NULL, 1116.906, 1273.000, 0.000, 0.000), 
(28, "2", 6, 3, 63, NULL, NULL, 1209.824, 1394.000, 0.000, 0.000), 
(29, "4025", 6, 3, 63, 24, NULL, 561.946, 650.000, 4987.000, 0.000), 
(30, "3", 6, 3, 63, NULL, NULL, 3870.549, 4444.000, 0.000, 0.000), 
(31, "4", 6, 3, 63, 24, NULL, 994.367, 1150.000, 2418.000, 0.000), 
(32, "31", 6, 3, 63, NULL, NULL, 17.290, 20.000, 0.000, 0.000), 
(33, "34", 6, 3, 63, NULL, NULL, 2773.018, 3176.000, 0.000, 0.000), 
(34, "37", 6, 3, 63, NULL, NULL, 1209.225, 1381.000, 0.000, 0.000), 
(35, "39", 6, 3, 63, NULL, NULL, 789.086, 913.000, 0.000, 0.000), 
(36, "33", 6, 3, 63, NULL, NULL, 260.250, 301.000, 0.000, 0.000), 
(37, "38", 6, 3, 63, NULL, NULL, 1341.958, 1534.000, 0.000, 0.000), 
(38, "32", 6, 3, 63, NULL, NULL, 429.051, 489.000, 0.000, 0.000), 
(39, "8", 6, 3, 63, 24, NULL, 8.775, 10.000, 996.000, 0.000), 
(40, "6", 6, 3, 63, 24, NULL, 278.194, 317.000, 1383.000, 0.000), 
(41, "7", 6, 3, 63, 24, NULL, 296.534, 343.000, 2447.000, 0.000), 
(42, "18", 6, 3, 63, NULL, NULL, 884.348, 1017.000, 0.000, 0.000), 
(43, "0", 6, 3, 63, NULL, NULL, 90.609, 103.000, 0.000, 0.000), 
(44, "105", 6, 3, 63, NULL, NULL, 1415.210, 1626.000, 0.000, 0.000), 
(45, "330", 6, 3, 13, NULL, NULL, 702.935, 813.000, 0.000, 0.000), 
(46, "334", 6, 3, 63, NULL, NULL, 874.964, 1012.000, 0.000, 0.000), 
(47, "331", 6, 3, 13, NULL, NULL, 219.613, 254.000, 0.000, 0.000), 
(48, "329А", 6, 3, 13, NULL, NULL, 611.286, 707.000, 0.000, 0.000), 
(49, "325А", 6, 3, 13, NULL, NULL, 338.931, 392.000, 0.000, 0.000), 
(50, "18", 8, 4, 76, 24, NULL, 629.622, 741.000, 1254.000, 0.000), 
(51, "19", 8, 4, 76, NULL, NULL, 460.098, 540.000, 793.000, 0.000), 
(52, "17", 8, 4, 76, NULL, NULL, 850.500, 999.000, 1125.000, 0.000), 
(53, "14", 8, 4, 76, NULL, NULL, 1126.703, 1330.000, 1287.000, 0.000), 
(54, "1", 8, 4, 76, NULL, NULL, 218.904, 259.000, 216.000, 424.000), 
(55, "4", 8, 4, 76, NULL, 24, 23.720, 28.000, 327.000, 313.000), 
(56, "8", 8, 4, 76, NULL, NULL, 1.687, 2.000, 0.000, 0.000), 
(57, "0", 19, 4, 95, NULL, NULL, 189.582, 217.000, 225.000, 0.000), 
(58, "1", 19, 4, 95, NULL, NULL, 7358.988, 8457.000, 1967.000, 0.000), 
(59, "3", 19, 4, 95, NULL, NULL, 5258.890, 6045.000, 5807.000, 0.000), 
(60, "2", 19, 4, 95, NULL, NULL, 3635.243, 4182.000, 1179.000, 0.000), 
(61, "5", 19, 4, 95, NULL, NULL, 539.744, 616.000, 0.000, 610.000), 
(62, "1", 10, 4, 77, NULL, NULL, 42.820, 51.000, 0.000, 0.000), 
(63, "2", 10, 4, 77, NULL, NULL, 2.519, 3.000, 491.000, 5460.000), 
(64, "6", 10, 4, 77, NULL, NULL, 40.350, 48.000, 0.000, 0.000), 
(65, "11", 10, 4, 77, NULL, NULL, 727.504, 866.000, 250.000, 0.000), 
(66, "12", 10, 4, 77, NULL, NULL, 839.099, 999.000, 1038.000, 0.000), 
(67, "14", 10, 4, 77, NULL, NULL, 411.531, 490.000, 1008.000, 0.000), 
(68, "13", 10, 4, 77, NULL, NULL, 118.507, 141.000, 739.000, 0.000), 
(69, "15", 10, 4, 77, NULL, NULL, 158.697, 189.000, 662.000, 0.000), 
(70, "16", 10, 4, 77, NULL, NULL, 115.068, 137.000, 338.000, 0.000), 
(71, "17", 10, 4, 77, NULL, NULL, 404.030, 481.000, 184.000, 0.000), 
(72, "18", 10, 4, 77, NULL, NULL, 872.793, 1039.000, 91.000, 0.000), 
(73, "38", 10, 4, 77, NULL, NULL, 782.010, 929.000, 1817.000, 0.000), 
(74, "22", 10, 4, 77, NULL, NULL, 261.287, 308.000, 67.000, 0.000), 
(75, "20", 10, 4, 77, NULL, NULL, 102.671, 119.000, 58.000, 0.000), 
(76, "34", 10, 4, 77, NULL, NULL, 247.982, 290.000, 779.000, 1130.000), 
(77, "26", 10, 4, 77, NULL, NULL, 357.350, 417.000, 741.000, 0.000), 
(78, "26Б", 10, 4, 77, NULL, NULL, 666.562, 776.000, 296.000, 0.000), 
(79, "0", 10, 4, 77, NULL, NULL, 324.997, 387.000, 0.000, 0.000), 
(80, "36", 10, 4, 77, NULL, NULL, 1211.440, 1406.000, 2347.000, 0.000), 
(81, "21", 10, 4, 77, NULL, NULL, 218.110, 253.000, 259.000, 0.000), 
(82, "32", 10, 4, 77, NULL, NULL, 634.529, 755.000, 327.000, 0.000), 
(83, "22Б", 10, 4, 77, NULL, NULL, 412.228, 486.000, 777.000, 1250.000), 
(84, "31", 10, 4, 77, NULL, NULL, 341.715, 396.000, 1688.000, 0.000), 
(85, "37.1", 10, 4, 77, NULL, NULL, 337.255, 391.000, 0.000, 0.000), 
(86, "33", 10, 4, 77, NULL, NULL, 133.517, 159.000, 259.000, 0.000), 
(87, "18Б", 10, 4, 77, NULL, NULL, 202.152, 239.000, 665.000, 0.000), 
(88, "13Б", 10, 4, 77, NULL, NULL, 727.129, 865.000, 0.000, 0.000), 
(89, "55", 11, 3, 3, NULL, NULL, 493.657, 577.000, 0.000, 0.000), 
(90, "52", 11, 3, 3, NULL, NULL, 844.032, 983.000, 1861.000, 0.000), 
(91, "53", 11, 3, 3, 3, NULL, 794.858, 929.000, 990.000, 0.000), 
(92, "59", 11, 3, 3, 3, NULL, 163.423, 191.000, 1708.000, 0.000), 
(93, "54", 11, 3, 3, NULL, NULL, 362.939, 424.000, 0.000, 0.000), 
(94, "58", 11, 3, 3, 3, NULL, 717.469, 830.000, 732.000, 0.000), 
(95, "56", 11, 3, 3, 3, NULL, 841.691, 976.000, 1035.000, 0.000), 
(96, "57", 11, 3, 3, 3, NULL, 526.091, 610.000, 544.000, 0.000), 
(97, "0", 11, 3, 3, NULL, NULL, 8.555, 10.000, 0.000, 0.000), 
(98, "4", 12, 4, 96, NULL, NULL, 1989.250, 2245.000, 0.000, 0.000), 
(99, "0", 12, 4, 96, NULL, NULL, 13.250, 15.000, 0.000, 0.000), 
(100, "0", 14, 4, 78, NULL, NULL, 0.862, 1.000, 0.000, 0.000), 
(101, "8", 14, 4, 78, NULL, NULL, 4.312, 5.000, 0.000, 0.000), 
(102, "5", 14, 4, 78, NULL, NULL, 21.578, 25.000, 0.000, 0.000), 
(103, "11", 14, 4, 78, NULL, NULL, 2.587, 3.000, 0.000, 0.000), 
(104, "10", 14, 4, 78, NULL, NULL, 8.634, 10.000, 0.000, 0.000), 
(105, "2", 14, 4, 78, NULL, NULL, 1.735, 2.000, 0.000, 0.000), 
(106, "17", 14, 4, 78, NULL, NULL, 0.862, 1.000, 0.000, 0.000), 
(107, "21", 14, 4, 78, 3, 31, 573.352, 664.000, 780.000, 529.000), 
(108, "0", 15, 4, 21, NULL, NULL, 369.201, 425.000, 0.000, 0.000), 
(109, "604", 15, 4, 19, 39, NULL, 661.249, 783.000, 3529.000, 0.000), 
(110, "551А", 15, 4, 21, 39, NULL, 1556.878, 1811.000, 1619.000, 0.000), 
(111, "557В", 15, 4, 21, 31, NULL, 180.920, 214.000, 2562.000, 0.000), 
(112, "1", 15, 4, 21, 35, 43, 1406.670, 1626.000, 1256.000, 10714.000), 
(113, "555", 15, 4, 21, 38, NULL, 436.671, 508.000, 1768.000, 0.000), 
(114, "589", 15, 4, 22, 39, NULL, 451.019, 522.000, 301.000, 0.000), 
(115, "541", 15, 4, 21, 39, NULL, 167.315, 195.000, 45.000, 0.000), 
(116, "549", 15, 4, 22, 39, NULL, 242.636, 287.000, 317.000, 0.000), 
(117, "605", 15, 4, 19, 39, NULL, 186.746, 221.000, 2571.000, 0.000), 
(118, "524", 15, 4, 21, 39, NULL, 223.946, 265.000, 328.000, 0.000), 
(119, "557А", 15, 4, 21, 39, NULL, 2267.395, 2621.000, 364.000, 0.000), 
(120, "562", 15, 4, 21, 39, NULL, 700.100, 816.000, 1484.000, 0.000), 
(121, "561", 15, 4, 21, 39, NULL, 1182.767, 1369.000, 2244.000, 0.000), 
(122, "557Б", 15, 4, 21, 35, NULL, 265.529, 307.000, 997.000, 0.000), 
(123, "569", 15, 4, 21, 39, NULL, 279.897, 328.000, 2142.000, 0.000), 
(124, "540", 15, 4, 21, 39, NULL, 1281.339, 1477.000, 1712.000, 0.000), 
(125, "565", 15, 4, 21, 39, NULL, 678.574, 788.000, 556.000, 0.000), 
(126, "701", 15, 4, 22, 39, NULL, 847.507, 987.000, 1504.000, 0.000), 
(127, "702", 15, 4, 22, 39, NULL, 2250.736, 2603.000, 3783.000, 0.000), 
(128, "650", 15, 4, 22, 39, NULL, 1441.357, 1660.000, 1825.000, 0.000), 
(129, "513", 15, 4, 21, 39, NULL, 351.348, 410.000, 833.000, 0.000), 
(130, "617", 15, 4, 19, 39, NULL, 1247.816, 1444.000, 1252.000, 0.000), 
(131, "559А", 15, 4, 21, 38, NULL, 439.765, 518.000, 533.000, 0.000), 
(132, "546", 15, 4, 22, 39, NULL, 1229.184, 1418.000, 1264.000, 0.000), 
(133, "543", 15, 4, 22, 39, NULL, 2015.429, 2324.000, 1151.000, 0.000), 
(134, "568А", 15, 4, 21, 39, NULL, 701.818, 816.000, 732.000, 0.000), 
(135, "685", 15, 4, 19, 35, NULL, 154.379, 182.000, 1271.000, 0.000), 
(136, "539", 15, 4, 19, 35, NULL, 433.816, 513.000, 866.000, 0.000), 
(137, "622", 15, 4, 19, 35, NULL, 731.143, 865.000, 3592.000, 0.000), 
(138, "518Б", 15, 4, 19, 35, NULL, 307.248, 362.000, 252.000, 0.000), 
(139, "642", 15, 4, 22, 39, NULL, 697.825, 822.000, 1061.000, 0.000), 
(140, "512.1", 15, 4, 21, 39, NULL, 165.127, 195.000, 381.000, 0.000), 
(141, "514", 15, 4, 22, 39, NULL, 432.066, 510.000, 640.000, 0.000), 
(142, "566А", 15, 4, 97, 39, NULL, 202.426, 239.000, 413.000, 0.000), 
(143, "560", 15, 4, 21, 39, NULL, 2406.792, 2777.000, 2961.000, 0.000), 
(144, "554А", 15, 4, 21, 39, NULL, 1315.107, 1524.000, 577.000, 0.000), 
(145, "554", 15, 4, 21, 38, NULL, 1689.675, 1961.000, 871.000, 0.000), 
(146, "507", 15, 4, 21, 39, NULL, 734.604, 869.000, 1280.000, 0.000), 
(147, "518", 15, 4, 19, 39, NULL, 515.697, 609.000, 670.000, 0.000), 
(148, "524Б", 15, 4, 19, NULL, NULL, 236.750, 280.000, 0.000, 0.000), 
(149, "566", 15, 4, 97, 39, NULL, 431.470, 500.000, 1548.000, 0.000), 
(150, "519", 15, 4, 21, 39, NULL, 497.807, 589.000, 494.000, 0.000), 
(151, "557", 15, 4, 21, 39, NULL, 2834.616, 3265.000, 1419.000, 0.000), 
(152, "530", 15, 4, 21, 39, NULL, 382.222, 452.000, 1694.000, 0.000), 
(153, "567А", 15, 4, 21, 39, NULL, 137.684, 163.000, 1855.000, 0.000), 
(154, "567Б", 15, 4, 21, 39, NULL, 540.358, 632.000, 473.000, 0.000), 
(155, "581", 15, 4, 21, 39, NULL, 805.014, 931.000, 1825.000, 0.000), 
(156, "504", 15, 4, 21, 39, NULL, 568.932, 670.000, 1584.000, 0.000), 
(157, "523", 15, 4, 21, 39, NULL, 51.787, 61.000, 1480.000, 0.000), 
(158, "572", 15, 4, 21, 39, NULL, 964.961, 1116.000, 2839.000, 0.000), 
(159, "590", 15, 4, 22, 39, NULL, 393.757, 465.000, 491.000, 0.000), 
(160, "616", 15, 4, 19, 39, NULL, 313.167, 370.000, 1289.000, 0.000), 
(161, "616Б", 15, 4, 19, 39, NULL, 275.300, 325.000, 996.000, 0.000), 
(162, "575", 15, 4, 21, 39, NULL, 99.548, 118.000, 705.000, 0.000), 
(163, "571", 15, 4, 21, 35, NULL, 128.487, 152.000, 742.000, 0.000), 
(164, "552А", 15, 4, 21, 39, NULL, 202.076, 236.000, 585.000, 0.000), 
(165, "553А", 15, 4, 21, 39, NULL, 1938.937, 2249.000, 1931.000, 0.000), 
(166, "585", 15, 4, 22, 39, NULL, 474.217, 554.000, 1072.000, 0.000), 
(167, "548А", 15, 4, 22, NULL, NULL, 388.503, 459.000, 0.000, 0.000), 
(168, "1А", 15, 4, 21, 39, NULL, 1319.723, 1528.000, 507.000, 0.000), 
(169, "573", 15, 4, 22, 39, NULL, 357.317, 422.000, 2045.000, 0.000), 
(170, "582", 15, 4, 22, 39, NULL, 1470.888, 1702.000, 2277.000, 0.000), 
(171, "523Г", 15, 4, 21, 39, NULL, 64.388, 76.000, 304.000, 0.000), 
(172, "588", 15, 4, 22, 39, NULL, 175.611, 207.000, 2078.000, 0.000), 
(173, "576А", 15, 4, 21, NULL, NULL, 204.871, 242.000, 0.000, 0.000), 
(174, "556А", 15, 4, 21, 39, NULL, 999.771, 1162.000, 1463.000, 0.000), 
(175, "582А", 15, 4, 22, 39, NULL, 821.125, 952.000, 661.000, 0.000), 
(176, "547А", 15, 4, 22, 39, NULL, 142.367, 168.000, 72.000, 0.000), 
(177, "547", 15, 4, 22, 39, NULL, 172.158, 203.000, 402.000, 0.000), 
(178, "541Б", 15, 4, 21, 39, NULL, 209.538, 243.000, 265.000, 0.000), 
(179, "564А", 15, 4, 21, 39, NULL, 104.966, 124.000, 335.000, 0.000), 
(180, "540А", 15, 4, 21, 39, NULL, 217.834, 257.000, 421.000, 0.000), 
(181, "583", 15, 4, 22, 39, NULL, 717.444, 832.000, 1150.000, 0.000), 
(182, "542", 15, 4, 22, 35, NULL, 36.680, 43.000, 1756.000, 0.000), 
(183, "555А", 15, 4, 21, 39, NULL, 1292.770, 1499.000, 461.000, 0.000), 
(184, "564", 15, 4, 21, 39, 38, 197.133, 231.000, 1448.000, 0.000), 
(185, "558А", 15, 4, 21, 39, NULL, 552.843, 639.000, 1346.000, 0.000), 
(186, "559", 15, 4, 21, 39, NULL, 878.183, 1023.000, 1757.000, 0.000), 
(187, "586", 15, 4, 22, 39, NULL, 390.004, 455.000, 934.000, 0.000), 
(188, "568", 15, 4, 21, 39, NULL, 212.102, 251.000, 359.000, 0.000), 
(189, "574А", 15, 4, 22, 39, NULL, 135.415, 158.000, 11.000, 0.000), 
(190, "548", 15, 4, 22, 39, NULL, 110.086, 130.000, 578.000, 0.000), 
(191, "572А", 15, 4, 21, 39, NULL, 174.104, 206.000, 2135.000, 0.000), 
(192, "523Б", 15, 4, 21, NULL, NULL, 69.214, 82.000, 0.000, 0.000), 
(193, "523В", 15, 4, 21, 35, NULL, 1.702, 2.000, 85.000, 0.000), 
(194, "602Б", 15, 4, 19, NULL, NULL, 503.865, 597.000, 0.000, 0.000), 
(195, "600", 15, 4, 19, 35, NULL, 196.114, 232.000, 1338.000, 0.000), 
(196, "602", 15, 4, 19, 35, NULL, 546.861, 648.000, 3753.000, 0.000), 
(197, "605Б", 15, 4, 19, NULL, NULL, 677.436, 801.000, 0.000, 0.000), 
(198, "596", 15, 4, 19, 35, NULL, 452.151, 535.000, 1074.000, 0.000), 
(199, "597", 15, 4, 19, 35, NULL, 129.416, 153.000, 746.000, 0.000), 
(200, "570", 15, 4, 21, 35, NULL, 183.260, 216.000, 777.000, 0.000), 
(201, "619", 15, 4, 19, 39, NULL, 400.912, 474.000, 1031.000, 0.000), 
(202, "615БИС", 15, 4, 19, NULL, NULL, 602.367, 711.000, 0.000, 0.000), 
(203, "618", 15, 4, 19, 35, NULL, 439.748, 520.000, 2758.000, 0.000), 
(204, "615", 15, 4, 19, 39, NULL, 136.221, 161.000, 1026.000, 0.000), 
(205, "621Б", 15, 4, 19, 35, NULL, 747.055, 884.000, 1554.000, 0.000), 
(206, "621", 15, 4, 19, 35, NULL, 730.730, 865.000, 1155.000, 0.000), 
(207, "660", 15, 4, 19, 35, NULL, 569.479, 673.000, 635.000, 0.000), 
(208, "640", 15, 4, 19, 35, NULL, 804.498, 950.000, 1094.000, 0.000), 
(209, "672", 15, 4, 19, 35, NULL, 843.057, 995.000, 1101.000, 0.000), 
(210, "631", 15, 4, 20, 39, NULL, 620.877, 735.000, 847.000, 0.000), 
(211, "627", 15, 4, 20, 35, NULL, 1068.553, 1266.000, 1704.000, 0.000), 
(212, "647.1", 15, 4, 20, 35, NULL, 975.739, 1155.000, 1559.000, 0.000), 
(213, "647.2", 15, 4, 20, 35, NULL, 618.199, 731.000, 1044.000, 0.000), 
(214, "641", 15, 4, 20, 35, NULL, 1765.280, 2091.000, 2010.000, 0.000), 
(215, "625", 15, 4, 19, 35, NULL, 1105.130, 1309.000, 1568.000, 0.000), 
(216, "632", 15, 4, 20, 35, NULL, 1772.784, 2099.000, 2446.000, 0.000), 
(217, "628", 15, 4, 20, 35, NULL, 1448.431, 1716.000, 1860.000, 0.000), 
(218, "686", 15, 4, 20, 35, NULL, 493.821, 582.000, 854.000, 0.000), 
(219, "637.2", 15, 4, 19, 35, NULL, 526.510, 622.000, 1170.000, 0.000), 
(220, "637.1", 15, 4, 19, 35, NULL, 455.665, 538.000, 730.000, 0.000), 
(221, "639", 15, 4, 19, 35, NULL, 514.413, 609.000, 1419.000, 0.000), 
(222, "624", 15, 4, 19, 35, NULL, 1351.959, 1602.000, 2663.000, 0.000), 
(223, "644", 15, 4, 19, 35, NULL, 736.293, 870.000, 1820.000, 0.000), 
(224, "633", 15, 4, 19, 35, NULL, 665.238, 788.000, 1290.000, 0.000), 
(225, "651", 15, 4, 20, 35, NULL, 520.756, 616.000, 1184.000, 0.000), 
(226, "623", 15, 4, 19, 35, NULL, 1496.434, 1772.000, 2621.000, 0.000), 
(227, "538", 15, 4, 19, 35, NULL, 412.131, 487.000, 585.000, 0.000), 
(228, "594", 15, 4, 19, 35, NULL, 864.671, 1023.000, 1481.000, 0.000), 
(229, "598", 15, 4, 19, 35, NULL, 673.306, 797.000, 1143.000, 0.000), 
(230, "599", 15, 4, 19, 35, NULL, 132.881, 157.000, 843.000, 0.000), 
(231, "533", 15, 4, 19, 35, NULL, 312.502, 369.000, 820.000, 0.000), 
(232, "531", 15, 4, 19, 35, NULL, 513.845, 607.000, 1202.000, 0.000), 
(233, "535", 15, 4, 19, 39, NULL, 338.507, 400.000, 976.000, 0.000), 
(234, "595", 15, 4, 19, 35, NULL, 457.074, 540.000, 1070.000, 0.000), 
(235, "652", 15, 4, 22, 35, NULL, 526.684, 623.000, 886.000, 0.000), 
(236, "503", 15, 4, 21, 39, NULL, 394.425, 465.000, 545.000, 0.000), 
(237, "700", 15, 4, 22, 35, NULL, 674.189, 793.000, 1375.000, 0.000), 
(238, "649", 15, 4, 22, 39, NULL, 104.229, 123.000, 220.000, 0.000), 
(239, "649Б", 15, 4, 22, 39, NULL, 49.836, 59.000, 112.000, 0.000), 
(240, "608.1", 15, 4, 22, 39, NULL, 178.457, 211.000, 416.000, 0.000), 
(241, "661", 15, 4, 22, 39, NULL, 240.825, 284.000, 508.000, 0.000), 
(242, "677", 15, 4, 22, 39, NULL, 358.923, 420.000, 1460.000, 0.000), 
(243, "608.2", 15, 4, 22, 39, NULL, 77.793, 92.000, 15.000, 0.000), 
(244, "551", 15, 4, 21, 35, NULL, 1044.083, 1208.000, 1377.000, 0.000), 
(245, "553", 15, 4, 21, 38, NULL, 1595.128, 1838.000, 330.000, 0.000), 
(246, "552", 15, 4, 21, 38, NULL, 454.696, 527.000, 589.000, 0.000), 
(247, "556", 15, 4, 21, 38, NULL, 71.272, 83.000, 1369.000, 0.000), 
(248, "558", 15, 4, 21, 38, NULL, 198.056, 228.000, 886.000, 0.000), 
(249, "567", 15, 4, 21, 39, NULL, 495.910, 571.000, 281.000, 0.000), 
(250, "576", 15, 4, 21, 39, NULL, 59.532, 69.000, 1976.000, 0.000), 
(251, "574", 15, 4, 22, 39, NULL, 367.642, 424.000, 159.000, 0.000), 
(252, "583Б", 15, 4, 22, 38, NULL, 645.970, 746.000, 1499.000, 0.000), 
(253, "668.1", 15, 4, 20, 35, NULL, 1349.273, 1598.000, 2358.000, 0.000), 
(254, "648", 15, 4, 20, 35, NULL, 626.688, 739.000, 879.000, 0.000), 
(255, "630", 15, 4, 20, 39, NULL, 897.476, 1063.000, 2067.000, 0.000), 
(256, "668.2", 15, 4, 20, 35, NULL, 714.537, 845.000, 930.000, 0.000), 
(257, "659.1", 15, 4, 20, 35, NULL, 1758.890, 2082.000, 1870.000, 0.000), 
(258, "671", 15, 4, 20, 35, NULL, 906.049, 1065.000, 1365.000, 0.000), 
(259, "508", 15, 4, 21, 35, NULL, 260.876, 308.000, 897.000, 0.000), 
(260, "707.1", 15, 4, 19, 35, NULL, 878.906, 1036.000, 1273.000, 0.000), 
(261, "645", 15, 4, 19, 35, NULL, 436.141, 515.000, 1447.000, 0.000), 
(262, "708.1", 15, 4, 19, 35, NULL, 813.842, 961.000, 1533.000, 0.000), 
(263, "708.2", 15, 4, 19, 35, NULL, 992.653, 1171.000, 1587.000, 0.000), 
(264, "707.2", 15, 4, 19, 39, NULL, 479.858, 567.000, 1062.000, 0.000), 
(265, "4", 16, 4, NULL, NULL, NULL, 34.671, 41.000, 0.000, 0.000), 
(266, "2", 16, 4, NULL, 35, NULL, 59.972, 71.000, 14.000, 0.000), 
(267, "0", 17, 4, 98, NULL, NULL, 70.888, 84.000, 0.000, 0.000), 
(268, "44237", 17, 4, NULL, NULL, NULL, 893.216, 1056.000, 1610.000, 0.000), 
(269, "8", 17, 4, 98, 1, NULL, 957.392, 1131.000, 1292.000, 0.000), 
(270, "9", 17, 4, 98, 1, NULL, 909.123, 1076.000, 1730.000, 0.000), 
(271, "44206", 17, 4, NULL, NULL, NULL, 1071.668, 1266.000, 1450.000, 0.000), 
(272, "804", 17, 4, 98, 1, NULL, 1787.266, 2113.000, 1481.000, 0.000), 
(273, "803", 17, 4, 98, 1, NULL, 1704.854, 2010.000, 2984.000, 0.000), 
(274, "806", 17, 4, 98, 1, NULL, 2384.365, 2805.000, 1326.000, 0.000), 
(275, "802", 17, 4, 98, 1, NULL, 1557.101, 1830.000, 2339.000, 0.000), 
(276, "0", 18, 3, 79, 7, 35, 1503.664, 1739.000, 2857.444, 0.000), 
(277, "15М", 18, 3, 6, 7, NULL, 0.834, 1.000, 1553.000, 0.000), 
(278, "4МА", 18, 3, 6, 11, NULL, 2149.320, 2486.000, 3184.000, 0.000), 
(279, "7МА", 18, 3, 8, NULL, NULL, 967.173, 1118.000, 0.000, 0.000), 
(280, "12М", 18, 3, 6, NULL, NULL, 909.023, 1049.000, 0.000, 0.000), 
(281, "28А", 18, 3, 5, NULL, NULL, 852.804, 986.000, 0.000, 0.000), 
(282, "103", 18, 3, 5, 11, NULL, 682.184, 789.000, 1218.000, 0.000), 
(283, "32", 18, 3, 2, NULL, NULL, 1412.955, 1633.000, 0.000, 0.000), 
(284, "110", 18, 3, 12, 11, NULL, 16.348, 19.000, 1904.000, 0.000), 
(285, "44А", 18, 3, 2, 13, NULL, 375.245, 434.000, 526.000, 0.000), 
(286, "347", 18, 3, 6, NULL, NULL, 3465.708, 3974.000, 0.000, 0.000), 
(287, "261", 18, 3, 5, 23, NULL, 1391.032, 1609.000, 1242.000, 0.000), 
(288, "406", 18, 3, 6, 15, NULL, 648.629, 750.000, 431.000, 0.000), 
(289, "463", 18, 3, 6, 7, NULL, 232.747, 269.000, 918.000, 0.000), 
(290, "479", 18, 3, 6, NULL, NULL, 392.777, 454.000, 0.000, 0.000), 
(291, "13М", 18, 3, 6, NULL, NULL, 1040.740, 1202.000, 0.000, 0.000), 
(292, "2Б", 18, 3, 8, 15, NULL, 688.530, 796.000, 655.000, 0.000), 
(293, "624", 18, 3, 2, 15, NULL, 1098.547, 1268.000, 207.000, 0.000), 
(294, "68Б", 18, 3, 79, 5, NULL, 1816.291, 2089.000, 4104.000, 0.000), 
(295, "259", 18, 3, 5, 13, NULL, 1132.643, 1310.000, 1395.000, 0.000), 
(296, "8М", 18, 3, 6, NULL, NULL, 782.025, 904.000, 0.000, 0.000), 
(297, "290", 18, 3, 12, 13, NULL, 636.295, 736.000, 3154.000, 0.000), 
(298, "361", 18, 3, 6, NULL, NULL, 2187.062, 2529.000, 0.000, 0.000), 
(299, "268А", 18, 3, 5, NULL, NULL, 1181.872, 1367.000, 0.000, 0.000), 
(300, "412", 18, 3, 6, NULL, NULL, 2439.009, 2821.000, 0.000, 0.000), 
(301, "570", 18, 3, 8, NULL, NULL, 1069.699, 1237.000, 0.000, 0.000), 
(302, "101", 18, 3, 5, NULL, NULL, 1896.745, 2194.000, 0.000, 0.000), 
(303, "707А", 18, 3, 62, NULL, NULL, 1081.048, 1250.000, 0.000, 0.000), 
(304, "726А", 18, 3, 62, 15, NULL, 737.212, 852.000, 514.000, 0.000), 
(305, "103А", 18, 3, 5, 23, NULL, 6.052, 7.000, 377.000, 0.000), 
(306, "274А", 18, 3, 2, NULL, NULL, 428.303, 495.000, 0.000, 0.000), 
(307, "546Б", 18, 3, 8, 5, NULL, 805.073, 931.000, 688.000, 0.000), 
(308, "767", 18, 3, 74, 23, NULL, 8.644, 10.000, 372.000, 0.000), 
(309, "278А", 18, 3, 6, NULL, NULL, 1122.454, 1298.000, 0.000, 0.000), 
(310, "17М", 18, 3, 6, NULL, NULL, 425.350, 492.000, 0.000, 0.000), 
(311, "11М", 18, 3, 6, NULL, NULL, 260.243, 297.000, 0.000, 0.000), 
(312, "9М", 18, 3, 6, NULL, NULL, 2026.793, 2344.000, 0.000, 0.000), 
(313, "6М", 18, 3, 6, NULL, NULL, 0.864, 1.000, 0.000, 0.000), 
(314, "4М", 18, 3, 6, 19, NULL, 475.541, 550.000, 1063.000, 0.000), 
(315, "3М", 18, 3, 6, NULL, NULL, 975.449, 1128.000, 0.000, 0.000), 
(316, "5МБ", 18, 3, 6, 11, NULL, 1092.943, 1264.000, 627.000, 0.000), 
(317, "28", 18, 3, 5, NULL, NULL, 1149.613, 1326.000, 0.000, 0.000), 
(318, "24", 18, 3, 6, NULL, NULL, 360.980, 417.000, 0.000, 0.000), 
(319, "19", 18, 3, 6, NULL, NULL, 1324.360, 1529.000, 0.000, 0.000), 
(320, "20", 18, 3, 6, 11, NULL, 1016.310, 1175.000, 767.000, 0.000), 
(321, "19А", 18, 3, 5, NULL, NULL, 1318.557, 1525.000, 0.000, 0.000), 
(322, "25МА", 18, 3, 6, 11, NULL, 772.217, 893.000, 1123.000, 0.000), 
(323, "25", 18, 3, 6, NULL, NULL, 0.864, 1.000, 0.000, 0.000), 
(324, "12", 18, 3, 6, NULL, NULL, 337.465, 390.000, 0.000, 0.000), 
(325, "11", 18, 3, 6, NULL, NULL, 414.111, 479.000, 0.000, 0.000), 
(326, "13", 18, 3, 2, NULL, NULL, 841.274, 973.000, 0.000, 0.000), 
(327, "10", 18, 3, 8, NULL, NULL, 48.449, 56.000, 0.000, 0.000), 
(328, "104", 18, 3, 2, 11, NULL, 996.769, 1153.000, 2244.000, 0.000), 
(329, "16", 18, 3, 2, NULL, NULL, 996.570, 1151.000, 0.000, 0.000), 
(330, "9", 18, 3, 8, NULL, NULL, 441.776, 511.000, 0.000, 0.000), 
(331, "5А", 18, 3, 8, NULL, NULL, 155.936, 180.000, 0.000, 0.000), 
(332, "16А", 18, 3, 2, 11, NULL, 1254.532, 1451.000, 1717.000, 0.000), 
(333, "523", 18, 3, 8, NULL, NULL, 380.558, 440.000, 0.000, 0.000), 
(334, "500", 18, 3, 8, 23, NULL, 870.090, 994.000, 974.000, 0.000), 
(335, "3", 18, 3, 8, NULL, NULL, 232.583, 269.000, 0.000, 0.000), 
(336, "35", 18, 3, 9, NULL, NULL, 782.645, 905.000, 0.000, 0.000), 
(337, "34", 18, 3, 8, 5, NULL, 628.978, 718.000, 170.000, 0.000), 
(338, "581", 18, 3, 9, NULL, NULL, 2000.036, 2313.000, 0.000, 0.000), 
(339, "30А", 18, 3, 8, NULL, NULL, 86.471, 100.000, 0.000, 0.000), 
(340, "33", 18, 3, 8, NULL, NULL, 195.446, 226.000, 0.000, 0.000), 
(341, "45", 18, 3, 79, NULL, NULL, 812.002, 935.000, 0.000, 0.000), 
(342, "48", 18, 3, 9, NULL, NULL, 2.597, 3.000, 0.000, 0.000), 
(343, "52", 18, 3, 9, 15, NULL, 211.874, 245.000, 709.000, 0.000), 
(344, "47", 18, 3, 9, NULL, NULL, 554.783, 640.000, 0.000, 0.000), 
(345, "49", 18, 3, 9, NULL, NULL, 118.826, 137.000, 0.000, 0.000), 
(346, "51", 18, 3, 9, NULL, NULL, 585.151, 676.000, 0.000, 0.000), 
(347, "31А", 18, 3, 2, NULL, NULL, 125.382, 145.000, 0.000, 0.000), 
(348, "52А", 18, 3, 9, NULL, NULL, 218.787, 253.000, 0.000, 0.000), 
(349, "66", 18, 3, 74, 15, NULL, 1006.358, 1164.000, 778.000, 0.000), 
(350, "68", 18, 3, 79, NULL, NULL, 1697.955, 1962.000, 0.000, 0.000), 
(351, "69", 18, 3, 62, 18, NULL, 481.046, 556.000, 252.000, 0.000), 
(352, "54А", 18, 3, 9, 15, NULL, 105.654, 122.000, 1237.000, 0.000), 
(353, "72", 18, 3, 62, 18, NULL, 749.799, 867.000, 1251.000, 0.000), 
(354, "73", 18, 3, 62, 15, NULL, 1643.492, 1900.000, 1313.000, 0.000), 
(355, "67", 18, 3, 74, NULL, NULL, 276.650, 320.000, 0.000, 0.000), 
(356, "69А", 18, 3, 62, 15, NULL, 1283.457, 1470.000, 3040.000, 0.000), 
(357, "702", 18, 3, 62, NULL, NULL, 1106.369, 1279.000, 0.000, 0.000), 
(358, "721", 18, 3, 62, NULL, NULL, 359.916, 416.000, 0.000, 0.000), 
(359, "700", 18, 3, 62, NULL, NULL, 960.780, 1111.000, 0.000, 0.000), 
(360, "80", 18, 3, NULL, NULL, NULL, 1006.396, 1164.000, 0.000, 0.000), 
(361, "85", 18, 3, 62, NULL, NULL, 745.014, 862.000, 0.000, 0.000), 
(362, "87", 18, 3, 11, NULL, NULL, 173.051, 200.000, 0.000, 0.000), 
(363, "82", 18, 3, 74, 19, NULL, 292.537, 338.000, 787.000, 0.000), 
(364, "84", 18, 3, NULL, 15, NULL, 830.892, 961.000, 1181.000, 0.000), 
(365, "83", 18, 3, 74, NULL, NULL, 0.865, 1.000, 0.000, 0.000), 
(366, "111", 18, 3, 12, NULL, NULL, 457.210, 529.000, 0.000, 0.000), 
(367, "112", 18, 3, 12, 18, NULL, 1460.487, 1689.000, 1602.000, 0.000), 
(368, "109", 18, 3, 12, 18, NULL, 401.143, 464.000, 1403.000, 0.000), 
(369, "123", 18, 3, 12, 19, NULL, 51.863, 60.000, 2522.000, 0.000), 
(370, "27", 18, 3, 2, NULL, NULL, 28.705, 33.000, 0.000, 0.000), 
(371, "65", 18, 3, 2, NULL, NULL, 511.855, 592.000, 0.000, 0.000), 
(372, "64", 18, 3, 2, 5, NULL, 410.022, 474.000, 1439.000, 0.000), 
(373, "91", 18, 3, 2, NULL, NULL, 669.215, 774.000, 0.000, 0.000), 
(374, "62", 18, 3, 2, NULL, NULL, 225.665, 261.000, 0.000, 0.000), 
(375, "61", 18, 3, 2, 13, NULL, 1010.269, 1168.000, 1215.000, 0.000), 
(376, "60", 18, 3, 2, NULL, NULL, 230.830, 267.000, 0.000, 0.000), 
(377, "98", 18, 3, 12, NULL, NULL, 358.781, 415.000, 0.000, 0.000), 
(378, "88", 18, 3, 11, 19, NULL, 1327.096, 1535.000, 1875.000, 0.000), 
(379, "89", 18, 3, 11, 11, NULL, 951.110, 1100.000, 1773.000, 0.000), 
(380, "114", 18, 3, 61, 19, NULL, 593.144, 686.000, 1046.000, 0.000), 
(381, "116", 18, 3, 11, 19, NULL, 848.191, 981.000, 1276.000, 0.000), 
(382, "116А", 18, 3, 11, 15, NULL, 1487.859, 1721.000, 2432.000, 0.000), 
(383, "113", 18, 3, 61, NULL, NULL, 909.987, 1052.000, 0.000, 0.000), 
(384, "128", 18, 3, 61, 23, NULL, 1041.656, 1205.000, 454.000, 0.000), 
(385, "127", 18, 3, 61, 23, NULL, 507.511, 587.000, 1226.000, 0.000), 
(386, "126", 18, 3, 12, 23, NULL, 1743.128, 2016.000, 983.000, 0.000), 
(387, "77", 18, 3, 62, 19, NULL, 593.760, 686.000, 1792.000, 0.000), 
(388, "7М", 18, 3, 6, NULL, NULL, 386.013, 446.000, 0.000, 0.000), 
(389, "310", 18, 3, 6, 11, NULL, 338.931, 392.000, 1012.000, 0.000), 
(390, "323", 18, 3, 2, NULL, NULL, 519.679, 600.000, 0.000, 0.000), 
(391, "13А", 18, 3, 2, 11, NULL, 981.435, 1131.000, 1868.000, 0.000), 
(392, "124", 18, 3, 12, 23, NULL, 1923.615, 2225.000, 2222.000, 0.000), 
(393, "307", 18, 3, 11, 7, NULL, 654.418, 757.000, 1402.000, 0.000), 
(394, "458", 18, 3, 6, 18, NULL, 522.932, 604.000, 206.000, 0.000), 
(395, "806", 18, 3, 74, 19, NULL, 206.624, 239.000, 529.000, 0.000), 
(396, "995", 18, 3, 61, NULL, NULL, 1046.997, 1211.000, 0.000, 0.000), 
(397, "309", 18, 3, 9, 13, NULL, 540.282, 625.000, 624.000, 0.000), 
(398, "294", 18, 3, 13, 5, NULL, 8.643, 10.000, 670.000, 0.000), 
(399, "326", 18, 3, 13, 5, NULL, 214.404, 248.000, 3204.000, 0.000), 
(400, "170", 18, 3, 6, 7, NULL, 618.318, 714.800, 1116.000, 0.000), 
(401, "1368", 18, 3, 2, 7, NULL, 622.526, 720.000, 701.000, 0.000), 
(402, "256", 18, 3, 5, 19, NULL, 714.363, 820.000, 1143.000, 0.000), 
(403, "256А", 18, 3, 5, NULL, NULL, 0.876, 1.000, 0.000, 0.000), 
(404, "260", 18, 3, 5, 7, NULL, 4.323, 5.000, 301.000, 0.000), 
(405, "266", 18, 3, 5, NULL, NULL, 108.099, 125.000, 0.000, 0.000), 
(406, "304", 18, 3, 5, 23, NULL, 380.882, 445.000, 200.000, 0.000), 
(407, "252", 18, 3, 6, 7, NULL, 1691.275, 1956.000, 519.000, 0.000), 
(408, "293", 18, 3, 13, 23, NULL, 1161.373, 1345.000, 1385.000, 0.000), 
(409, "297", 18, 3, 13, 23, NULL, 3161.784, 3659.000, 2803.000, 0.000), 
(410, "298", 18, 3, 13, 23, NULL, 869.655, 1006.000, 3287.000, 0.000), 
(411, "314", 18, 3, 13, NULL, NULL, 419.273, 485.000, 0.000, 0.000), 
(412, "271", 18, 3, 5, NULL, NULL, 636.060, 727.000, 0.000, 0.000), 
(413, "442", 18, 3, 6, NULL, NULL, 350.508, 405.000, 0.000, 0.000), 
(414, "299", 18, 3, 5, 5, NULL, 483.193, 555.000, 1936.000, 0.000), 
(415, "40МА", 18, 3, 6, 18, NULL, 1313.966, 1511.000, 529.000, 0.000), 
(416, "24МА", 18, 3, 6, 11, NULL, 1521.401, 1759.000, 935.000, 0.000), 
(417, "528", 18, 3, 2, 11, NULL, 716.242, 828.000, 2197.000, 0.000), 
(418, "32А", 18, 3, 2, 5, NULL, 779.935, 901.000, 883.000, 0.000), 
(419, "37А", 18, 3, 79, 15, NULL, 1049.574, 1205.000, 3398.000, 0.000), 
(420, "39А", 18, 3, 9, 15, NULL, 1276.361, 1474.000, 1392.000, 0.000), 
(421, "55А", 18, 3, 9, 15, NULL, 1060.184, 1225.000, 1420.000, 0.000), 
(422, "5В", 18, 3, 8, 5, NULL, 836.222, 966.000, 722.000, 0.000), 
(423, "97А", 18, 3, 12, NULL, NULL, 151.363, 175.000, 0.000, 0.000), 
(424, "3В", 18, 3, 6, 15, NULL, 1112.849, 1286.000, 690.000, 0.000), 
(425, "372", 18, 3, 6, NULL, NULL, 987.367, 1142.000, 0.000, 0.000), 
(426, "321", 18, 3, 6, 11, NULL, 282.730, 327.000, 533.000, 0.000), 
(427, "471", 18, 3, 2, NULL, NULL, 490.358, 567.000, 0.000, 0.000), 
(428, "469", 18, 3, 2, NULL, NULL, 2028.008, 2345.000, 0.000, 0.000), 
(429, "1114", 18, 3, 2, NULL, NULL, 961.684, 1112.000, 0.000, 0.000), 
(430, "1116", 18, 3, 2, NULL, NULL, 443.645, 513.000, 0.000, 0.000), 
(431, "512А", 18, 3, 8, NULL, NULL, 849.097, 982.000, 0.000, 0.000), 
(432, "572", 18, 3, 8, NULL, NULL, 527.842, 607.000, 0.000, 0.000), 
(433, "598", 18, 3, 9, 11, NULL, 254.198, 294.000, 760.000, 0.000), 
(434, "612", 18, 3, 9, 13, NULL, 823.674, 951.000, 727.000, 0.000), 
(435, "607", 18, 3, 79, 11, NULL, 1192.286, 1375.000, 2433.000, 0.000), 
(436, "70А", 18, 3, 62, 15, NULL, 2050.836, 2370.000, 1806.000, 0.000), 
(437, "749", 18, 3, 11, 19, NULL, 245.878, 284.000, 1895.000, 0.000), 
(438, "763", 18, 3, 62, NULL, NULL, 401.183, 464.000, 0.000, 0.000), 
(439, "790", 18, 3, 12, NULL, NULL, 527.485, 610.000, 0.000, 0.000), 
(440, "791", 18, 3, 12, 18, NULL, 372.284, 430.000, 1420.000, 0.000), 
(441, "54Б", 18, 3, 9, NULL, NULL, 4.328, 5.000, 0.000, 0.000), 
(442, "707", 18, 3, 62, NULL, NULL, 187.591, 217.000, 0.000, 0.000), 
(443, "6276", 18, 3, 2, 19, NULL, 533.556, 617.000, 760.000, 0.000), 
(444, "410", 18, 3, 6, 11, NULL, 1318.804, 1525.000, 791.000, 0.000), 
(445, "518", 18, 3, 8, 19, NULL, 813.785, 941.000, 511.000, 0.000), 
(446, "487", 18, 3, 2, 11, NULL, 1790.720, 2071.000, 1981.000, 0.000), 
(447, "33В", 18, 3, 8, NULL, NULL, 1009.409, 1160.000, 0.000, 0.000), 
(448, "47А", 18, 3, 9, 5, NULL, 3388.485, 3910.000, 5678.000, 0.000), 
(449, "18МБ", 18, 3, 6, 11, NULL, 3053.590, 3530.000, 934.000, 0.000), 
(450, "394", 18, 3, 6, NULL, NULL, 1361.754, 1575.000, 0.000, 0.000), 
(451, "420", 18, 3, 5, NULL, NULL, 1125.731, 1301.000, 0.000, 0.000), 
(452, "470", 18, 3, 2, NULL, NULL, 431.572, 499.000, 0.000, 0.000), 
(453, "1303", 18, 3, 2, NULL, NULL, 1176.984, 1361.000, 0.000, 0.000), 
(454, "489", 18, 3, 2, 5, NULL, 1900.748, 2198.000, 1091.000, 0.000), 
(455, "859", 18, 3, 2, NULL, NULL, 1281.234, 1482.000, 0.000, 0.000), 
(456, "874", 18, 3, 2, NULL, NULL, 451.240, 522.000, 0.000, 0.000), 
(457, "890", 18, 3, 2, 19, 23, 1743.579, 2017.000, 1121.000, 0.000), 
(458, "338", 18, 3, 6, 15, NULL, 13.833, 16.000, 439.000, 0.000), 
(459, "872", 18, 3, 2, 5, NULL, 581.831, 673.000, 2911.000, 0.000), 
(460, "6891", 18, 3, 11, 5, NULL, 1835.984, 2124.000, 1826.000, 0.000), 
(461, "337", 18, 3, 11, 5, NULL, 784.094, 907.000, 687.000, 0.000), 
(462, "336А", 18, 3, 11, 19, NULL, 614.745, 711.000, 707.000, 0.000), 
(463, "450", 18, 3, 2, NULL, NULL, 1139.605, 1318.000, 0.000, 0.000), 
(464, "897", 18, 3, 2, NULL, NULL, 10.374, 12.000, 0.000, 0.000), 
(465, "12МБ", 18, 3, 6, 11, NULL, 1004.657, 1157.000, 2994.000, 0.000), 
(466, "19МБ", 18, 3, 6, 5, NULL, 1823.113, 2103.000, 248.000, 0.000), 
(467, "41МБ", 18, 3, 6, 11, NULL, 329.019, 380.000, 1487.000, 0.000);

INSERT INTO pwr_dns (dns_id, `year`, liq_pwr, liq_oil, liq_wat, liq_o_pmp, liq_w_pmp, wcut) VALUES 
(24, "2018-01-01", 15700, 2355, 10990, 1570, 7850, 0.23), 
(80, "2018-01-01", 15000, 2250, 10500, 1900, 7500, 0.19), 
(81, "2018-01-01", 16000, 2400, 11200, 1600, 8000, 0.1), 
(82, "2018-01-01", 14000, 2100, 9800, 1400, 7000, 0.11), 
(83, "2018-01-01", 13000, 1950, 9100, 1300, 6500, 0.16), 
(84, "2018-01-01", 10000, 1500, 7000, 1000, 5000, 0.05), 
(85, "2018-01-01", 12200, 1830, 8540, 1220, 6100, 0.06), 
(86, "2018-01-01", 7000, 1050, 4900, 700, 3500, 0.1), 
(87, "2018-01-01", 9000, 1350, 6300, 1600, 4500, 0.06), 
(88, "2018-01-01", 15000, 2250, 10500, 1500, 7500, 0.14), 
(89, "2018-01-01", 14000, 2100, 9800, 1400, 7000, 0.13), 
(90, "2018-01-01", 14000, 2100, 9800, 1400, 7000, 0.15), 
(91, "2018-01-01", 15000, 2250, 10500, 1600, 7500, 0.2), 
(92, "2018-01-01", 9000, 1350, 6300, 900, 4600, 0.11), 
(93, "2018-01-01", 15900, 2385, 11130, 1590, 7950, 0.2), 
(94, "2018-01-01", 11000, 1650, 7700, 1100, 5500, 0.23), 
(95, "2018-01-01", 12000, 1800, 8400, 1200, 6000, 0.07), 
(96, "2018-01-01", 17000, 2550, 11900, 1700, 8500, 0.13), 
(97, "2018-01-01", 11000, 1650, 7700, 1100, 5500, 0.16), 
(98, "2018-01-01", 13000, 1950, 9100, 1300, 6500, 0.16), 
(99, "2018-01-01", 14000, 2200, 9800, 1400, 7000, 0.23), 
(100, "2018-01-01", 11600, 1740, 8120, 1160, 5800, 0.19), 
(101, "2018-01-01", 15100, 2265, 10570, 1610, 7550, 0.14), 
(102, "2018-01-01", 8800, 1320, 6160, 1180, 4400, 0.05), 
(103, "2018-01-01", 8000, 1200, 5600, 800, 4000, 0.08), 
(24, "2019-01-01", 16900, 2535, 11830, 1690, 8450, 0.23), 
(80, "2019-01-01", 15000, 2250, 10500, 1800, 7500, 0.19), 
(81, "2019-01-01", 16000, 2400, 11200, 1600, 8000, 0.1), 
(82, "2019-01-01", 14000, 2100, 9800, 1400, 7000, 0.11), 
(83, "2019-01-01", 13000, 1950, 9100, 1300, 6500, 0.16), 
(84, "2019-01-01", 10000, 1500, 7000, 1000, 5000, 0.05), 
(85, "2019-01-01", 12200, 2330, 8540, 1220, 6100, 0.06), 
(86, "2019-01-01", 7000, 1050, 4900, 700, 4000, 0.1), 
(87, "2019-01-01", 9000, 1350, 6300, 900, 4500, 0.06), 
(88, "2019-01-01", 15000, 2250, 10500, 1500, 7500, 0.14), 
(89, "2019-01-01", 14000, 2800, 9800, 2000, 7000, 0.13), 
(90, "2019-01-01", 14000, 2100, 10000, 1400, 7000, 0.15), 
(91, "2019-01-01", 15000, 2250, 10500, 1500, 7500, 0.2), 
(92, "2019-01-01", 9000, 1350, 6700, 900, 4500, 0.11), 
(93, "2019-01-01", 15900, 2685, 11130, 1590, 7950, 0.2), 
(94, "2019-01-01", 11000, 1650, 7700, 1500, 5500, 0.23), 
(95, "2019-01-01", 12000, 1800, 8400, 1200, 6000, 0.07), 
(96, "2019-01-01", 17000, 2550, 11900, 1700, 8500, 0.13), 
(97, "2019-01-01", 11000, 2350, 7900, 1100, 5500, 0.16), 
(98, "2019-01-01", 13000, 1950, 9100, 1300, 6900, 0.16), 
(99, "2019-01-01", 14000, 2100, 9800, 1400, 7000, 0.23), 
(100, "2019-01-01", 12200, 1830, 8540, 1220, 6100, 0.19), 
(101, "2019-01-01", 15100, 2265, 10570, 1510, 7550, 0.14), 
(102, "2019-01-01", 8800, 1320, 6160, 1280, 4400, 0.05), 
(103, "2019-01-01", 8000, 1200, 5600, 800, 4000, 0.08), 
(24, "2020-01-01", 16900, 2535, 11830, 1690, 8450, 0.23), 
(80, "2020-01-01", 15000, 2250, 11100, 1500, 7600, 0.19), 
(81, "2020-01-01", 16000, 2500, 11200, 1600, 8000, 0.1), 
(82, "2020-01-01", 14000, 2100, 9800, 1400, 7000, 0.11), 
(83, "2020-01-01", 13000, 1950, 9100, 1300, 6500, 0.16), 
(84, "2020-01-01", 10000, 1500, 7000, 1000, 5000, 0.05), 
(85, "2020-01-01", 12200, 1830, 8540, 1220, 6100, 0.06), 
(86, "2020-01-01", 7000, 1050, 4900, 700, 3500, 0.13), 
(87, "2020-01-01", 10000, 1500, 7000, 1000, 5000, 0.06), 
(88, "2020-01-01", 16000, 2400, 11200, 1600, 8000, 0.14), 
(89, "2020-01-01", 14000, 2100, 9800, 1400, 7000, 0.13), 
(90, "2020-01-01", 14000, 2100, 9800, 1400, 7000, 0.15), 
(91, "2020-01-01", 15000, 2250, 10500, 1500, 7500, 0.2), 
(92, "2020-01-01", 9000, 1450, 6300, 900, 4500, 0.11), 
(93, "2020-01-01", 15900, 2385, 11130, 1590, 7950, 0.2), 
(94, "2020-01-01", 11000, 1650, 8000, 1100, 6200, 0.23), 
(95, "2020-01-01", 12000, 1800, 8400, 1200, 6000, 0.07), 
(96, "2020-01-01", 17000, 2550, 12200, 1700, 8500, 0.13), 
(97, "2020-01-01", 11000, 1650, 7700, 1100, 5500, 0.16), 
(98, "2020-01-01", 13000, 1950, 9100, 1300, 6500, 0.16), 
(99, "2020-01-01", 14000, 2100, 9800, 1400, 7000, 0.23), 
(100, "2020-01-01", 12200, 1830, 9040, 1220, 6100, 0.19), 
(101, "2020-01-01", 15100, 2265, 10570, 1810, 7550, 0.14), 
(102, "2020-01-01", 8800, 1320, 6160, 880, 4400, 0.05), 
(103, "2020-01-01", 8000, 1200, 5600, 800, 4000, 0.08), 
(24, "2021-01-01", 16900, 2535, 11830, 1690, 9150, 0.23), 
(80, "2021-01-01", 15000, 2250, 10500, 1500, 7500, 0.19), 
(81, "2021-01-01", 16000, 2700, 11200, 1600, 8500, 0.1), 
(82, "2021-01-01", 14000, 2100, 9800, 1400, 7000, 0.11), 
(83, "2021-01-01", 13000, 1950, 9800, 1700, 6500, 0.16), 
(84, "2021-01-01", 10000, 1500, 7000, 1000, 5000, 0.05), 
(85, "2021-01-01", 12200, 1830, 8740, 1220, 6600, 0.06), 
(86, "2021-01-01", 7000, 1050, 4900, 700, 3500, 0.13), 
(87, "2021-01-01", 10000, 1500, 7400, 1000, 5000, 0.09), 
(88, "2021-01-01", 16000, 2900, 11300, 1600, 8100, 0.14), 
(89, "2021-01-01", 14000, 2100, 9800, 1400, 7000, 0.13), 
(90, "2021-01-01", 14000, 2100, 10500, 1400, 7000, 0.15), 
(91, "2021-01-01", 15000, 2250, 10500, 1500, 7500, 0.2), 
(92, "2021-01-01", 9000, 1350, 6300, 900, 4500, 0.11), 
(93, "2021-01-01", 15900, 2385, 11130, 1590, 7950, 0.2), 
(94, "2021-01-01", 11000, 2350, 7700, 1100, 5500, 0.23), 
(95, "2021-01-01", 12000, 1800, 8400, 1200, 6000, 0.07), 
(96, "2021-01-01", 17000, 2550, 11900, 1700, 8600, 0.13), 
(97, "2021-01-01", 11000, 1650, 7800, 1100, 5500, 0.22), 
(98, "2021-01-01", 13000, 1950, 9200, 1300, 6500, 0.16), 
(99, "2021-01-01", 14000, 2100, 9800, 1400, 7000, 0.23), 
(100, "2021-01-01", 12200, 1830, 8540, 1220, 6100, 0.19), 
(101, "2021-01-01", 15100, 2265, 11070, 1510, 7550, 0.14), 
(102, "2021-01-01", 8800, 1320, 6160, 880, 4400, 0.05), 
(103, "2021-01-01", 8000, 1200, 5600, 800, 4000, 0.08), 
(24, "2022-01-01", 16900, 3235, 11830, 1690, 8950, 0.23), 
(80, "2022-01-01", 15000, 2250, 10500, 1500, 7500, 0.19), 
(81, "2022-01-01", 16000, 2900, 11200, 1600, 8000, 0.1), 
(82, "2022-01-01", 14000, 2100, 9800, 1400, 7000, 0.11), 
(83, "2022-01-01", 13000, 1950, 9100, 1300, 6500, 0.16), 
(84, "2022-01-01", 10000, 1500, 7000, 1000, 5700, 0.05), 
(85, "2022-01-01", 12200, 1830, 8540, 1220, 6100, 0.06), 
(86, "2022-01-01", 7000, 1050, 4900, 700, 3500, 0.13), 
(87, "2022-01-01", 10000, 1500, 7000, 1000, 5000, 0.09), 
(88, "2022-01-01", 16000, 2400, 11200, 1600, 8000, 0.14), 
(89, "2022-01-01", 14000, 2100, 9800, 1800, 7000, 0.13), 
(90, "2022-01-01", 14000, 2100, 10400, 1400, 7000, 0.15), 
(91, "2022-01-01", 15000, 2650, 10500, 1500, 7500, 0.26), 
(92, "2022-01-01", 9000, 1350, 6300, 900, 4500, 0.16), 
(93, "2022-01-01", 15900, 2385, 11130, 1590, 7950, 0.2), 
(94, "2022-01-01", 11000, 1650, 7700, 1100, 5500, 0.23), 
(95, "2022-01-01", 12000, 1800, 8400, 1200, 6000, 0.07), 
(96, "2022-01-01", 17000, 2550, 11900, 1700, 8500, 0.13), 
(97, "2022-01-01", 11000, 1650, 7700, 1100, 5600, 0.22), 
(98, "2022-01-01", 13000, 1950, 9100, 1300, 6500, 0.16), 
(99, "2022-01-01", 14000, 2100, 9800, 1400, 7000, 0.23), 
(100, "2022-01-01", 12200, 1830, 8540, 1220, 6400, 0.19), 
(101, "2022-01-01", 15100, 2265, 10570, 1510, 7650, 0.14), 
(102, "2022-01-01", 8800, 2020, 6160, 880, 4400, 0.05), 
(103, "2022-01-01", 8000, 1600, 5600, 800, 4000, 0.08), 
(24, "2023-01-01", 16900, 2535, 11830, 1690, 8450, 0.23), 
(80, "2023-01-01", 15000, 2250, 10500, 1500, 7500, 0.19), 
(81, "2023-01-01", 16800, 2520, 11760, 1680, 8400, 0.1), 
(82, "2023-01-01", 14000, 2200, 9800, 1400, 7000, 0.11), 
(83, "2023-01-01", 13000, 1950, 9100, 1300, 6500, 0.16), 
(84, "2023-01-01", 10000, 1500, 7300, 1000, 5000, 0.05), 
(85, "2023-01-01", 12200, 2230, 8540, 1220, 6100, 0.06), 
(86, "2023-01-01", 7000, 1050, 4900, 700, 3500, 0.13), 
(87, "2023-01-01", 10000, 1500, 7000, 1000, 5000, 0.09), 
(88, "2023-01-01", 16000, 2400, 11200, 1600, 8000, 0.14), 
(89, "2023-01-01", 14000, 2100, 9800, 1400, 7000, 0.13), 
(90, "2023-01-01", 14000, 2100, 9800, 1400, 7000, 0.15), 
(91, "2023-01-01", 15000, 2250, 10500, 1500, 7500, 0.26), 
(92, "2023-01-01", 9000, 1350, 6300, 900, 4500, 0.16), 
(93, "2023-01-01", 15900, 2385, 11130, 1590, 7950, 0.2), 
(94, "2023-01-01", 11000, 2250, 7700, 1100, 5500, 0.29), 
(95, "2023-01-01", 12000, 2100, 8400, 1200, 6000, 0.07), 
(96, "2023-01-01", 17000, 2550, 11900, 1700, 8500, 0.13), 
(97, "2023-01-01", 11000, 1950, 7700, 1100, 5500, 0.22), 
(98, "2023-01-01", 13000, 1950, 9100, 1300, 6500, 0.16), 
(99, "2023-01-01", 14000, 2100, 9800, 1400, 7000, 0.23), 
(100, "2023-01-01", 12200, 1830, 8540, 1220, 6100, 0.19), 
(101, "2023-01-01", 15100, 2265, 10570, 1510, 7550, 0.14), 
(102, "2023-01-01", 8800, 1320, 6160, 880, 4400, 0.05), 
(103, "2023-01-01", 8000, 1200, 5600, 800, 4000, 0.08), 
(24, "2024-01-01", 16900, 2535, 11830, 1690, 8450, 0.23), 
(80, "2024-01-01", 15000, 2250, 10500, 1500, 7500, 0.19), 
(81, "2024-01-01", 16800, 2520, 11760, 1680, 8400, 0.1), 
(82, "2024-01-01", 14000, 2100, 9800, 1400, 7000, 0.11), 
(83, "2024-01-01", 13000, 1950, 9100, 1300, 6500, 0.16), 
(84, "2024-01-01", 10000, 1500, 7000, 1400, 5000, 0.05), 
(85, "2024-01-01", 12700, 1905, 8890, 1270, 6350, 0.06), 
(86, "2024-01-01", 7000, 1050, 4900, 700, 3500, 0.13), 
(87, "2024-01-01", 10000, 1500, 7000, 1000, 5000, 0.09), 
(88, "2024-01-01", 16000, 2400, 11200, 2000, 8000, 0.14), 
(89, "2024-01-01", 15000, 2250, 10800, 1500, 7500, 0.13), 
(90, "2024-01-01", 14000, 2100, 9800, 1400, 7000, 0.15), 
(91, "2024-01-01", 15000, 2250, 10500, 2000, 7500, 0.26), 
(92, "2024-01-01", 9000, 1350, 6300, 900, 4500, 0.16), 
(93, "2024-01-01", 15900, 2785, 11130, 1690, 7950, 0.2), 
(94, "2024-01-01", 11000, 1650, 7700, 1100, 5500, 0.29), 
(95, "2024-01-01", 12000, 1800, 9100, 1200, 6000, 0.07), 
(96, "2024-01-01", 17000, 2550, 11900, 1700, 8500, 0.13), 
(97, "2024-01-01", 11000, 1650, 7700, 1100, 5500, 0.22), 
(98, "2024-01-01", 13000, 1950, 9100, 1300, 6500, 0.16), 
(99, "2024-01-01", 14000, 2600, 10400, 1400, 7000, 0.23), 
(100, "2024-01-01", 12200, 1830, 8540, 1220, 6100, 0.19), 
(101, "2024-01-01", 15100, 2265, 10570, 1510, 7550, 0.14), 
(102, "2024-01-01", 8800, 2020, 6160, 880, 4400, 0.05), 
(103, "2024-01-01", 8000, 1200, 5600, 800, 4000, 0.08), 
(24, "2025-01-01", 16900, 2535, 11830, 2090, 8450, 0.23), 
(80, "2025-01-01", 15000, 2250, 10500, 1500, 7500, 0.19), 
(81, "2025-01-01", 16800, 2920, 11760, 1680, 8400, 0.1), 
(82, "2025-01-01", 14000, 2100, 9800, 1400, 7000, 0.17), 
(83, "2025-01-01", 13000, 1950, 9100, 1300, 6500, 0.16), 
(84, "2025-01-01", 10000, 1500, 7000, 1000, 5000, 0.05), 
(85, "2025-01-01", 12700, 1905, 8890, 1270, 6350, 0.06), 
(86, "2025-01-01", 7000, 1050, 5600, 700, 3700, 0.13), 
(87, "2025-01-01", 10000, 1500, 7000, 1500, 5000, 0.09), 
(88, "2025-01-01", 16600, 2490, 11620, 1660, 8300, 0.14), 
(89, "2025-01-01", 15000, 2250, 10500, 1500, 7700, 0.19), 
(90, "2025-01-01", 14000, 2100, 9800, 1400, 7700, 0.15), 
(91, "2025-01-01", 15000, 2350, 10500, 1500, 7500, 0.26), 
(92, "2025-01-01", 9000, 1350, 7000, 1300, 4600, 0.16), 
(93, "2025-01-01", 16800, 2520, 11760, 1980, 8400, 0.2), 
(94, "2025-01-01", 11000, 1650, 7700, 1100, 5500, 0.29), 
(95, "2025-01-01", 12000, 1800, 8400, 1200, 6400, 0.07), 
(96, "2025-01-01", 17000, 2550, 11900, 1700, 8500, 0.13), 
(97, "2025-01-01", 11000, 1650, 7700, 1800, 5500, 0.22), 
(98, "2025-01-01", 13000, 1950, 9100, 1300, 6500, 0.16), 
(99, "2025-01-01", 14000, 2100, 9800, 1400, 7000, 0.23), 
(100, "2025-01-01", 12200, 1830, 8540, 1820, 6100, 0.25), 
(101, "2025-01-01", 15700, 2355, 10990, 1570, 7850, 0.18), 
(102, "2025-01-01", 8800, 1320, 6160, 880, 4400, 0.05), 
(103, "2025-01-01", 8000, 1200, 5600, 800, 4000, 0.08), 
(24, "2026-01-01", 16900, 2535, 11830, 1690, 8450, 0.23), 
(80, "2026-01-01", 15000, 2250, 10500, 1500, 7500, 0.19), 
(81, "2026-01-01", 16800, 2520, 11760, 1680, 8800, 0.1), 
(82, "2026-01-01", 14000, 2100, 9800, 1400, 7000, 0.17), 
(83, "2026-01-01", 13000, 1950, 9100, 1300, 6500, 0.16), 
(84, "2026-01-01", 10000, 1500, 7000, 1000, 5000, 0.05), 
(85, "2026-01-01", 12700, 2105, 8890, 1270, 6350, 0.06), 
(86, "2026-01-01", 7000, 1050, 4900, 700, 3500, 0.13), 
(87, "2026-01-01", 10000, 1800, 7200, 1000, 5000, 0.09), 
(88, "2026-01-01", 16600, 2490, 11620, 1660, 8300, 0.14), 
(89, "2026-01-01", 15000, 2250, 10500, 1500, 7500, 0.19), 
(90, "2026-01-01", 14000, 2100, 9800, 1400, 7000, 0.15), 
(91, "2026-01-01", 15000, 2250, 10700, 1500, 7500, 0.26), 
(92, "2026-01-01", 9000, 1350, 6300, 900, 4500, 0.16), 
(93, "2026-01-01", 16800, 2520, 11760, 1680, 8400, 0.2), 
(94, "2026-01-01", 11000, 1650, 7700, 1300, 5900, 0.29), 
(95, "2026-01-01", 12000, 1800, 8400, 1200, 6000, 0.07), 
(96, "2026-01-01", 17000, 2550, 11900, 1700, 8500, 0.13), 
(97, "2026-01-01", 11000, 1650, 7700, 1100, 6000, 0.22), 
(98, "2026-01-01", 13000, 1950, 9100, 1300, 6500, 0.16), 
(99, "2026-01-01", 14000, 2100, 9800, 1900, 7000, 0.23), 
(100, "2026-01-01", 12200, 1830, 8540, 1220, 6100, 0.25), 
(101, "2026-01-01", 16300, 2445, 11410, 1630, 8150, 0.18), 
(102, "2026-01-01", 8800, 1320, 6160, 880, 4400, 0.05), 
(103, "2026-01-01", 8000, 1200, 5600, 1500, 4000, 0.08), 
(24, "2027-01-01", 16900, 2535, 11830, 1690, 8650, 0.23), 
(80, "2027-01-01", 15000, 2250, 10500, 1500, 7500, 0.19), 
(81, "2027-01-01", 16800, 2520, 12260, 1680, 8600, 0.1), 
(82, "2027-01-01", 14000, 2100, 9800, 1400, 7000, 0.17), 
(83, "2027-01-01", 13000, 1950, 9100, 1300, 6500, 0.16), 
(84, "2027-01-01", 10000, 1500, 7000, 1500, 5000, 0.05), 
(85, "2027-01-01", 12700, 1905, 8890, 1570, 6350, 0.06), 
(86, "2027-01-01", 7000, 1050, 4900, 1200, 3700, 0.13), 
(87, "2027-01-01", 10000, 1500, 7000, 1000, 5000, 0.09), 
(88, "2027-01-01", 16600, 2490, 11620, 1660, 8300, 0.14), 
(89, "2027-01-01", 15000, 2250, 10500, 1500, 7500, 0.19), 
(90, "2027-01-01", 14000, 2100, 9800, 1400, 7000, 0.15), 
(91, "2027-01-01", 15000, 2350, 10500, 1500, 7500, 0.26), 
(92, "2027-01-01", 9000, 1350, 6300, 900, 4500, 0.16), 
(93, "2027-01-01", 16800, 2520, 11760, 1680, 8400, 0.2), 
(94, "2027-01-01", 11000, 1650, 7700, 1100, 5500, 0.29), 
(95, "2027-01-01", 12000, 1800, 8400, 1200, 6000, 0.07), 
(96, "2027-01-01", 17700, 2655, 12390, 1770, 8850, 0.13), 
(97, "2027-01-01", 11000, 1650, 7700, 1100, 5500, 0.22), 
(98, "2027-01-01", 13000, 1950, 9100, 1300, 6500, 0.16), 
(99, "2027-01-01", 14000, 2100, 9800, 1400, 7000, 0.23), 
(100, "2027-01-01", 13100, 1965, 9170, 1310, 6550, 0.29), 
(101, "2027-01-01", 16300, 2445, 11410, 1630, 8150, 0.18), 
(102, "2027-01-01", 8800, 1320, 6160, 880, 4400, 0.05), 
(103, "2027-01-01", 8000, 1200, 5600, 800, 4000, 0.08), 
(24, "2028-01-01", 16900, 2535, 11830, 1690, 8450, 0.23), 
(80, "2028-01-01", 15000, 2250, 10500, 1600, 7500, 0.19), 
(81, "2028-01-01", 16800, 2520, 11760, 1680, 8400, 0.15), 
(82, "2028-01-01", 14000, 2100, 9800, 1400, 7000, 0.17), 
(83, "2028-01-01", 13000, 1950, 9100, 1300, 6500, 0.16), 
(84, "2028-01-01", 11100, 1665, 7770, 1110, 5550, 0.05), 
(85, "2028-01-01", 12700, 1905, 8890, 1970, 6650, 0.06), 
(86, "2028-01-01", 7000, 1050, 4900, 700, 3500, 0.13), 
(87, "2028-01-01", 10000, 1500, 7000, 1000, 5000, 0.09), 
(88, "2028-01-01", 16600, 2490, 11620, 1660, 8300, 0.19), 
(89, "2028-01-01", 15000, 2250, 10500, 1500, 7500, 0.19), 
(90, "2028-01-01", 14000, 2100, 10400, 1400, 7000, 0.15), 
(91, "2028-01-01", 15000, 2250, 10500, 1500, 7500, 0.31), 
(92, "2028-01-01", 9000, 1350, 6500, 900, 4500, 0.16), 
(93, "2028-01-01", 16800, 2520, 11760, 1680, 8400, 0.2), 
(94, "2028-01-01", 11000, 1650, 7700, 1100, 5500, 0.29), 
(95, "2028-01-01", 12000, 1800, 8400, 1200, 6000, 0.07), 
(96, "2028-01-01", 17700, 2655, 12390, 1770, 9550, 0.13), 
(97, "2028-01-01", 11000, 1650, 7700, 1100, 5500, 0.22), 
(98, "2028-01-01", 13000, 1950, 9100, 1300, 6500, 0.16), 
(99, "2028-01-01", 14000, 2100, 9800, 1400, 7000, 0.23), 
(100, "2028-01-01", 13100, 1965, 9170, 1810, 6550, 0.29), 
(101, "2028-01-01", 16300, 2445, 11610, 1630, 8150, 0.18), 
(102, "2028-01-01", 8800, 1320, 6160, 880, 5000, 0.05), 
(103, "2028-01-01", 8000, 1200, 6000, 1100, 4000, 0.14);

INSERT INTO regions (id, `name`) VALUES 
(1, "Западный"), 
(2, "Центральный"), 
(3, "Южный"), 
(4, "Весенний"), 
(5, "Слоновый");