knsID;dnsID;SourcePriority;ConsumerPriority;Year
1;1;1;2;01.01.2013
1;2;2;2;01.01.2013
2;1;1;1;01.01.2013
3;3;1;1;01.01.2013
3;2;2;5;01.01.2013
4;2;1;1;01.01.2013
5;2;1;3;01.01.2013
6;2;1;4;01.01.2013
6;5;2;3;01.01.2013
7;5;1;2;01.01.2013
7;2;2;6;01.01.2013
8;5;1;1;01.01.2013
9;6;1;1;01.01.2013
10;6;1;2;01.01.2013
11;6;1;3;01.01.2013
11;7;2;2;01.01.2013
12;6;1;4;01.01.2013
12;7;2;1;01.01.2013
13;8;1;1;01.01.2013
14;8;1;2;01.01.2013
15;9;1;1;01.01.2013
16;10;1;3;01.01.2013
17;10;1;2;01.01.2013
18;10;1;1;01.01.2013
19;11;1;1;01.01.2013
19;10;2;4;01.01.2013
20;11;1;2;01.01.2013
20;10;2;5;01.01.2013
21;12;1;1;01.01.2013
21;10;2;7;01.01.2013
22;10;1;6;01.01.2013
23;13;1;3;01.01.2013
23;10;2;8;01.01.2013
24;13;1;1;01.01.2013
25;13;1;2;01.01.2013
26;14;1;1;01.01.2013
26;10;2;9;01.01.2013
26;16;3;5;01.01.2013
27;10;2;10;01.01.2013
27;16;1;4;01.01.2013
28;16;1;3;01.01.2013
28;10;2;11;01.01.2013
29;16;1;1;01.01.2013
29;10;2;13;01.01.2013
30;16;1;2;01.01.2013
30;10;2;12;01.01.2013
31;17;1;1;01.01.2013
32;17;1;2;01.01.2013
33;17;1;3;01.01.2013
34;18;1;1;01.01.2013
35;19;1;1;01.01.2013
36;20;1;1;01.01.2013
37;20;1;2;01.01.2013
38;21;1;1;01.01.2013
39;21;1;2;01.01.2013
40;21;2;3;01.01.2013
39;22;2;2;01.01.2013
40;22;1;1;01.01.2013
39;16;3;8;01.01.2013
40;16;3;7;01.01.2013
41;16;2;6;01.01.2013
41;23;1;1;01.01.2013
42;24;1;1;01.01.2013
43;24;1;2;01.01.2013
44;25;1;1;01.01.2013
45;25;1;3;01.01.2013
46;25;1;2;01.01.2013
47;26;1;1;01.01.2013
48;27;2;1;01.01.2013
48;28;1;1;01.01.2013
49;27;2;2;01.01.2013
49;29;1;6;01.01.2013
50;27;2;3;01.01.2013
50;30;1;1;01.01.2013
47;27;2;4;01.01.2013
45;27;2;5;01.01.2013
46;27;2;6;01.01.2013
51;31;1;1;01.01.2013
110;31;1;2;01.01.2013
53;32;1;1;01.01.2013
54;32;1;2;01.01.2013
55;33;1;1;01.01.2013
56;29;1;1;01.01.2013
57;29;1;2;01.01.2013
58;29;1;3;01.01.2013
59;29;1;4;01.01.2013
60;29;1;5;01.01.2013
60;34;2;3;01.01.2013
61;34;1;1;01.01.2013
62;34;1;2;01.01.2013
63;35;1;1;01.01.2013
64;35;1;2;01.01.2013
66;36;1;1;01.01.2013
67;36;1;2;01.01.2013
67;37;2;3;01.01.2013
68;37;1;1;01.01.2013
69;37;1;2;01.01.2013
70;38;1;1;01.01.2013
71;38;1;2;01.01.2013
72;38;1;3;01.01.2013
10;38;3;4;01.01.2013
74;38;3;5;01.01.2013
10;40;1;2;01.01.2013
74;40;1;1;01.01.2013
75;40;1;3;01.01.2013
76;40;1;4;01.01.2013
75;41;2;2;01.01.2013
76;41;2;3;01.01.2013
77;41;1;1;01.01.2013
78;42;1;1;01.01.2013
79;44;1;1;01.01.2013
80;44;1;2;01.01.2013
81;44;1;3;01.01.2013
52;44;1;4;01.01.2013
83;47;1;1;01.01.2013
76;47;1;2;01.01.2013
85;47;1;3;01.01.2013
85;48;2;4;01.01.2013
76;48;2;3;01.01.2013
83;48;2;2;01.01.2013
86;48;1;1;01.01.2013
87;49;1;1;01.01.2013
87;50;2;1;01.01.2013
88;50;2;2;01.01.2013
89;50;1;3;01.01.2013
90;50;1;4;01.01.2013
88;51;1;1;01.01.2013
91;52;1;1;01.01.2013
93;53;1;1;01.01.2013
92;53;1;2;01.01.2013
94;54;1;1;01.01.2013
21;54;1;2;01.01.2013
21;55;2;3;01.01.2013
4;56;1;1;01.01.2013
96;57;3;5;01.01.2013
97;57;2;4;01.01.2013
80;57;2;3;01.01.2013
99;57;2;2;01.01.2013
78;57;1;1;01.01.2013
96;58;1;1;01.01.2013
96;59;2;4;01.01.2013
97;59;1;3;01.01.2013
80;59;1;2;01.01.2013
99;59;1;1;01.01.2013
102;60;1;1;01.01.2013
111;77;1;1;01.01.2013
112;88;1;1;01.01.2013
103;101;1;1;01.01.2013
104;101;1;2;01.01.2013
1;1;1;2;01.01.2014
1;2;2;2;01.01.2014
2;1;1;1;01.01.2014
3;3;1;1;01.01.2014
3;2;2;5;01.01.2014
4;2;1;1;01.01.2014
5;2;1;3;01.01.2014
6;2;1;4;01.01.2014
6;5;2;3;01.01.2014
7;5;1;2;01.01.2014
7;2;2;6;01.01.2014
8;5;1;1;01.01.2014
9;6;1;1;01.01.2014
10;6;1;2;01.01.2014
11;6;1;3;01.01.2014
11;7;2;2;01.01.2014
12;6;1;4;01.01.2014
12;7;2;1;01.01.2014
13;8;1;1;01.01.2014
14;8;1;2;01.01.2014
15;9;1;1;01.01.2014
16;10;1;3;01.01.2014
17;10;1;2;01.01.2014
18;10;1;1;01.01.2014
19;11;1;1;01.01.2014
19;10;2;4;01.01.2014
20;11;1;2;01.01.2014
20;10;2;5;01.01.2014
21;12;1;1;01.01.2014
21;10;2;7;01.01.2014
22;10;1;6;01.01.2014
23;13;1;3;01.01.2014
23;10;2;8;01.01.2014
24;13;1;1;01.01.2014
25;13;1;2;01.01.2014
26;14;1;1;01.01.2014
26;10;2;9;01.01.2014
26;16;3;5;01.01.2014
27;10;2;10;01.01.2014
27;16;1;4;01.01.2014
28;16;1;3;01.01.2014
28;10;2;11;01.01.2014
29;16;1;1;01.01.2014
29;10;2;13;01.01.2014
30;16;1;2;01.01.2014
30;10;2;12;01.01.2014
31;17;1;1;01.01.2014
32;17;1;2;01.01.2014
33;17;1;3;01.01.2014
34;18;1;1;01.01.2014
35;19;1;1;01.01.2014
36;20;1;1;01.01.2014
37;20;1;2;01.01.2014
38;21;1;1;01.01.2014
39;21;1;2;01.01.2014
40;21;2;3;01.01.2014
39;22;2;2;01.01.2014
40;22;1;1;01.01.2014
39;16;3;8;01.01.2014
40;16;3;7;01.01.2014
41;16;2;6;01.01.2014
41;23;1;1;01.01.2014
42;24;1;1;01.01.2014
43;24;1;2;01.01.2014
44;25;1;1;01.01.2014
45;25;1;3;01.01.2014
46;25;1;2;01.01.2014
47;26;1;1;01.01.2014
48;27;2;1;01.01.2014
48;28;1;1;01.01.2014
49;27;2;2;01.01.2014
49;29;1;6;01.01.2014
50;27;2;3;01.01.2014
50;30;1;1;01.01.2014
47;27;2;4;01.01.2014
45;27;2;5;01.01.2014
46;27;2;6;01.01.2014
51;31;1;1;01.01.2014
110;31;1;2;01.01.2014
53;32;1;1;01.01.2014
54;32;1;2;01.01.2014
55;33;1;1;01.01.2014
56;29;1;1;01.01.2014
57;29;1;2;01.01.2014
58;29;1;3;01.01.2014
59;29;1;4;01.01.2014
60;29;1;5;01.01.2014
60;34;2;3;01.01.2014
61;34;1;1;01.01.2014
62;34;1;2;01.01.2014
63;35;1;1;01.01.2014
64;35;1;2;01.01.2014
66;36;1;1;01.01.2014
67;36;1;2;01.01.2014
67;37;2;3;01.01.2014
68;37;1;1;01.01.2014
69;37;1;2;01.01.2014
70;38;1;1;01.01.2014
71;38;1;2;01.01.2014
72;38;1;3;01.01.2014
10;38;3;4;01.01.2014
74;38;3;5;01.01.2014
10;40;1;2;01.01.2014
74;40;1;1;01.01.2014
75;40;1;3;01.01.2014
76;40;1;4;01.01.2014
75;41;2;2;01.01.2014
76;41;2;3;01.01.2014
77;41;1;1;01.01.2014
78;42;1;1;01.01.2014
79;44;1;1;01.01.2014
80;44;1;2;01.01.2014
81;44;1;3;01.01.2014
52;44;1;4;01.01.2014
83;47;1;1;01.01.2014
76;47;1;2;01.01.2014
85;47;1;3;01.01.2014
85;48;2;4;01.01.2014
76;48;2;3;01.01.2014
83;48;2;2;01.01.2014
86;48;1;1;01.01.2014
87;49;1;1;01.01.2014
87;50;2;1;01.01.2014
88;50;2;2;01.01.2014
89;50;1;3;01.01.2014
90;50;1;4;01.01.2014
88;51;1;1;01.01.2014
91;52;1;1;01.01.2014
93;53;1;1;01.01.2014
92;53;1;2;01.01.2014
94;54;1;1;01.01.2014
21;54;1;2;01.01.2014
21;55;2;3;01.01.2014
4;56;1;1;01.01.2014
96;57;3;5;01.01.2014
97;57;2;4;01.01.2014
80;57;2;3;01.01.2014
99;57;2;2;01.01.2014
78;57;1;1;01.01.2014
96;58;1;1;01.01.2014
96;59;2;4;01.01.2014
97;59;1;3;01.01.2014
80;59;1;2;01.01.2014
99;59;1;1;01.01.2014
102;60;1;1;01.01.2014
111;77;1;1;01.01.2014
112;88;1;1;01.01.2014
103;101;1;1;01.01.2014
104;101;1;2;01.01.2014
1;1;1;2;01.01.2015
1;2;2;2;01.01.2015
2;1;1;1;01.01.2015
3;3;1;1;01.01.2015
3;2;2;5;01.01.2015
4;2;1;1;01.01.2015
5;2;1;3;01.01.2015
6;2;1;4;01.01.2015
6;5;2;3;01.01.2015
7;5;1;2;01.01.2015
7;2;2;6;01.01.2015
8;5;1;1;01.01.2015
9;6;1;1;01.01.2015
10;6;1;2;01.01.2015
11;6;1;3;01.01.2015
11;7;2;2;01.01.2015
12;6;1;4;01.01.2015
12;7;2;1;01.01.2015
13;8;1;1;01.01.2015
14;8;1;2;01.01.2015
15;9;1;1;01.01.2015
16;10;1;3;01.01.2015
17;10;1;2;01.01.2015
18;10;1;1;01.01.2015
19;11;1;1;01.01.2015
19;10;2;4;01.01.2015
20;11;1;2;01.01.2015
20;10;2;5;01.01.2015
21;12;1;1;01.01.2015
21;10;2;7;01.01.2015
22;10;1;6;01.01.2015
23;13;1;3;01.01.2015
23;10;2;8;01.01.2015
24;13;1;1;01.01.2015
25;13;1;2;01.01.2015
26;14;1;1;01.01.2015
26;10;2;9;01.01.2015
26;16;3;5;01.01.2015
27;10;2;10;01.01.2015
27;16;1;4;01.01.2015
28;16;1;3;01.01.2015
28;10;2;11;01.01.2015
29;16;1;1;01.01.2015
29;10;2;13;01.01.2015
30;16;1;2;01.01.2015
30;10;2;12;01.01.2015
31;17;1;1;01.01.2015
32;17;1;2;01.01.2015
33;17;1;3;01.01.2015
34;18;1;1;01.01.2015
35;19;1;1;01.01.2015
36;20;1;1;01.01.2015
37;20;1;2;01.01.2015
38;21;1;1;01.01.2015
39;21;1;2;01.01.2015
40;21;2;3;01.01.2015
39;22;2;2;01.01.2015
40;22;1;1;01.01.2015
39;16;3;8;01.01.2015
40;16;3;7;01.01.2015
41;16;2;6;01.01.2015
41;23;1;1;01.01.2015
42;24;1;1;01.01.2015
43;24;1;2;01.01.2015
44;25;1;1;01.01.2015
45;25;1;3;01.01.2015
46;25;1;2;01.01.2015
47;26;1;1;01.01.2015
48;27;2;1;01.01.2015
48;28;1;1;01.01.2015
49;27;2;2;01.01.2015
49;29;1;6;01.01.2015
50;27;2;3;01.01.2015
50;30;1;1;01.01.2015
47;27;2;4;01.01.2015
45;27;2;5;01.01.2015
46;27;2;6;01.01.2015
51;31;1;1;01.01.2015
110;31;1;2;01.01.2015
53;32;1;1;01.01.2015
54;32;1;2;01.01.2015
55;33;1;1;01.01.2015
56;29;1;1;01.01.2015
57;29;1;2;01.01.2015
58;29;1;3;01.01.2015
59;29;1;4;01.01.2015
60;29;1;5;01.01.2015
60;34;2;3;01.01.2015
61;34;1;1;01.01.2015
62;34;1;2;01.01.2015
63;35;1;1;01.01.2015
64;35;1;2;01.01.2015
66;36;1;1;01.01.2015
67;36;1;2;01.01.2015
67;37;2;3;01.01.2015
68;37;1;1;01.01.2015
69;37;1;2;01.01.2015
70;38;1;1;01.01.2015
71;38;1;2;01.01.2015
72;38;1;3;01.01.2015
10;38;3;4;01.01.2015
74;38;3;5;01.01.2015
10;40;1;2;01.01.2015
74;40;1;1;01.01.2015
75;40;1;3;01.01.2015
76;40;1;4;01.01.2015
75;41;2;2;01.01.2015
76;41;2;3;01.01.2015
77;41;1;1;01.01.2015
78;42;1;1;01.01.2015
79;44;1;1;01.01.2015
80;44;1;2;01.01.2015
81;44;1;3;01.01.2015
52;44;1;4;01.01.2015
83;47;1;1;01.01.2015
76;47;1;2;01.01.2015
85;47;1;3;01.01.2015
85;48;2;4;01.01.2015
76;48;2;3;01.01.2015
83;48;2;2;01.01.2015
86;48;1;1;01.01.2015
87;49;1;1;01.01.2015
87;50;2;1;01.01.2015
88;50;2;2;01.01.2015
89;50;1;3;01.01.2015
90;50;1;4;01.01.2015
88;51;1;1;01.01.2015
91;52;1;1;01.01.2015
93;53;1;1;01.01.2015
92;53;1;2;01.01.2015
94;54;1;1;01.01.2015
21;54;1;2;01.01.2015
21;55;2;3;01.01.2015
4;56;1;1;01.01.2015
96;57;3;5;01.01.2015
97;57;2;4;01.01.2015
80;57;2;3;01.01.2015
99;57;2;2;01.01.2015
78;57;1;1;01.01.2015
96;58;1;1;01.01.2015
96;59;2;4;01.01.2015
97;59;1;3;01.01.2015
80;59;1;2;01.01.2015
99;59;1;1;01.01.2015
102;60;1;1;01.01.2015
111;77;1;1;01.01.2015
112;88;1;1;01.01.2015
103;101;1;1;01.01.2015
104;101;1;2;01.01.2015
1;1;1;2;01.01.2016
1;2;2;2;01.01.2016
2;1;1;1;01.01.2016
3;3;1;1;01.01.2016
3;2;2;5;01.01.2016
4;2;1;1;01.01.2016
5;2;1;3;01.01.2016
6;2;1;4;01.01.2016
6;5;2;3;01.01.2016
7;5;1;2;01.01.2016
7;2;2;6;01.01.2016
8;5;1;1;01.01.2016
9;6;1;1;01.01.2016
10;6;1;2;01.01.2016
11;6;1;3;01.01.2016
11;7;2;2;01.01.2016
12;6;1;4;01.01.2016
12;7;2;1;01.01.2016
13;8;1;1;01.01.2016
14;8;1;2;01.01.2016
15;9;1;1;01.01.2016
16;10;1;3;01.01.2016
17;10;1;2;01.01.2016
18;10;1;1;01.01.2016
19;11;1;1;01.01.2016
19;10;2;4;01.01.2016
20;11;1;2;01.01.2016
20;10;2;5;01.01.2016
21;12;1;1;01.01.2016
21;10;2;7;01.01.2016
22;10;1;6;01.01.2016
23;13;1;3;01.01.2016
23;10;2;8;01.01.2016
24;13;1;1;01.01.2016
25;13;1;2;01.01.2016
26;14;1;1;01.01.2016
26;10;2;9;01.01.2016
26;16;3;5;01.01.2016
27;10;2;10;01.01.2016
27;16;1;4;01.01.2016
28;16;1;3;01.01.2016
28;10;2;11;01.01.2016
29;16;1;1;01.01.2016
29;10;2;13;01.01.2016
30;16;1;2;01.01.2016
30;10;2;12;01.01.2016
31;17;1;1;01.01.2016
32;17;1;2;01.01.2016
33;17;1;3;01.01.2016
34;18;1;1;01.01.2016
35;19;1;1;01.01.2016
36;20;1;1;01.01.2016
37;20;1;2;01.01.2016
38;21;1;1;01.01.2016
39;21;1;2;01.01.2016
40;21;2;3;01.01.2016
39;22;2;2;01.01.2016
40;22;1;1;01.01.2016
39;16;3;8;01.01.2016
40;16;3;7;01.01.2016
41;16;2;6;01.01.2016
41;23;1;1;01.01.2016
42;24;1;1;01.01.2016
43;24;1;2;01.01.2016
44;25;1;1;01.01.2016
45;25;1;3;01.01.2016
46;25;1;2;01.01.2016
47;26;1;1;01.01.2016
48;27;2;1;01.01.2016
48;28;1;1;01.01.2016
49;27;2;2;01.01.2016
49;29;1;6;01.01.2016
50;27;2;3;01.01.2016
50;30;1;1;01.01.2016
47;27;2;4;01.01.2016
45;27;2;5;01.01.2016
46;27;2;6;01.01.2016
51;31;1;1;01.01.2016
110;31;1;2;01.01.2016
53;32;1;1;01.01.2016
54;32;1;2;01.01.2016
55;33;1;1;01.01.2016
56;29;1;1;01.01.2016
57;29;1;2;01.01.2016
58;29;1;3;01.01.2016
59;29;1;4;01.01.2016
60;29;1;5;01.01.2016
60;34;2;3;01.01.2016
61;34;1;1;01.01.2016
62;34;1;2;01.01.2016
63;35;1;1;01.01.2016
64;35;1;2;01.01.2016
66;36;1;1;01.01.2016
67;36;1;2;01.01.2016
67;37;2;3;01.01.2016
68;37;1;1;01.01.2016
69;37;1;2;01.01.2016
70;38;1;1;01.01.2016
71;38;1;2;01.01.2016
72;38;1;3;01.01.2016
10;38;3;4;01.01.2016
74;38;3;5;01.01.2016
10;40;1;2;01.01.2016
74;40;1;1;01.01.2016
75;40;1;3;01.01.2016
76;40;1;4;01.01.2016
75;41;2;2;01.01.2016
76;41;2;3;01.01.2016
77;41;1;1;01.01.2016
78;42;1;1;01.01.2016
79;44;1;1;01.01.2016
80;44;1;2;01.01.2016
81;44;1;3;01.01.2016
52;44;1;4;01.01.2016
83;47;1;1;01.01.2016
76;47;1;2;01.01.2016
85;47;1;3;01.01.2016
85;48;2;4;01.01.2016
76;48;2;3;01.01.2016
83;48;2;2;01.01.2016
86;48;1;1;01.01.2016
87;49;1;1;01.01.2016
87;50;2;1;01.01.2016
88;50;2;2;01.01.2016
89;50;1;3;01.01.2016
90;50;1;4;01.01.2016
88;51;1;1;01.01.2016
91;52;1;1;01.01.2016
93;53;1;1;01.01.2016
92;53;1;2;01.01.2016
94;54;1;1;01.01.2016
21;54;1;2;01.01.2016
21;55;2;3;01.01.2016
4;56;1;1;01.01.2016
96;57;3;5;01.01.2016
97;57;2;4;01.01.2016
80;57;2;3;01.01.2016
99;57;2;2;01.01.2016
78;57;1;1;01.01.2016
96;58;1;1;01.01.2016
96;59;2;4;01.01.2016
97;59;1;3;01.01.2016
80;59;1;2;01.01.2016
99;59;1;1;01.01.2016
102;60;1;1;01.01.2016
111;77;1;1;01.01.2016
112;88;1;1;01.01.2016
103;101;1;1;01.01.2016
104;101;1;2;01.01.2016
1;1;1;2;01.01.2017
1;2;2;2;01.01.2017
2;1;1;1;01.01.2017
3;3;1;1;01.01.2017
3;2;2;5;01.01.2017
4;2;1;1;01.01.2017
5;2;1;3;01.01.2017
6;2;1;4;01.01.2017
6;5;2;3;01.01.2017
7;5;1;2;01.01.2017
7;2;2;6;01.01.2017
8;5;1;1;01.01.2017
9;6;1;1;01.01.2017
10;6;1;2;01.01.2017
11;6;1;3;01.01.2017
11;7;2;2;01.01.2017
12;6;1;4;01.01.2017
12;7;2;1;01.01.2017
13;8;1;1;01.01.2017
14;8;1;2;01.01.2017
15;9;1;1;01.01.2017
16;10;1;3;01.01.2017
17;10;1;2;01.01.2017
18;10;1;1;01.01.2017
19;11;1;1;01.01.2017
19;10;2;4;01.01.2017
20;11;1;2;01.01.2017
20;10;2;5;01.01.2017
21;12;1;1;01.01.2017
21;10;2;7;01.01.2017
22;10;1;6;01.01.2017
23;13;1;3;01.01.2017
23;10;2;8;01.01.2017
24;13;1;1;01.01.2017
25;13;1;2;01.01.2017
26;14;1;1;01.01.2017
26;10;2;9;01.01.2017
26;16;3;5;01.01.2017
27;10;2;10;01.01.2017
27;16;1;4;01.01.2017
28;16;1;3;01.01.2017
28;10;2;11;01.01.2017
29;16;1;1;01.01.2017
29;10;2;13;01.01.2017
30;16;1;2;01.01.2017
30;10;2;12;01.01.2017
31;17;1;1;01.01.2017
32;17;1;2;01.01.2017
33;17;1;3;01.01.2017
34;18;1;1;01.01.2017
35;19;1;1;01.01.2017
36;20;1;1;01.01.2017
37;20;1;2;01.01.2017
38;21;1;1;01.01.2017
39;21;1;2;01.01.2017
40;21;2;3;01.01.2017
39;22;2;2;01.01.2017
40;22;1;1;01.01.2017
39;16;3;8;01.01.2017
40;16;3;7;01.01.2017
41;16;2;6;01.01.2017
41;23;1;1;01.01.2017
42;24;1;1;01.01.2017
43;24;1;2;01.01.2017
44;25;1;1;01.01.2017
45;25;1;3;01.01.2017
46;25;1;2;01.01.2017
47;26;1;1;01.01.2017
48;27;2;1;01.01.2017
48;28;1;1;01.01.2017
49;27;2;2;01.01.2017
49;29;1;6;01.01.2017
50;27;2;3;01.01.2017
50;30;1;1;01.01.2017
47;27;2;4;01.01.2017
45;27;2;5;01.01.2017
46;27;2;6;01.01.2017
51;31;1;1;01.01.2017
110;31;1;2;01.01.2017
53;32;1;1;01.01.2017
54;32;1;2;01.01.2017
55;33;1;1;01.01.2017
56;29;1;1;01.01.2017
57;29;1;2;01.01.2017
58;29;1;3;01.01.2017
59;29;1;4;01.01.2017
60;29;1;5;01.01.2017
60;34;2;3;01.01.2017
61;34;1;1;01.01.2017
62;34;1;2;01.01.2017
63;35;1;1;01.01.2017
64;35;1;2;01.01.2017
66;36;1;1;01.01.2017
67;36;1;2;01.01.2017
67;37;2;3;01.01.2017
68;37;1;1;01.01.2017
69;37;1;2;01.01.2017
70;38;1;1;01.01.2017
71;38;1;2;01.01.2017
72;38;1;3;01.01.2017
10;38;3;4;01.01.2017
74;38;3;5;01.01.2017
10;40;1;2;01.01.2017
74;40;1;1;01.01.2017
75;40;1;3;01.01.2017
76;40;1;4;01.01.2017
75;41;2;2;01.01.2017
76;41;2;3;01.01.2017
77;41;1;1;01.01.2017
78;42;1;1;01.01.2017
79;44;1;1;01.01.2017
80;44;1;2;01.01.2017
81;44;1;3;01.01.2017
52;44;1;4;01.01.2017
83;47;1;1;01.01.2017
76;47;1;2;01.01.2017
85;47;1;3;01.01.2017
85;48;2;4;01.01.2017
76;48;2;3;01.01.2017
83;48;2;2;01.01.2017
86;48;1;1;01.01.2017
87;49;1;1;01.01.2017
87;50;2;1;01.01.2017
88;50;2;2;01.01.2017
89;50;1;3;01.01.2017
90;50;1;4;01.01.2017
88;51;1;1;01.01.2017
91;52;1;1;01.01.2017
93;53;1;1;01.01.2017
92;53;1;2;01.01.2017
94;54;1;1;01.01.2017
21;54;1;2;01.01.2017
21;55;2;3;01.01.2017
4;56;1;1;01.01.2017
96;57;3;5;01.01.2017
97;57;2;4;01.01.2017
80;57;2;3;01.01.2017
99;57;2;2;01.01.2017
78;57;1;1;01.01.2017
96;58;1;1;01.01.2017
96;59;2;4;01.01.2017
97;59;1;3;01.01.2017
80;59;1;2;01.01.2017
99;59;1;1;01.01.2017
102;60;1;1;01.01.2017
111;77;1;1;01.01.2017
112;88;1;1;01.01.2017
103;101;1;1;01.01.2017
104;101;1;2;01.01.2017
1;1;1;2;01.01.2018
1;2;2;2;01.01.2018
2;1;1;1;01.01.2018
3;3;1;1;01.01.2018
3;2;2;5;01.01.2018
4;2;1;1;01.01.2018
5;2;1;3;01.01.2018
6;2;1;4;01.01.2018
6;5;2;3;01.01.2018
7;5;1;2;01.01.2018
7;2;2;6;01.01.2018
8;5;1;1;01.01.2018
9;6;1;1;01.01.2018
10;6;1;2;01.01.2018
11;6;1;3;01.01.2018
11;7;2;2;01.01.2018
12;6;1;4;01.01.2018
12;7;2;1;01.01.2018
13;8;1;1;01.01.2018
14;8;1;2;01.01.2018
15;9;1;1;01.01.2018
16;10;1;3;01.01.2018
17;10;1;2;01.01.2018
18;10;1;1;01.01.2018
19;11;1;1;01.01.2018
19;10;2;4;01.01.2018
20;11;1;2;01.01.2018
20;10;2;5;01.01.2018
21;12;1;1;01.01.2018
21;10;2;7;01.01.2018
22;10;1;6;01.01.2018
23;13;1;3;01.01.2018
23;10;2;8;01.01.2018
24;13;1;1;01.01.2018
25;13;1;2;01.01.2018
26;14;1;1;01.01.2018
26;10;2;9;01.01.2018
26;16;3;5;01.01.2018
27;10;2;10;01.01.2018
27;16;1;4;01.01.2018
28;16;1;3;01.01.2018
28;10;2;11;01.01.2018
29;16;1;1;01.01.2018
29;10;2;13;01.01.2018
30;16;1;2;01.01.2018
30;10;2;12;01.01.2018
31;17;1;1;01.01.2018
32;17;1;2;01.01.2018
33;17;1;3;01.01.2018
34;18;1;1;01.01.2018
35;19;1;1;01.01.2018
36;20;1;1;01.01.2018
37;20;1;2;01.01.2018
38;21;1;1;01.01.2018
39;21;1;2;01.01.2018
40;21;2;3;01.01.2018
39;22;2;2;01.01.2018
40;22;1;1;01.01.2018
39;16;3;8;01.01.2018
40;16;3;7;01.01.2018
41;16;2;6;01.01.2018
41;23;1;1;01.01.2018
42;24;1;1;01.01.2018
43;24;1;2;01.01.2018
44;25;1;1;01.01.2018
45;25;1;3;01.01.2018
46;25;1;2;01.01.2018
47;26;1;1;01.01.2018
48;27;2;1;01.01.2018
48;28;1;1;01.01.2018
49;27;2;2;01.01.2018
49;29;1;6;01.01.2018
50;27;2;3;01.01.2018
50;30;1;1;01.01.2018
47;27;2;4;01.01.2018
45;27;2;5;01.01.2018
46;27;2;6;01.01.2018
51;31;1;1;01.01.2018
110;31;1;2;01.01.2018
53;32;1;1;01.01.2018
54;32;1;2;01.01.2018
55;33;1;1;01.01.2018
56;29;1;1;01.01.2018
57;29;1;2;01.01.2018
58;29;1;3;01.01.2018
59;29;1;4;01.01.2018
60;29;1;5;01.01.2018
60;34;2;3;01.01.2018
61;34;1;1;01.01.2018
62;34;1;2;01.01.2018
63;35;1;1;01.01.2018
64;35;1;2;01.01.2018
66;36;1;1;01.01.2018
67;36;1;2;01.01.2018
67;37;2;3;01.01.2018
68;37;1;1;01.01.2018
69;37;1;2;01.01.2018
70;38;1;1;01.01.2018
71;38;1;2;01.01.2018
72;38;1;3;01.01.2018
10;38;3;4;01.01.2018
74;38;3;5;01.01.2018
10;40;1;2;01.01.2018
74;40;1;1;01.01.2018
75;40;1;3;01.01.2018
76;40;1;4;01.01.2018
75;41;2;2;01.01.2018
76;41;2;3;01.01.2018
77;41;1;1;01.01.2018
78;42;1;1;01.01.2018
79;44;1;1;01.01.2018
80;44;1;2;01.01.2018
81;44;1;3;01.01.2018
52;44;1;4;01.01.2018
83;47;1;1;01.01.2018
76;47;1;2;01.01.2018
85;47;1;3;01.01.2018
85;48;2;4;01.01.2018
76;48;2;3;01.01.2018
83;48;2;2;01.01.2018
86;48;1;1;01.01.2018
87;49;1;1;01.01.2018
87;50;2;1;01.01.2018
88;50;2;2;01.01.2018
89;50;1;3;01.01.2018
90;50;1;4;01.01.2018
88;51;1;1;01.01.2018
91;52;1;1;01.01.2018
93;53;1;1;01.01.2018
92;53;1;2;01.01.2018
94;54;1;1;01.01.2018
21;54;1;2;01.01.2018
21;55;2;3;01.01.2018
4;56;1;1;01.01.2018
96;57;3;5;01.01.2018
97;57;2;4;01.01.2018
80;57;2;3;01.01.2018
99;57;2;2;01.01.2018
78;57;1;1;01.01.2018
96;58;1;1;01.01.2018
96;59;2;4;01.01.2018
97;59;1;3;01.01.2018
80;59;1;2;01.01.2018
99;59;1;1;01.01.2018
102;60;1;1;01.01.2018
111;77;1;1;01.01.2018
112;88;1;1;01.01.2018
103;101;1;1;01.01.2018
104;101;1;2;01.01.2018
1;1;1;2;01.01.2019
1;2;2;2;01.01.2019
2;1;1;1;01.01.2019
3;3;1;1;01.01.2019
3;2;2;5;01.01.2019
4;2;1;1;01.01.2019
5;2;1;3;01.01.2019
6;2;1;4;01.01.2019
6;5;2;3;01.01.2019
7;5;1;2;01.01.2019
7;2;2;6;01.01.2019
8;5;1;1;01.01.2019
9;6;1;1;01.01.2019
10;6;1;2;01.01.2019
11;6;1;3;01.01.2019
11;7;2;2;01.01.2019
12;6;1;4;01.01.2019
12;7;2;1;01.01.2019
13;8;1;1;01.01.2019
14;8;1;2;01.01.2019
15;9;1;1;01.01.2019
16;10;1;3;01.01.2019
17;10;1;2;01.01.2019
18;10;1;1;01.01.2019
19;11;1;1;01.01.2019
19;10;2;4;01.01.2019
20;11;1;2;01.01.2019
20;10;2;5;01.01.2019
21;12;1;1;01.01.2019
21;10;2;7;01.01.2019
22;10;1;6;01.01.2019
23;13;1;3;01.01.2019
23;10;2;8;01.01.2019
24;13;1;1;01.01.2019
25;13;1;2;01.01.2019
26;14;1;1;01.01.2019
26;10;2;9;01.01.2019
26;16;3;5;01.01.2019
27;10;2;10;01.01.2019
27;16;1;4;01.01.2019
28;16;1;3;01.01.2019
28;10;2;11;01.01.2019
29;16;1;1;01.01.2019
29;10;2;13;01.01.2019
30;16;1;2;01.01.2019
30;10;2;12;01.01.2019
31;17;1;1;01.01.2019
32;17;1;2;01.01.2019
33;17;1;3;01.01.2019
34;18;1;1;01.01.2019
35;19;1;1;01.01.2019
36;20;1;1;01.01.2019
37;20;1;2;01.01.2019
38;21;1;1;01.01.2019
39;21;1;2;01.01.2019
40;21;2;3;01.01.2019
39;22;2;2;01.01.2019
40;22;1;1;01.01.2019
39;16;3;8;01.01.2019
40;16;3;7;01.01.2019
41;16;2;6;01.01.2019
41;23;1;1;01.01.2019
42;24;1;1;01.01.2019
43;24;1;2;01.01.2019
44;25;1;1;01.01.2019
45;25;1;3;01.01.2019
46;25;1;2;01.01.2019
47;26;1;1;01.01.2019
48;27;2;1;01.01.2019
48;28;1;1;01.01.2019
49;27;2;2;01.01.2019
49;29;1;6;01.01.2019
50;27;2;3;01.01.2019
50;30;1;1;01.01.2019
47;27;2;4;01.01.2019
45;27;2;5;01.01.2019
46;27;2;6;01.01.2019
51;31;1;1;01.01.2019
110;31;1;2;01.01.2019
53;32;1;1;01.01.2019
54;32;1;2;01.01.2019
55;33;1;1;01.01.2019
56;29;1;1;01.01.2019
57;29;1;2;01.01.2019
58;29;1;3;01.01.2019
59;29;1;4;01.01.2019
60;29;1;5;01.01.2019
60;34;2;3;01.01.2019
61;34;1;1;01.01.2019
62;34;1;2;01.01.2019
63;35;1;1;01.01.2019
64;35;1;2;01.01.2019
66;36;1;1;01.01.2019
67;36;1;2;01.01.2019
67;37;2;3;01.01.2019
68;37;1;1;01.01.2019
69;37;1;2;01.01.2019
70;38;1;1;01.01.2019
71;38;1;2;01.01.2019
72;38;1;3;01.01.2019
10;38;3;4;01.01.2019
74;38;3;5;01.01.2019
10;40;1;2;01.01.2019
74;40;1;1;01.01.2019
75;40;1;3;01.01.2019
76;40;1;4;01.01.2019
75;41;2;2;01.01.2019
76;41;2;3;01.01.2019
77;41;1;1;01.01.2019
78;42;1;1;01.01.2019
79;44;1;1;01.01.2019
80;44;1;2;01.01.2019
81;44;1;3;01.01.2019
52;44;1;4;01.01.2019
83;47;1;1;01.01.2019
76;47;1;2;01.01.2019
85;47;1;3;01.01.2019
85;48;2;4;01.01.2019
76;48;2;3;01.01.2019
83;48;2;2;01.01.2019
86;48;1;1;01.01.2019
87;49;1;1;01.01.2019
87;50;2;1;01.01.2019
88;50;2;2;01.01.2019
89;50;1;3;01.01.2019
90;50;1;4;01.01.2019
88;51;1;1;01.01.2019
91;52;1;1;01.01.2019
93;53;1;1;01.01.2019
92;53;1;2;01.01.2019
94;54;1;1;01.01.2019
21;54;1;2;01.01.2019
21;55;2;3;01.01.2019
4;56;1;1;01.01.2019
96;57;3;5;01.01.2019
97;57;2;4;01.01.2019
80;57;2;3;01.01.2019
99;57;2;2;01.01.2019
78;57;1;1;01.01.2019
96;58;1;1;01.01.2019
96;59;2;4;01.01.2019
97;59;1;3;01.01.2019
80;59;1;2;01.01.2019
99;59;1;1;01.01.2019
102;60;1;1;01.01.2019
111;77;1;1;01.01.2019
112;88;1;1;01.01.2019
103;101;1;1;01.01.2019
104;101;1;2;01.01.2019
1;1;1;2;01.01.2020
1;2;2;2;01.01.2020
2;1;1;1;01.01.2020
3;3;1;1;01.01.2020
3;2;2;5;01.01.2020
4;2;1;1;01.01.2020
5;2;1;3;01.01.2020
6;2;1;4;01.01.2020
6;5;2;3;01.01.2020
7;5;1;2;01.01.2020
7;2;2;6;01.01.2020
8;5;1;1;01.01.2020
9;6;1;1;01.01.2020
10;6;1;2;01.01.2020
11;6;1;3;01.01.2020
11;7;2;2;01.01.2020
12;6;1;4;01.01.2020
12;7;2;1;01.01.2020
13;8;1;1;01.01.2020
14;8;1;2;01.01.2020
15;9;1;1;01.01.2020
16;10;1;3;01.01.2020
17;10;1;2;01.01.2020
18;10;1;1;01.01.2020
19;11;1;1;01.01.2020
19;10;2;4;01.01.2020
20;11;1;2;01.01.2020
20;10;2;5;01.01.2020
21;12;1;1;01.01.2020
21;10;2;7;01.01.2020
22;10;1;6;01.01.2020
23;13;1;3;01.01.2020
23;10;2;8;01.01.2020
24;13;1;1;01.01.2020
25;13;1;2;01.01.2020
26;14;1;1;01.01.2020
26;10;2;9;01.01.2020
26;16;3;5;01.01.2020
27;10;2;10;01.01.2020
27;16;1;4;01.01.2020
28;16;1;3;01.01.2020
28;10;2;11;01.01.2020
29;16;1;1;01.01.2020
29;10;2;13;01.01.2020
30;16;1;2;01.01.2020
30;10;2;12;01.01.2020
31;17;1;1;01.01.2020
32;17;1;2;01.01.2020
33;17;1;3;01.01.2020
34;18;1;1;01.01.2020
35;19;1;1;01.01.2020
36;20;1;1;01.01.2020
37;20;1;2;01.01.2020
38;21;1;1;01.01.2020
39;21;1;2;01.01.2020
40;21;2;3;01.01.2020
39;22;2;2;01.01.2020
40;22;1;1;01.01.2020
39;16;3;8;01.01.2020
40;16;3;7;01.01.2020
41;16;2;6;01.01.2020
41;23;1;1;01.01.2020
42;24;1;1;01.01.2020
43;24;1;2;01.01.2020
44;25;1;1;01.01.2020
45;25;1;3;01.01.2020
46;25;1;2;01.01.2020
47;26;1;1;01.01.2020
48;27;2;1;01.01.2020
48;28;1;1;01.01.2020
49;27;2;2;01.01.2020
49;29;1;6;01.01.2020
50;27;2;3;01.01.2020
50;30;1;1;01.01.2020
47;27;2;4;01.01.2020
45;27;2;5;01.01.2020
46;27;2;6;01.01.2020
51;31;1;1;01.01.2020
110;31;1;2;01.01.2020
53;32;1;1;01.01.2020
54;32;1;2;01.01.2020
55;33;1;1;01.01.2020
56;29;1;1;01.01.2020
57;29;1;2;01.01.2020
58;29;1;3;01.01.2020
59;29;1;4;01.01.2020
60;29;1;5;01.01.2020
60;34;2;3;01.01.2020
61;34;1;1;01.01.2020
62;34;1;2;01.01.2020
63;35;1;1;01.01.2020
64;35;1;2;01.01.2020
66;36;1;1;01.01.2020
67;36;1;2;01.01.2020
67;37;2;3;01.01.2020
68;37;1;1;01.01.2020
69;37;1;2;01.01.2020
70;38;1;1;01.01.2020
71;38;1;2;01.01.2020
72;38;1;3;01.01.2020
10;38;3;4;01.01.2020
74;38;3;5;01.01.2020
10;40;1;2;01.01.2020
74;40;1;1;01.01.2020
75;40;1;3;01.01.2020
76;40;1;4;01.01.2020
75;41;2;2;01.01.2020
76;41;2;3;01.01.2020
77;41;1;1;01.01.2020
78;42;1;1;01.01.2020
79;44;1;1;01.01.2020
80;44;1;2;01.01.2020
81;44;1;3;01.01.2020
52;44;1;4;01.01.2020
83;47;1;1;01.01.2020
76;47;1;2;01.01.2020
85;47;1;3;01.01.2020
85;48;2;4;01.01.2020
76;48;2;3;01.01.2020
83;48;2;2;01.01.2020
86;48;1;1;01.01.2020
87;49;1;1;01.01.2020
87;50;2;1;01.01.2020
88;50;2;2;01.01.2020
89;50;1;3;01.01.2020
90;50;1;4;01.01.2020
88;51;1;1;01.01.2020
91;52;1;1;01.01.2020
93;53;1;1;01.01.2020
92;53;1;2;01.01.2020
94;54;1;1;01.01.2020
21;54;1;2;01.01.2020
21;55;2;3;01.01.2020
4;56;1;1;01.01.2020
96;57;3;5;01.01.2020
97;57;2;4;01.01.2020
80;57;2;3;01.01.2020
99;57;2;2;01.01.2020
78;57;1;1;01.01.2020
96;58;1;1;01.01.2020
96;59;2;4;01.01.2020
97;59;1;3;01.01.2020
80;59;1;2;01.01.2020
99;59;1;1;01.01.2020
102;60;1;1;01.01.2020
111;77;1;1;01.01.2020
112;88;1;1;01.01.2020
103;101;1;1;01.01.2020
104;101;1;2;01.01.2020
1;1;1;2;01.01.2021
1;2;2;2;01.01.2021
2;1;1;1;01.01.2021
3;3;1;1;01.01.2021
3;2;2;5;01.01.2021
4;2;1;1;01.01.2021
5;2;1;3;01.01.2021
6;2;1;4;01.01.2021
6;5;2;3;01.01.2021
7;5;1;2;01.01.2021
7;2;2;6;01.01.2021
8;5;1;1;01.01.2021
9;6;1;1;01.01.2021
10;6;1;2;01.01.2021
11;6;1;3;01.01.2021
11;7;2;2;01.01.2021
12;6;1;4;01.01.2021
12;7;2;1;01.01.2021
13;8;1;1;01.01.2021
14;8;1;2;01.01.2021
15;9;1;1;01.01.2021
16;10;1;3;01.01.2021
17;10;1;2;01.01.2021
18;10;1;1;01.01.2021
19;11;1;1;01.01.2021
19;10;2;4;01.01.2021
20;11;1;2;01.01.2021
20;10;2;5;01.01.2021
21;12;1;1;01.01.2021
21;10;2;7;01.01.2021
22;10;1;6;01.01.2021
23;13;1;3;01.01.2021
23;10;2;8;01.01.2021
24;13;1;1;01.01.2021
25;13;1;2;01.01.2021
26;14;1;1;01.01.2021
26;10;2;9;01.01.2021
26;16;3;5;01.01.2021
27;10;2;10;01.01.2021
27;16;1;4;01.01.2021
28;16;1;3;01.01.2021
28;10;2;11;01.01.2021
29;16;1;1;01.01.2021
29;10;2;13;01.01.2021
30;16;1;2;01.01.2021
30;10;2;12;01.01.2021
31;17;1;1;01.01.2021
32;17;1;2;01.01.2021
33;17;1;3;01.01.2021
34;18;1;1;01.01.2021
35;19;1;1;01.01.2021
36;20;1;1;01.01.2021
37;20;1;2;01.01.2021
38;21;1;1;01.01.2021
39;21;1;2;01.01.2021
40;21;2;3;01.01.2021
39;22;2;2;01.01.2021
40;22;1;1;01.01.2021
39;16;3;8;01.01.2021
40;16;3;7;01.01.2021
41;16;2;6;01.01.2021
41;23;1;1;01.01.2021
42;24;1;1;01.01.2021
43;24;1;2;01.01.2021
44;25;1;1;01.01.2021
45;25;1;3;01.01.2021
46;25;1;2;01.01.2021
47;26;1;1;01.01.2021
48;27;2;1;01.01.2021
48;28;1;1;01.01.2021
49;27;2;2;01.01.2021
49;29;1;6;01.01.2021
50;27;2;3;01.01.2021
50;30;1;1;01.01.2021
47;27;2;4;01.01.2021
45;27;2;5;01.01.2021
46;27;2;6;01.01.2021
51;31;1;1;01.01.2021
110;31;1;2;01.01.2021
53;32;1;1;01.01.2021
54;32;1;2;01.01.2021
55;33;1;1;01.01.2021
56;29;1;1;01.01.2021
57;29;1;2;01.01.2021
58;29;1;3;01.01.2021
59;29;1;4;01.01.2021
60;29;1;5;01.01.2021
60;34;2;3;01.01.2021
61;34;1;1;01.01.2021
62;34;1;2;01.01.2021
63;35;1;1;01.01.2021
64;35;1;2;01.01.2021
66;36;1;1;01.01.2021
67;36;1;2;01.01.2021
67;37;2;3;01.01.2021
68;37;1;1;01.01.2021
69;37;1;2;01.01.2021
70;38;1;1;01.01.2021
71;38;1;2;01.01.2021
72;38;1;3;01.01.2021
10;38;3;4;01.01.2021
74;38;3;5;01.01.2021
10;40;1;2;01.01.2021
74;40;1;1;01.01.2021
75;40;1;3;01.01.2021
76;40;1;4;01.01.2021
75;41;2;2;01.01.2021
76;41;2;3;01.01.2021
77;41;1;1;01.01.2021
78;42;1;1;01.01.2021
79;44;1;1;01.01.2021
80;44;1;2;01.01.2021
81;44;1;3;01.01.2021
52;44;1;4;01.01.2021
83;47;1;1;01.01.2021
76;47;1;2;01.01.2021
85;47;1;3;01.01.2021
85;48;2;4;01.01.2021
76;48;2;3;01.01.2021
83;48;2;2;01.01.2021
86;48;1;1;01.01.2021
87;49;1;1;01.01.2021
87;50;2;1;01.01.2021
88;50;2;2;01.01.2021
89;50;1;3;01.01.2021
90;50;1;4;01.01.2021
88;51;1;1;01.01.2021
91;52;1;1;01.01.2021
93;53;1;1;01.01.2021
92;53;1;2;01.01.2021
94;54;1;1;01.01.2021
21;54;1;2;01.01.2021
21;55;2;3;01.01.2021
4;56;1;1;01.01.2021
96;57;3;5;01.01.2021
97;57;2;4;01.01.2021
80;57;2;3;01.01.2021
99;57;2;2;01.01.2021
78;57;1;1;01.01.2021
96;58;1;1;01.01.2021
96;59;2;4;01.01.2021
97;59;1;3;01.01.2021
80;59;1;2;01.01.2021
99;59;1;1;01.01.2021
102;60;1;1;01.01.2021
111;77;1;1;01.01.2021
112;88;1;1;01.01.2021
103;101;1;1;01.01.2021
104;101;1;2;01.01.2021
1;1;1;2;01.01.2022
1;2;2;2;01.01.2022
2;1;1;1;01.01.2022
3;3;1;1;01.01.2022
3;2;2;5;01.01.2022
4;2;1;1;01.01.2022
5;2;1;3;01.01.2022
6;2;1;4;01.01.2022
6;5;2;3;01.01.2022
7;5;1;2;01.01.2022
7;2;2;6;01.01.2022
8;5;1;1;01.01.2022
9;6;1;1;01.01.2022
10;6;1;2;01.01.2022
11;6;1;3;01.01.2022
11;7;2;2;01.01.2022
12;6;1;4;01.01.2022
12;7;2;1;01.01.2022
13;8;1;1;01.01.2022
14;8;1;2;01.01.2022
15;9;1;1;01.01.2022
16;10;1;3;01.01.2022
17;10;1;2;01.01.2022
18;10;1;1;01.01.2022
19;11;1;1;01.01.2022
19;10;2;4;01.01.2022
20;11;1;2;01.01.2022
20;10;2;5;01.01.2022
21;12;1;1;01.01.2022
21;10;2;7;01.01.2022
22;10;1;6;01.01.2022
23;13;1;3;01.01.2022
23;10;2;8;01.01.2022
24;13;1;1;01.01.2022
25;13;1;2;01.01.2022
26;14;1;1;01.01.2022
26;10;2;9;01.01.2022
26;16;3;5;01.01.2022
27;10;2;10;01.01.2022
27;16;1;4;01.01.2022
28;16;1;3;01.01.2022
28;10;2;11;01.01.2022
29;16;1;1;01.01.2022
29;10;2;13;01.01.2022
30;16;1;2;01.01.2022
30;10;2;12;01.01.2022
31;17;1;1;01.01.2022
32;17;1;2;01.01.2022
33;17;1;3;01.01.2022
34;18;1;1;01.01.2022
35;19;1;1;01.01.2022
36;20;1;1;01.01.2022
37;20;1;2;01.01.2022
38;21;1;1;01.01.2022
39;21;1;2;01.01.2022
40;21;2;3;01.01.2022
39;22;2;2;01.01.2022
40;22;1;1;01.01.2022
39;16;3;8;01.01.2022
40;16;3;7;01.01.2022
41;16;2;6;01.01.2022
41;23;1;1;01.01.2022
42;24;1;1;01.01.2022
43;24;1;2;01.01.2022
44;25;1;1;01.01.2022
45;25;1;3;01.01.2022
46;25;1;2;01.01.2022
47;26;1;1;01.01.2022
48;27;2;1;01.01.2022
48;28;1;1;01.01.2022
49;27;2;2;01.01.2022
49;29;1;6;01.01.2022
50;27;2;3;01.01.2022
50;30;1;1;01.01.2022
47;27;2;4;01.01.2022
45;27;2;5;01.01.2022
46;27;2;6;01.01.2022
51;31;1;1;01.01.2022
110;31;1;2;01.01.2022
53;32;1;1;01.01.2022
54;32;1;2;01.01.2022
55;33;1;1;01.01.2022
56;29;1;1;01.01.2022
57;29;1;2;01.01.2022
58;29;1;3;01.01.2022
59;29;1;4;01.01.2022
60;29;1;5;01.01.2022
60;34;2;3;01.01.2022
61;34;1;1;01.01.2022
62;34;1;2;01.01.2022
63;35;1;1;01.01.2022
64;35;1;2;01.01.2022
66;36;1;1;01.01.2022
67;36;1;2;01.01.2022
67;37;2;3;01.01.2022
68;37;1;1;01.01.2022
69;37;1;2;01.01.2022
70;38;1;1;01.01.2022
71;38;1;2;01.01.2022
72;38;1;3;01.01.2022
10;38;3;4;01.01.2022
74;38;3;5;01.01.2022
10;40;1;2;01.01.2022
74;40;1;1;01.01.2022
75;40;1;3;01.01.2022
76;40;1;4;01.01.2022
75;41;2;2;01.01.2022
76;41;2;3;01.01.2022
77;41;1;1;01.01.2022
78;42;1;1;01.01.2022
79;44;1;1;01.01.2022
80;44;1;2;01.01.2022
81;44;1;3;01.01.2022
52;44;1;4;01.01.2022
83;47;1;1;01.01.2022
76;47;1;2;01.01.2022
85;47;1;3;01.01.2022
85;48;2;4;01.01.2022
76;48;2;3;01.01.2022
83;48;2;2;01.01.2022
86;48;1;1;01.01.2022
87;49;1;1;01.01.2022
87;50;2;1;01.01.2022
88;50;2;2;01.01.2022
89;50;1;3;01.01.2022
90;50;1;4;01.01.2022
88;51;1;1;01.01.2022
91;52;1;1;01.01.2022
93;53;1;1;01.01.2022
92;53;1;2;01.01.2022
94;54;1;1;01.01.2022
21;54;1;2;01.01.2022
21;55;2;3;01.01.2022
4;56;1;1;01.01.2022
96;57;3;5;01.01.2022
97;57;2;4;01.01.2022
80;57;2;3;01.01.2022
99;57;2;2;01.01.2022
78;57;1;1;01.01.2022
96;58;1;1;01.01.2022
96;59;2;4;01.01.2022
97;59;1;3;01.01.2022
80;59;1;2;01.01.2022
99;59;1;1;01.01.2022
102;60;1;1;01.01.2022
111;77;1;1;01.01.2022
112;88;1;1;01.01.2022
103;101;1;1;01.01.2022
104;101;1;2;01.01.2022
1;1;1;2;01.01.2023
1;2;2;2;01.01.2023
2;1;1;1;01.01.2023
3;3;1;1;01.01.2023
3;2;2;5;01.01.2023
4;2;1;1;01.01.2023
5;2;1;3;01.01.2023
6;2;1;4;01.01.2023
6;5;2;3;01.01.2023
7;5;1;2;01.01.2023
7;2;2;6;01.01.2023
8;5;1;1;01.01.2023
9;6;1;1;01.01.2023
10;6;1;2;01.01.2023
11;6;1;3;01.01.2023
11;7;2;2;01.01.2023
12;6;1;4;01.01.2023
12;7;2;1;01.01.2023
13;8;1;1;01.01.2023
14;8;1;2;01.01.2023
15;9;1;1;01.01.2023
16;10;1;3;01.01.2023
17;10;1;2;01.01.2023
18;10;1;1;01.01.2023
19;11;1;1;01.01.2023
19;10;2;4;01.01.2023
20;11;1;2;01.01.2023
20;10;2;5;01.01.2023
21;12;1;1;01.01.2023
21;10;2;7;01.01.2023
22;10;1;6;01.01.2023
23;13;1;3;01.01.2023
23;10;2;8;01.01.2023
24;13;1;1;01.01.2023
25;13;1;2;01.01.2023
26;14;1;1;01.01.2023
26;10;2;9;01.01.2023
26;16;3;5;01.01.2023
27;10;2;10;01.01.2023
27;16;1;4;01.01.2023
28;16;1;3;01.01.2023
28;10;2;11;01.01.2023
29;16;1;1;01.01.2023
29;10;2;13;01.01.2023
30;16;1;2;01.01.2023
30;10;2;12;01.01.2023
31;17;1;1;01.01.2023
32;17;1;2;01.01.2023
33;17;1;3;01.01.2023
34;18;1;1;01.01.2023
35;19;1;1;01.01.2023
36;20;1;1;01.01.2023
37;20;1;2;01.01.2023
38;21;1;1;01.01.2023
39;21;1;2;01.01.2023
40;21;2;3;01.01.2023
39;22;2;2;01.01.2023
40;22;1;1;01.01.2023
39;16;3;8;01.01.2023
40;16;3;7;01.01.2023
41;16;2;6;01.01.2023
41;23;1;1;01.01.2023
42;24;1;1;01.01.2023
43;24;1;2;01.01.2023
44;25;1;1;01.01.2023
45;25;1;3;01.01.2023
46;25;1;2;01.01.2023
47;26;1;1;01.01.2023
48;27;2;1;01.01.2023
48;28;1;1;01.01.2023
49;27;2;2;01.01.2023
49;29;1;6;01.01.2023
50;27;2;3;01.01.2023
50;30;1;1;01.01.2023
47;27;2;4;01.01.2023
45;27;2;5;01.01.2023
46;27;2;6;01.01.2023
51;31;1;1;01.01.2023
110;31;1;2;01.01.2023
53;32;1;1;01.01.2023
54;32;1;2;01.01.2023
55;33;1;1;01.01.2023
56;29;1;1;01.01.2023
57;29;1;2;01.01.2023
58;29;1;3;01.01.2023
59;29;1;4;01.01.2023
60;29;1;5;01.01.2023
60;34;2;3;01.01.2023
61;34;1;1;01.01.2023
62;34;1;2;01.01.2023
63;35;1;1;01.01.2023
64;35;1;2;01.01.2023
66;36;1;1;01.01.2023
67;36;1;2;01.01.2023
67;37;2;3;01.01.2023
68;37;1;1;01.01.2023
69;37;1;2;01.01.2023
70;38;1;1;01.01.2023
71;38;1;2;01.01.2023
72;38;1;3;01.01.2023
10;38;3;4;01.01.2023
74;38;3;5;01.01.2023
10;40;1;2;01.01.2023
74;40;1;1;01.01.2023
75;40;1;3;01.01.2023
76;40;1;4;01.01.2023
75;41;2;2;01.01.2023
76;41;2;3;01.01.2023
77;41;1;1;01.01.2023
78;42;1;1;01.01.2023
79;44;1;1;01.01.2023
80;44;1;2;01.01.2023
81;44;1;3;01.01.2023
52;44;1;4;01.01.2023
83;47;1;1;01.01.2023
76;47;1;2;01.01.2023
85;47;1;3;01.01.2023
85;48;2;4;01.01.2023
76;48;2;3;01.01.2023
83;48;2;2;01.01.2023
86;48;1;1;01.01.2023
87;49;1;1;01.01.2023
87;50;2;1;01.01.2023
88;50;2;2;01.01.2023
89;50;1;3;01.01.2023
90;50;1;4;01.01.2023
88;51;1;1;01.01.2023
91;52;1;1;01.01.2023
93;53;1;1;01.01.2023
92;53;1;2;01.01.2023
94;54;1;1;01.01.2023
21;54;1;2;01.01.2023
21;55;2;3;01.01.2023
4;56;1;1;01.01.2023
96;57;3;5;01.01.2023
97;57;2;4;01.01.2023
80;57;2;3;01.01.2023
99;57;2;2;01.01.2023
78;57;1;1;01.01.2023
96;58;1;1;01.01.2023
96;59;2;4;01.01.2023
97;59;1;3;01.01.2023
80;59;1;2;01.01.2023
99;59;1;1;01.01.2023
102;60;1;1;01.01.2023
111;77;1;1;01.01.2023
112;88;1;1;01.01.2023
103;101;1;1;01.01.2023
104;101;1;2;01.01.2023
1;1;1;2;01.01.2024
1;2;2;2;01.01.2024
2;1;1;1;01.01.2024
3;3;1;1;01.01.2024
3;2;2;5;01.01.2024
4;2;1;1;01.01.2024
5;2;1;3;01.01.2024
6;2;1;4;01.01.2024
6;5;2;3;01.01.2024
7;5;1;2;01.01.2024
7;2;2;6;01.01.2024
8;5;1;1;01.01.2024
9;6;1;1;01.01.2024
10;6;1;2;01.01.2024
11;6;1;3;01.01.2024
11;7;2;2;01.01.2024
12;6;1;4;01.01.2024
12;7;2;1;01.01.2024
13;8;1;1;01.01.2024
14;8;1;2;01.01.2024
15;9;1;1;01.01.2024
16;10;1;3;01.01.2024
17;10;1;2;01.01.2024
18;10;1;1;01.01.2024
19;11;1;1;01.01.2024
19;10;2;4;01.01.2024
20;11;1;2;01.01.2024
20;10;2;5;01.01.2024
21;12;1;1;01.01.2024
21;10;2;7;01.01.2024
22;10;1;6;01.01.2024
23;13;1;3;01.01.2024
23;10;2;8;01.01.2024
24;13;1;1;01.01.2024
25;13;1;2;01.01.2024
26;14;1;1;01.01.2024
26;10;2;9;01.01.2024
26;16;3;5;01.01.2024
27;10;2;10;01.01.2024
27;16;1;4;01.01.2024
28;16;1;3;01.01.2024
28;10;2;11;01.01.2024
29;16;1;1;01.01.2024
29;10;2;13;01.01.2024
30;16;1;2;01.01.2024
30;10;2;12;01.01.2024
31;17;1;1;01.01.2024
32;17;1;2;01.01.2024
33;17;1;3;01.01.2024
34;18;1;1;01.01.2024
35;19;1;1;01.01.2024
36;20;1;1;01.01.2024
37;20;1;2;01.01.2024
38;21;1;1;01.01.2024
39;21;1;2;01.01.2024
40;21;2;3;01.01.2024
39;22;2;2;01.01.2024
40;22;1;1;01.01.2024
39;16;3;8;01.01.2024
40;16;3;7;01.01.2024
41;16;2;6;01.01.2024
41;23;1;1;01.01.2024
42;24;1;1;01.01.2024
43;24;1;2;01.01.2024
44;25;1;1;01.01.2024
45;25;1;3;01.01.2024
46;25;1;2;01.01.2024
47;26;1;1;01.01.2024
48;27;2;1;01.01.2024
48;28;1;1;01.01.2024
49;27;2;2;01.01.2024
49;29;1;6;01.01.2024
50;27;2;3;01.01.2024
50;30;1;1;01.01.2024
47;27;2;4;01.01.2024
45;27;2;5;01.01.2024
46;27;2;6;01.01.2024
51;31;1;1;01.01.2024
110;31;1;2;01.01.2024
53;32;1;1;01.01.2024
54;32;1;2;01.01.2024
55;33;1;1;01.01.2024
56;29;1;1;01.01.2024
57;29;1;2;01.01.2024
58;29;1;3;01.01.2024
59;29;1;4;01.01.2024
60;29;1;5;01.01.2024
60;34;2;3;01.01.2024
61;34;1;1;01.01.2024
62;34;1;2;01.01.2024
63;35;1;1;01.01.2024
64;35;1;2;01.01.2024
66;36;1;1;01.01.2024
67;36;1;2;01.01.2024
67;37;2;3;01.01.2024
68;37;1;1;01.01.2024
69;37;1;2;01.01.2024
70;38;1;1;01.01.2024
71;38;1;2;01.01.2024
72;38;1;3;01.01.2024
10;38;3;4;01.01.2024
74;38;3;5;01.01.2024
10;40;1;2;01.01.2024
74;40;1;1;01.01.2024
75;40;1;3;01.01.2024
76;40;1;4;01.01.2024
75;41;2;2;01.01.2024
76;41;2;3;01.01.2024
77;41;1;1;01.01.2024
78;42;1;1;01.01.2024
79;44;1;1;01.01.2024
80;44;1;2;01.01.2024
81;44;1;3;01.01.2024
52;44;1;4;01.01.2024
83;47;1;1;01.01.2024
76;47;1;2;01.01.2024
85;47;1;3;01.01.2024
85;48;2;4;01.01.2024
76;48;2;3;01.01.2024
83;48;2;2;01.01.2024
86;48;1;1;01.01.2024
87;49;1;1;01.01.2024
87;50;2;1;01.01.2024
88;50;2;2;01.01.2024
89;50;1;3;01.01.2024
90;50;1;4;01.01.2024
88;51;1;1;01.01.2024
91;52;1;1;01.01.2024
93;53;1;1;01.01.2024
92;53;1;2;01.01.2024
94;54;1;1;01.01.2024
21;54;1;2;01.01.2024
21;55;2;3;01.01.2024
4;56;1;1;01.01.2024
96;57;3;5;01.01.2024
97;57;2;4;01.01.2024
80;57;2;3;01.01.2024
99;57;2;2;01.01.2024
78;57;1;1;01.01.2024
96;58;1;1;01.01.2024
96;59;2;4;01.01.2024
97;59;1;3;01.01.2024
80;59;1;2;01.01.2024
99;59;1;1;01.01.2024
102;60;1;1;01.01.2024
111;77;1;1;01.01.2024
112;88;1;1;01.01.2024
103;101;1;1;01.01.2024
104;101;1;2;01.01.2024
1;1;1;2;01.01.2025
1;2;2;2;01.01.2025
2;1;1;1;01.01.2025
3;3;1;1;01.01.2025
3;2;2;5;01.01.2025
4;2;1;1;01.01.2025
5;2;1;3;01.01.2025
6;2;1;4;01.01.2025
6;5;2;3;01.01.2025
7;5;1;2;01.01.2025
7;2;2;6;01.01.2025
8;5;1;1;01.01.2025
9;6;1;1;01.01.2025
10;6;1;2;01.01.2025
11;6;1;3;01.01.2025
11;7;2;2;01.01.2025
12;6;1;4;01.01.2025
12;7;2;1;01.01.2025
13;8;1;1;01.01.2025
14;8;1;2;01.01.2025
15;9;1;1;01.01.2025
16;10;1;3;01.01.2025
17;10;1;2;01.01.2025
18;10;1;1;01.01.2025
19;11;1;1;01.01.2025
19;10;2;4;01.01.2025
20;11;1;2;01.01.2025
20;10;2;5;01.01.2025
21;12;1;1;01.01.2025
21;10;2;7;01.01.2025
22;10;1;6;01.01.2025
23;13;1;3;01.01.2025
23;10;2;8;01.01.2025
24;13;1;1;01.01.2025
25;13;1;2;01.01.2025
26;14;1;1;01.01.2025
26;10;2;9;01.01.2025
26;16;3;5;01.01.2025
27;10;2;10;01.01.2025
27;16;1;4;01.01.2025
28;16;1;3;01.01.2025
28;10;2;11;01.01.2025
29;16;1;1;01.01.2025
29;10;2;13;01.01.2025
30;16;1;2;01.01.2025
30;10;2;12;01.01.2025
31;17;1;1;01.01.2025
32;17;1;2;01.01.2025
33;17;1;3;01.01.2025
34;18;1;1;01.01.2025
35;19;1;1;01.01.2025
36;20;1;1;01.01.2025
37;20;1;2;01.01.2025
38;21;1;1;01.01.2025
39;21;1;2;01.01.2025
40;21;2;3;01.01.2025
39;22;2;2;01.01.2025
40;22;1;1;01.01.2025
39;16;3;8;01.01.2025
40;16;3;7;01.01.2025
41;16;2;6;01.01.2025
41;23;1;1;01.01.2025
42;24;1;1;01.01.2025
43;24;1;2;01.01.2025
44;25;1;1;01.01.2025
45;25;1;3;01.01.2025
46;25;1;2;01.01.2025
47;26;1;1;01.01.2025
48;27;2;1;01.01.2025
48;28;1;1;01.01.2025
49;27;2;2;01.01.2025
49;29;1;6;01.01.2025
50;27;2;3;01.01.2025
50;30;1;1;01.01.2025
47;27;2;4;01.01.2025
45;27;2;5;01.01.2025
46;27;2;6;01.01.2025
51;31;1;1;01.01.2025
110;31;1;2;01.01.2025
53;32;1;1;01.01.2025
54;32;1;2;01.01.2025
55;33;1;1;01.01.2025
56;29;1;1;01.01.2025
57;29;1;2;01.01.2025
58;29;1;3;01.01.2025
59;29;1;4;01.01.2025
60;29;1;5;01.01.2025
60;34;2;3;01.01.2025
61;34;1;1;01.01.2025
62;34;1;2;01.01.2025
63;35;1;1;01.01.2025
64;35;1;2;01.01.2025
66;36;1;1;01.01.2025
67;36;1;2;01.01.2025
67;37;2;3;01.01.2025
68;37;1;1;01.01.2025
69;37;1;2;01.01.2025
70;38;1;1;01.01.2025
71;38;1;2;01.01.2025
72;38;1;3;01.01.2025
10;38;3;4;01.01.2025
74;38;3;5;01.01.2025
10;40;1;2;01.01.2025
74;40;1;1;01.01.2025
75;40;1;3;01.01.2025
76;40;1;4;01.01.2025
75;41;2;2;01.01.2025
76;41;2;3;01.01.2025
77;41;1;1;01.01.2025
78;42;1;1;01.01.2025
79;44;1;1;01.01.2025
80;44;1;2;01.01.2025
81;44;1;3;01.01.2025
52;44;1;4;01.01.2025
83;47;1;1;01.01.2025
76;47;1;2;01.01.2025
85;47;1;3;01.01.2025
85;48;2;4;01.01.2025
76;48;2;3;01.01.2025
83;48;2;2;01.01.2025
86;48;1;1;01.01.2025
87;49;1;1;01.01.2025
87;50;2;1;01.01.2025
88;50;2;2;01.01.2025
89;50;1;3;01.01.2025
90;50;1;4;01.01.2025
88;51;1;1;01.01.2025
91;52;1;1;01.01.2025
93;53;1;1;01.01.2025
92;53;1;2;01.01.2025
94;54;1;1;01.01.2025
21;54;1;2;01.01.2025
21;55;2;3;01.01.2025
4;56;1;1;01.01.2025
96;57;3;5;01.01.2025
97;57;2;4;01.01.2025
80;57;2;3;01.01.2025
99;57;2;2;01.01.2025
78;57;1;1;01.01.2025
96;58;1;1;01.01.2025
96;59;2;4;01.01.2025
97;59;1;3;01.01.2025
80;59;1;2;01.01.2025
99;59;1;1;01.01.2025
102;60;1;1;01.01.2025
111;77;1;1;01.01.2025
112;88;1;1;01.01.2025
103;101;1;1;01.01.2025
104;101;1;2;01.01.2025
1;1;1;2;01.01.2026
1;2;2;2;01.01.2026
2;1;1;1;01.01.2026
3;3;1;1;01.01.2026
3;2;2;5;01.01.2026
4;2;1;1;01.01.2026
5;2;1;3;01.01.2026
6;2;1;4;01.01.2026
6;5;2;3;01.01.2026
7;5;1;2;01.01.2026
7;2;2;6;01.01.2026
8;5;1;1;01.01.2026
9;6;1;1;01.01.2026
10;6;1;2;01.01.2026
11;6;1;3;01.01.2026
11;7;2;2;01.01.2026
12;6;1;4;01.01.2026
12;7;2;1;01.01.2026
13;8;1;1;01.01.2026
14;8;1;2;01.01.2026
15;9;1;1;01.01.2026
16;10;1;3;01.01.2026
17;10;1;2;01.01.2026
18;10;1;1;01.01.2026
19;11;1;1;01.01.2026
19;10;2;4;01.01.2026
20;11;1;2;01.01.2026
20;10;2;5;01.01.2026
21;12;1;1;01.01.2026
21;10;2;7;01.01.2026
22;10;1;6;01.01.2026
23;13;1;3;01.01.2026
23;10;2;8;01.01.2026
24;13;1;1;01.01.2026
25;13;1;2;01.01.2026
26;14;1;1;01.01.2026
26;10;2;9;01.01.2026
26;16;3;5;01.01.2026
27;10;2;10;01.01.2026
27;16;1;4;01.01.2026
28;16;1;3;01.01.2026
28;10;2;11;01.01.2026
29;16;1;1;01.01.2026
29;10;2;13;01.01.2026
30;16;1;2;01.01.2026
30;10;2;12;01.01.2026
31;17;1;1;01.01.2026
32;17;1;2;01.01.2026
33;17;1;3;01.01.2026
34;18;1;1;01.01.2026
35;19;1;1;01.01.2026
36;20;1;1;01.01.2026
37;20;1;2;01.01.2026
38;21;1;1;01.01.2026
39;21;1;2;01.01.2026
40;21;2;3;01.01.2026
39;22;2;2;01.01.2026
40;22;1;1;01.01.2026
39;16;3;8;01.01.2026
40;16;3;7;01.01.2026
41;16;2;6;01.01.2026
41;23;1;1;01.01.2026
42;24;1;1;01.01.2026
43;24;1;2;01.01.2026
44;25;1;1;01.01.2026
45;25;1;3;01.01.2026
46;25;1;2;01.01.2026
47;26;1;1;01.01.2026
48;27;2;1;01.01.2026
48;28;1;1;01.01.2026
49;27;2;2;01.01.2026
49;29;1;6;01.01.2026
50;27;2;3;01.01.2026
50;30;1;1;01.01.2026
47;27;2;4;01.01.2026
45;27;2;5;01.01.2026
46;27;2;6;01.01.2026
51;31;1;1;01.01.2026
110;31;1;2;01.01.2026
53;32;1;1;01.01.2026
54;32;1;2;01.01.2026
55;33;1;1;01.01.2026
56;29;1;1;01.01.2026
57;29;1;2;01.01.2026
58;29;1;3;01.01.2026
59;29;1;4;01.01.2026
60;29;1;5;01.01.2026
60;34;2;3;01.01.2026
61;34;1;1;01.01.2026
62;34;1;2;01.01.2026
63;35;1;1;01.01.2026
64;35;1;2;01.01.2026
66;36;1;1;01.01.2026
67;36;1;2;01.01.2026
67;37;2;3;01.01.2026
68;37;1;1;01.01.2026
69;37;1;2;01.01.2026
70;38;1;1;01.01.2026
71;38;1;2;01.01.2026
72;38;1;3;01.01.2026
10;38;3;4;01.01.2026
74;38;3;5;01.01.2026
10;40;1;2;01.01.2026
74;40;1;1;01.01.2026
75;40;1;3;01.01.2026
76;40;1;4;01.01.2026
75;41;2;2;01.01.2026
76;41;2;3;01.01.2026
77;41;1;1;01.01.2026
78;42;1;1;01.01.2026
79;44;1;1;01.01.2026
80;44;1;2;01.01.2026
81;44;1;3;01.01.2026
52;44;1;4;01.01.2026
83;47;1;1;01.01.2026
76;47;1;2;01.01.2026
85;47;1;3;01.01.2026
85;48;2;4;01.01.2026
76;48;2;3;01.01.2026
83;48;2;2;01.01.2026
86;48;1;1;01.01.2026
87;49;1;1;01.01.2026
87;50;2;1;01.01.2026
88;50;2;2;01.01.2026
89;50;1;3;01.01.2026
90;50;1;4;01.01.2026
88;51;1;1;01.01.2026
91;52;1;1;01.01.2026
93;53;1;1;01.01.2026
92;53;1;2;01.01.2026
94;54;1;1;01.01.2026
21;54;1;2;01.01.2026
21;55;2;3;01.01.2026
4;56;1;1;01.01.2026
96;57;3;5;01.01.2026
97;57;2;4;01.01.2026
80;57;2;3;01.01.2026
99;57;2;2;01.01.2026
78;57;1;1;01.01.2026
96;58;1;1;01.01.2026
96;59;2;4;01.01.2026
97;59;1;3;01.01.2026
80;59;1;2;01.01.2026
99;59;1;1;01.01.2026
102;60;1;1;01.01.2026
111;77;1;1;01.01.2026
112;88;1;1;01.01.2026
103;101;1;1;01.01.2026
104;101;1;2;01.01.2026
1;1;1;2;01.01.2027
1;2;2;2;01.01.2027
2;1;1;1;01.01.2027
3;3;1;1;01.01.2027
3;2;2;5;01.01.2027
4;2;1;1;01.01.2027
5;2;1;3;01.01.2027
6;2;1;4;01.01.2027
6;5;2;3;01.01.2027
7;5;1;2;01.01.2027
7;2;2;6;01.01.2027
8;5;1;1;01.01.2027
9;6;1;1;01.01.2027
10;6;1;2;01.01.2027
11;6;1;3;01.01.2027
11;7;2;2;01.01.2027
12;6;1;4;01.01.2027
12;7;2;1;01.01.2027
13;8;1;1;01.01.2027
14;8;1;2;01.01.2027
15;9;1;1;01.01.2027
16;10;1;3;01.01.2027
17;10;1;2;01.01.2027
18;10;1;1;01.01.2027
19;11;1;1;01.01.2027
19;10;2;4;01.01.2027
20;11;1;2;01.01.2027
20;10;2;5;01.01.2027
21;12;1;1;01.01.2027
21;10;2;7;01.01.2027
22;10;1;6;01.01.2027
23;13;1;3;01.01.2027
23;10;2;8;01.01.2027
24;13;1;1;01.01.2027
25;13;1;2;01.01.2027
26;14;1;1;01.01.2027
26;10;2;9;01.01.2027
26;16;3;5;01.01.2027
27;10;2;10;01.01.2027
27;16;1;4;01.01.2027
28;16;1;3;01.01.2027
28;10;2;11;01.01.2027
29;16;1;1;01.01.2027
29;10;2;13;01.01.2027
30;16;1;2;01.01.2027
30;10;2;12;01.01.2027
31;17;1;1;01.01.2027
32;17;1;2;01.01.2027
33;17;1;3;01.01.2027
34;18;1;1;01.01.2027
35;19;1;1;01.01.2027
36;20;1;1;01.01.2027
37;20;1;2;01.01.2027
38;21;1;1;01.01.2027
39;21;1;2;01.01.2027
40;21;2;3;01.01.2027
39;22;2;2;01.01.2027
40;22;1;1;01.01.2027
39;16;3;8;01.01.2027
40;16;3;7;01.01.2027
41;16;2;6;01.01.2027
41;23;1;1;01.01.2027
42;24;1;1;01.01.2027
43;24;1;2;01.01.2027
44;25;1;1;01.01.2027
45;25;1;3;01.01.2027
46;25;1;2;01.01.2027
47;26;1;1;01.01.2027
48;27;2;1;01.01.2027
48;28;1;1;01.01.2027
49;27;2;2;01.01.2027
49;29;1;6;01.01.2027
50;27;2;3;01.01.2027
50;30;1;1;01.01.2027
47;27;2;4;01.01.2027
45;27;2;5;01.01.2027
46;27;2;6;01.01.2027
51;31;1;1;01.01.2027
110;31;1;2;01.01.2027
53;32;1;1;01.01.2027
54;32;1;2;01.01.2027
55;33;1;1;01.01.2027
56;29;1;1;01.01.2027
57;29;1;2;01.01.2027
58;29;1;3;01.01.2027
59;29;1;4;01.01.2027
60;29;1;5;01.01.2027
60;34;2;3;01.01.2027
61;34;1;1;01.01.2027
62;34;1;2;01.01.2027
63;35;1;1;01.01.2027
64;35;1;2;01.01.2027
66;36;1;1;01.01.2027
67;36;1;2;01.01.2027
67;37;2;3;01.01.2027
68;37;1;1;01.01.2027
69;37;1;2;01.01.2027
70;38;1;1;01.01.2027
71;38;1;2;01.01.2027
72;38;1;3;01.01.2027
10;38;3;4;01.01.2027
74;38;3;5;01.01.2027
10;40;1;2;01.01.2027
74;40;1;1;01.01.2027
75;40;1;3;01.01.2027
76;40;1;4;01.01.2027
75;41;2;2;01.01.2027
76;41;2;3;01.01.2027
77;41;1;1;01.01.2027
78;42;1;1;01.01.2027
79;44;1;1;01.01.2027
80;44;1;2;01.01.2027
81;44;1;3;01.01.2027
52;44;1;4;01.01.2027
83;47;1;1;01.01.2027
76;47;1;2;01.01.2027
85;47;1;3;01.01.2027
85;48;2;4;01.01.2027
76;48;2;3;01.01.2027
83;48;2;2;01.01.2027
86;48;1;1;01.01.2027
87;49;1;1;01.01.2027
87;50;2;1;01.01.2027
88;50;2;2;01.01.2027
89;50;1;3;01.01.2027
90;50;1;4;01.01.2027
88;51;1;1;01.01.2027
91;52;1;1;01.01.2027
93;53;1;1;01.01.2027
92;53;1;2;01.01.2027
94;54;1;1;01.01.2027
21;54;1;2;01.01.2027
21;55;2;3;01.01.2027
4;56;1;1;01.01.2027
96;57;3;5;01.01.2027
97;57;2;4;01.01.2027
80;57;2;3;01.01.2027
99;57;2;2;01.01.2027
78;57;1;1;01.01.2027
96;58;1;1;01.01.2027
96;59;2;4;01.01.2027
97;59;1;3;01.01.2027
80;59;1;2;01.01.2027
99;59;1;1;01.01.2027
102;60;1;1;01.01.2027
111;77;1;1;01.01.2027
112;88;1;1;01.01.2027
103;101;1;1;01.01.2027
104;101;1;2;01.01.2027
1;1;1;2;01.01.2028
1;2;2;2;01.01.2028
2;1;1;1;01.01.2028
3;3;1;1;01.01.2028
3;2;2;5;01.01.2028
4;2;1;1;01.01.2028
5;2;1;3;01.01.2028
6;2;1;4;01.01.2028
6;5;2;3;01.01.2028
7;5;1;2;01.01.2028
7;2;2;6;01.01.2028
8;5;1;1;01.01.2028
9;6;1;1;01.01.2028
10;6;1;2;01.01.2028
11;6;1;3;01.01.2028
11;7;2;2;01.01.2028
12;6;1;4;01.01.2028
12;7;2;1;01.01.2028
13;8;1;1;01.01.2028
14;8;1;2;01.01.2028
15;9;1;1;01.01.2028
16;10;1;3;01.01.2028
17;10;1;2;01.01.2028
18;10;1;1;01.01.2028
19;11;1;1;01.01.2028
19;10;2;4;01.01.2028
20;11;1;2;01.01.2028
20;10;2;5;01.01.2028
21;12;1;1;01.01.2028
21;10;2;7;01.01.2028
22;10;1;6;01.01.2028
23;13;1;3;01.01.2028
23;10;2;8;01.01.2028
24;13;1;1;01.01.2028
25;13;1;2;01.01.2028
26;14;1;1;01.01.2028
26;10;2;9;01.01.2028
26;16;3;5;01.01.2028
27;10;2;10;01.01.2028
27;16;1;4;01.01.2028
28;16;1;3;01.01.2028
28;10;2;11;01.01.2028
29;16;1;1;01.01.2028
29;10;2;13;01.01.2028
30;16;1;2;01.01.2028
30;10;2;12;01.01.2028
31;17;1;1;01.01.2028
32;17;1;2;01.01.2028
33;17;1;3;01.01.2028
34;18;1;1;01.01.2028
35;19;1;1;01.01.2028
36;20;1;1;01.01.2028
37;20;1;2;01.01.2028
38;21;1;1;01.01.2028
39;21;1;2;01.01.2028
40;21;2;3;01.01.2028
39;22;2;2;01.01.2028
40;22;1;1;01.01.2028
39;16;3;8;01.01.2028
40;16;3;7;01.01.2028
41;16;2;6;01.01.2028
41;23;1;1;01.01.2028
42;24;1;1;01.01.2028
43;24;1;2;01.01.2028
44;25;1;1;01.01.2028
45;25;1;3;01.01.2028
46;25;1;2;01.01.2028
47;26;1;1;01.01.2028
48;27;2;1;01.01.2028
48;28;1;1;01.01.2028
49;27;2;2;01.01.2028
49;29;1;6;01.01.2028
50;27;2;3;01.01.2028
50;30;1;1;01.01.2028
47;27;2;4;01.01.2028
45;27;2;5;01.01.2028
46;27;2;6;01.01.2028
51;31;1;1;01.01.2028
110;31;1;2;01.01.2028
53;32;1;1;01.01.2028
54;32;1;2;01.01.2028
55;33;1;1;01.01.2028
56;29;1;1;01.01.2028
57;29;1;2;01.01.2028
58;29;1;3;01.01.2028
59;29;1;4;01.01.2028
60;29;1;5;01.01.2028
60;34;2;3;01.01.2028
61;34;1;1;01.01.2028
62;34;1;2;01.01.2028
63;35;1;1;01.01.2028
64;35;1;2;01.01.2028
66;36;1;1;01.01.2028
67;36;1;2;01.01.2028
67;37;2;3;01.01.2028
68;37;1;1;01.01.2028
69;37;1;2;01.01.2028
70;38;1;1;01.01.2028
71;38;1;2;01.01.2028
72;38;1;3;01.01.2028
10;38;3;4;01.01.2028
74;38;3;5;01.01.2028
10;40;1;2;01.01.2028
74;40;1;1;01.01.2028
75;40;1;3;01.01.2028
76;40;1;4;01.01.2028
75;41;2;2;01.01.2028
76;41;2;3;01.01.2028
77;41;1;1;01.01.2028
78;42;1;1;01.01.2028
79;44;1;1;01.01.2028
80;44;1;2;01.01.2028
81;44;1;3;01.01.2028
52;44;1;4;01.01.2028
83;47;1;1;01.01.2028
76;47;1;2;01.01.2028
85;47;1;3;01.01.2028
85;48;2;4;01.01.2028
76;48;2;3;01.01.2028
83;48;2;2;01.01.2028
86;48;1;1;01.01.2028
87;49;1;1;01.01.2028
87;50;2;1;01.01.2028
88;50;2;2;01.01.2028
89;50;1;3;01.01.2028
90;50;1;4;01.01.2028
88;51;1;1;01.01.2028
91;52;1;1;01.01.2028
93;53;1;1;01.01.2028
92;53;1;2;01.01.2028
94;54;1;1;01.01.2028
21;54;1;2;01.01.2028
21;55;2;3;01.01.2028
4;56;1;1;01.01.2028
96;57;3;5;01.01.2028
97;57;2;4;01.01.2028
80;57;2;3;01.01.2028
99;57;2;2;01.01.2028
78;57;1;1;01.01.2028
96;58;1;1;01.01.2028
96;59;2;4;01.01.2028
97;59;1;3;01.01.2028
80;59;1;2;01.01.2028
99;59;1;1;01.01.2028
102;60;1;1;01.01.2028
111;77;1;1;01.01.2028
112;88;1;1;01.01.2028
103;101;1;1;01.01.2028
104;101;1;2;01.01.2028
