FieldID;Year;TotalLiquid;TotalOil;TotalGas;TotalFlood;TotalGasInj;BaseLiquid;BaseOil;BaseGas;NewOil;NewLiquid;NewGas;GTMOil;GTMLiquid;GTMGas
23;2028;92006,52;19788,14;1865,23;115854,78;0;46051,72;6144,27;579,16;8259,64;22404,25;778,55;1164,04;3393,05;109,72
24;2028;7546,65;2908,96;162,9;10008,24;0;0;0;0;2908,96;7546,65;162,9;0;0;0
2;2028;9292,39;1380,22;114,56;10541,23;0;1285,63;109,67;9,1;1208,57;7468,74;100,31;38,38;256,42;3,19
42;2028;308,28;7,18;0,6;336,12;0;0;0;0;7,18;308,28;0,6;0;0;0
20;2028;6703,1;1055,92;110,87;7785,59;0;4202,28;530,71;55,73;368,58;1318,03;38,7;86,97;508,76;9,13
28;2028;2926,64;211,28;3,59;3286,38;0;470,02;21,73;0,37;86,14;331,35;1,46;56,59;1041,3;0,96
35;2028;35628,99;2761,32;185,01;38768,51;0;7353,38;227,32;15,23;1921,12;11629,21;128,72;454,22;6541,33;30,43
36;2028;3753,52;475,47;41,37;4067,16;0;606,23;29,05;2,53;237,72;1508,88;20,68;100,97;676,99;8,78
39;2028;34342,23;1804,24;126,3;39398,04;0;15605,99;216,43;15,15;1110,66;6996,42;77,75;90,27;320,38;6,32
9;2028;127,49;23,67;1,54;184,65;0;0;0;0;23,67;127,49;1,54;0;0;0
17;2028;1578,42;202,72;13,18;2063,58;0;1113,92;109,83;7,14;60,77;297,03;3,95;23,73;119,36;1,54
7;2028;375,04;94,65;7,57;424,18;0;0;0;0;94,65;375,04;7,57;0;0;0
15;2028;39722,65;3552,28;284,18;51566,03;52056,46;24053,29;951,66;76,13;1631,07;8036,48;130,49;385,12;1381,68;30,81
16;2028;215,48;50,33;4,28;66,25;0;31,99;4,17;0,35;46,16;183,5;3,92;0;0;0
31;2028;875,01;111,73;6,7;1064,62;0;326,66;16,38;0,98;95,36;548,35;5,72;0;0;0
7;2028;40313,17;3697,25;296,03;52056,46;0;24085,28;955,82;76,49;1771,88;8595,02;141,98;385,12;1381,68;30,81
38;2028;18441,61;958,71;67,59;20175,78;0;3305,53;264,45;18,64;228,21;3379,26;16,09;374,98;8867,3;26,44
31;2028;2555,07;433,44;26,01;3235,88;0;1368,17;109,55;6,57;299,39;914,23;17,96;14,08;58,33;0,84
30;2028;6968,58;680,73;57,86;8711,43;0;1632,63;79,1;6,72;320,16;1669,38;27,21;220,55;2034,87;18,75
21;2028;8732,49;1018,66;79,46;10866,5;0;5164,03;177,91;13,88;683,39;2291,01;53,3;110,97;604,51;8,66
46;2028;791,56;55,1;4,3;976,61;0;0;0;0;55,1;791,56;4,3;0;0;0
14;2028;2581,99;168,65;10,95;3106,08;0;550,86;29,39;1,91;99,91;1420,44;6,49;24,21;385,54;1,57
10;2028;4138,47;260,2;24,2;4341,37;0;2519,67;76,98;7,16;120,27;969,96;11,18;52,72;493,99;4,9
8;2028;673,98;63,3;2,41;761,91;0;0;0;0;62,27;668,94;2,37;0;0;0
34;2028;4554,12;531,53;40,4;5858,09;0;1441,29;152,17;11,57;290,03;2302,38;22,04;85,5;797,03;6,5
32;2028;3044,19;547,3;46,52;4022,48;0;1625,38;131,08;11,14;362,18;1038,82;30,79;54,03;379,99;4,59
3;2028;1567,4;351,18;25,64;1931,62;0;0;0;0;351,18;1567,4;25,64;0;0;0
12;2028;5793,92;395,63;11,08;8762,88;0;188,52;63,21;1,77;332,41;5605,4;9,31;0;0;0
19;2028;21310,26;1233,95;41,95;22749,48;0;3681,22;174,18;5,92;1059,77;17629,04;36,03;0;0;0
29;2028;4995,3;615,01;33,21;6074,57;0;965,78;27,18;1,47;519,34;3521,95;28,04;51;392,27;2,75
5;2028;1155,81;388,36;27,96;1339,82;0;0;0;0;388,36;1155,81;27,96;0;0;0
1;2028;1360,97;88,75;3,99;1564,78;0;326,33;14,1;0,63;48,15;757,75;2,17;26,5;276,9;1,19
13;2028;7324,97;1378,41;96,49;9061,48;0;1500,31;109,75;7,68;1056,13;4476,26;73,93;170,17;1017,79;11,91
22;2028;18882,29;1240,96;122,86;19333,69;0;10588,27;309,71;30,66;423,88;1820,15;41,96;368,79;3788,63;36,51
25;2028;35596,04;8497,87;603,35;47793;0;11698,77;2813,07;199,73;3303,63;10723,46;234,56;1041,42;2913,82;73,94
26;2028;525;338,12;33,47;0;0;7,26;6,66;0,66;249,23;301,92;24,67;66,33;134,01;6,57
27;2028;7641,92;259,64;23,37;7992,65;0;3023,77;63,69;5,73;35,61;138,85;3,2;52,24;545,03;4,7
6;2028;6868,36;140,62;13,78;6149,53;0;4052,3;72,98;7,15;9,25;647,8;0,91;16,2;192,56;1,59
18;2028;94507,62;4442,86;364,32;104533,15;0;47405,23;1105,75;90,67;1356,63;4607,81;111,24;1189,31;13289,67;97,52
37;2028;1839,3;253,04;5,06;837,71;0;691,17;44,18;0,88;149,65;708,17;2,99;20,75;291,51;0,42
4;2028;4263,31;303,59;8,2;2824,38;0;2757,7;143,14;3,86;133,92;1382,78;3,62;6,62;37,02;0,18
33;2028;7510,5;753,79;44,85;8091,61;0;3711,31;141,79;8,44;417,31;1971,8;24,83;141,18;800,71;8,4
11;2028;1449,93;46,15;3,05;1528,34;0;205,36;3,78;0,25;0;0;0;17,46;267,12;1,15
43;2028;9600,67;1387,4;115,15;10877,35;0;1285,63;109,67;9,1;1215,75;7777,02;100,91;38,38;256,42;3,19
44;2028;3430,08;545,17;32,71;4300,5;0;1694,83;125,92;7,56;394,74;1462,58;23,68;14,08;58,33;0,84
45;2028;9524,06;1073,76;83,75;11843,1;0;5164,03;177,91;13,88;738,49;3082,58;57,6;110,97;604,51;8,66
23;2027;91096,59;20596,49;1941,42;114702,57;0;48871,28;6852,48;645,91;8557,47;20656,74;806,63;1127,93;3105,84;106,32
24;2027;7526,03;3166,47;177,32;10041,03;0;0;0;0;3166,47;7526,03;177,32;0;0;0
2;2027;9163,21;1463,24;121,45;10414,48;0;1432,86;131,74;10,93;1271,3;7247,97;105,52;36,69;224,53;3,05
42;2027;307,44;8,29;0,69;335,42;0;0;0;0;8,29;307,44;0,69;0;0;0
20;2027;6663,1;1122,72;117,89;7880,81;0;4408,83;615,06;64,58;364,12;1203,96;38,23;79,22;442,67;8,32
28;2027;2876,74;229,75;3,91;3234,3;0;586,08;34,84;0,59;95,19;330,44;1,62;56,21;991,57;0,96
35;2027;35324,28;2807,14;188,08;39226,53;0;8347,78;271,67;18,2;1927,31;10396,75;129,13;441,14;6159,65;29,56
36;2027;3234,27;472,37;41,1;3519,05;0;694,8;35;3,04;230,71;973,2;20,07;96,04;598,75;8,36
39;2027;34681,69;1823,13;127,62;39787,76;0;17135,19;258,03;18,06;1121,42;6732,47;78,5;77,01;256,7;5,39
9;2027;127,14;28,69;1,87;185,31;0;0;0;0;28,69;127,14;1,87;0;0;0
17;2027;1577,04;223,53;14,53;2146,22;0;1164,38;137,73;8,95;55,04;259,59;3,58;21,51;103,13;1,4
7;2027;305,89;68,08;5,45;312,86;0;0;0;0;68,08;305,89;5,45;0;0;0
15;2027;39315,57;3660,24;292,82;53036,01;53373,07;24835,44;1111,8;88,94;1613,52;7543,37;129,08;375,24;1282,38;30,02
16;2027;120,27;15,72;1,34;24,2;0;32,31;4,42;0,38;11,3;87,96;0,96;0;0;0
31;2027;927,9;151,94;9,12;1155,11;0;334,73;18,38;1,1;133,56;593,17;8,01;0;0;0
7;2027;39741,73;3744,04;299,6;53373,07;0;24867,75;1116,22;89,32;1692,9;7937,22;135,49;375,24;1282,38;30,02
38;2027;18545,18;1087,94;76,7;19938,88;0;3614,01;307,59;21,68;317,28;3768,08;22,37;376,08;8478,09;26,51
31;2027;2501,39;416,13;24,97;3292,67;0;1429,27;126,61;7,6;265,93;816,68;15,96;13,34;52,29;0,8
30;2027;6657,06;685,02;58,23;8663,09;0;1800,72;88,29;7,5;320,02;1452,96;27,2;217,91;1876,38;18,52
21;2027;9087,2;1114,49;86,93;11228,87;0;5621,93;208,77;16,28;762,27;2344,55;59,46;99,27;507,12;7,74
46;2027;826,75;69,18;5,4;1014,39;0;0;0;0;69,18;826,75;5,4;0;0;0
14;2027;2576,67;191,05;12,41;3104,67;0;598,53;32,48;2,11;119,5;1417,39;7,76;22,91;346,31;1,49
10;2027;4258,36;281,56;26,18;4421;0;2745,35;88,51;8,23;136,44;969,89;12,69;47,23;418,28;4,39
8;2027;746,52;84,06;3,19;887,62;0;53,65;7,39;0,28;74,54;682,82;2,83;0;0;0
34;2027;4398,96;563,45;42,82;5764,35;0;1652,53;182,29;13,85;294,85;2011,19;22,41;82,7;722,98;6,29
32;2027;2791,66;413,42;35,14;3807,37;0;1743,24;146,62;12,46;215,42;699,89;18,31;51,39;348,53;4,37
3;2027;1566,18;397,17;29;1940,22;0;0;0;0;397,17;1566,18;29;0;0;0
12;2027;5828,17;504,55;14,13;9132,5;0;199,04;76,08;2,13;428,47;5629,14;12;0;0;0
19;2027;21276,22;1376,56;46,8;22094,08;0;3835,27;234,88;7,99;1141,68;17440,95;38,82;0;0;0
29;2027;5325,6;694,94;37,53;6430,05;0;1049,48;38,18;2,06;589,61;3812,87;31,84;50,46;356,84;2,73
5;2027;1159,47;409,6;29,49;1322,83;0;0;0;0;409,6;1159,47;29,49;0;0;0
1;2027;1372,12;103,58;4,66;1572,78;0;366,3;17,4;0,78;60,77;755,68;2,73;25,41;250,14;1,14
13;2027;6518,01;1365,85;95,61;8090,65;0;1542,62;115,17;8,06;1049,42;3765,73;73,46;159,43;900,28;11,16
22;2027;18619,88;1148,24;113,68;19014,04;0;10998,36;332,6;32,93;328,46;1687,54;32,52;355,5;3492,74;35,19
25;2027;33349,01;8522,3;605,08;45595,84;0;12237,24;3123,68;221,78;3146,4;9385,6;223,39;987,56;2605,39;70,12
26;2027;513,07;337,54;33,42;0;0;7,76;7,12;0,71;243,35;295,66;24,09;71,24;133,04;7,05
27;2027;7554,61;232,37;20,91;7821,18;0;3144,03;66,42;5,98;0;0;0;53,71;521,86;4,83
6;2027;7102,26;155,3;15,22;6358,94;0;4412,73;86,29;8,46;12,42;646,03;1,22;15,64;178,82;1,53
18;2027;95723,41;4536,47;371,99;105884,25;0;50896,67;1255,39;102,94;1317,64;4266,68;108,05;1191,45;12655,8;97,7
37;2027;1916,09;279,27;5,59;872,69;0;762,26;52,57;1,05;171,38;731,43;3,43;19,19;275,43;0,38
4;2027;4408,71;357,59;9,65;2888,36;0;2913,01;174,19;4,7;158,1;1386;4,27;5,43;29,01;0,15
33;2027;7831,84;785,25;46,72;8437,67;0;4213,34;164;9,76;426,25;1876,56;25,36;140,53;744,93;8,36
11;2027;1820,71;54,47;3,6;1918,6;0;637,34;12,65;0,84;0;0;0;16,78;237,89;1,11
43;2027;9470,65;1471,54;122,14;10749,9;0;1432,86;131,74;10,93;1279,59;7555,41;106,21;36,69;224,53;3,05
44;2027;3429,28;568,08;34,08;4447,78;0;1764;144,99;8,7;399,49;1409,84;23,97;13,34;52,29;0,8
45;2027;9913,95;1183,67;92,33;12243,26;0;5621,93;208,77;16,28;831,45;3171,3;64,85;99,27;507,12;7,74
23;2026;90252,09;21082,79;1987,26;114161,33;0;52104,42;7669,41;722,92;8444,8;18567,89;796;1089,52;2820,62;102,7
24;2026;7526,03;3473,65;194,52;10110,63;0;0;0;0;3473,65;7526,03;194,52;0;0;0
2;2026;9254,44;1609,29;133,57;10543,64;0;1587,96;157,37;13,06;1396,02;7243,89;115,87;32,25;183,31;2,68
42;2026;307,44;9,74;0,81;335,7;0;0;0;0;9,74;307,44;0,81;0;0;0
20;2026;6579,01;1188,58;124,8;8294,36;0;4637,53;719,69;75,57;340;1033,5;35,7;70,43;377,67;7,4
28;2026;2991,58;273,09;4,64;3369,52;0;706,63;52,36;0,89;121,66;367,82;2,07;59,04;1061,03;1
35;2026;35972,26;3069,13;205,63;40665,59;0;10021,36;341,26;22,86;2130,93;9405,34;142,77;419,81;5654,2;28,13
36;2026;2933,35;437,39;38,05;3193,72;0;785,9;43,32;3,77;194,01;660,92;16,88;90,14;533,58;7,84
39;2026;35193,61;1898,7;132,91;40387,97;0;18690,87;305,9;21,41;1187,7;6718,59;83,14;63,89;200,31;4,47
9;2026;127,14;35,13;2,28;186,79;0;0;0;0;35,13;127,14;2,28;0;0;0
17;2026;1352,08;201,39;13,09;1910,7;0;1217,13;173,13;11,25;0;0;0;18,97;87,16;1,23
7;2026;305,89;73,91;5,91;282,53;0;0;0;0;73,91;305,89;5,91;0;0;0
15;2026;38402,67;3770,59;301,65;53772,93;54074,2;25643,03;1298,89;103,91;1579,47;6530,2;126,36;360,17;1168,96;28,81
16;2026;123,63;18,91;1,61;18,73;0;32,63;4,68;0,4;14,23;91;1,21;0;0;0
31;2026;1034,9;202,84;12,17;1316,86;0;343;20,63;1,24;182,21;691,91;10,93;0;0;0
7;2026;38832,2;3863,41;309,17;54074,2;0;25675,66;1303,57;104,31;1667,61;6927,09;133,48;360,17;1168,96;28,81
38;2026;18087,16;1216,93;85,79;19109,6;0;3931,12;355,94;25,09;400,54;3687,81;28,24;379,01;8024,42;26,72
31;2026;2377,42;390,65;23,44;3248,65;0;1492,99;146,32;8,78;222,91;664,39;13,37;12,51;46,37;0,75
30;2026;6508,03;708,98;60,26;8804,52;0;1986,13;99,6;8,47;337,03;1389,06;28,65;216,27;1721,23;18,38
21;2026;9334,34;1156,61;90,22;11443,1;0;6092,5;243,86;19,02;784,69;2271,85;61,21;86,19;414,57;6,72
46;2026;954,54;92,06;7,18;1164,37;0;0;0;0;92,06;954,54;7,18;0;0;0
14;2026;2578,29;224,16;14,56;3113,88;0;650,33;36,61;2,38;149,5;1420,65;9,71;21,98;312,41;1,43
10;2026;4395,95;308,16;28,66;4524,41;0;2974,08;101,24;9,41;156,6;975,17;14,56;41,95;351,53;3,9
8;2026;938,87;133,1;5,06;1115,43;0;240,06;38,27;1,45;91,5;683,73;3,48;0;0;0
34;2026;4228,05;572,83;43,53;5578,05;0;1904,36;220,08;16,73;269,93;1664,13;20,51;79,1;647,29;6,01
32;2026;2900,83;437,3;37,17;3958,29;0;1863,05;164,4;13,97;226,49;742,83;19,25;46,41;294,95;3,94
3;2026;1540,05;444,72;32,47;1919,69;0;0;0;0;444,72;1540,05;32,47;0;0;0
12;2026;5662,79;576,52;16,14;9179,7;0;209,69;89,92;2,52;486,6;5453,1;13,63;0;0;0
19;2026;21806,57;1571,7;53,44;22010,96;0;3991;316,36;10,76;1255,33;17815,57;42,68;0;0;0
29;2026;5485,06;771,52;41,66;6578,06;0;1137,38;53,51;2,89;656,01;3943,65;35,42;46,84;310,11;2,53
5;2026;1078,79;389,89;28,07;1209,45;0;0;0;0;389,89;1078,79;28,07;0;0;0
1;2026;1390,52;124,38;5,6;1589,73;0;408,09;21,32;0,96;78,87;758,38;3,55;24,19;224,05;1,09
13;2026;6357,6;1427,32;99,91;7910,26;0;1591,19;121,95;8,54;1117;3695,24;78,19;147,63;785,25;10,33
22;2026;18037,12;1094,95;108,4;18285,82;0;11424,34;357,18;35,36;277,6;1263,81;27,48;337,87;3181,81;33,45
25;2026;31295,2;8532,39;605,8;43562,69;0;12800,49;3497,4;248,32;2923,83;8197,54;207,59;927,59;2302,42;65,86
26;2026;492,56;329,94;32,66;0;0;8,3;7,62;0,75;232,1;283,13;22,98;74,4;129,37;7,37
27;2026;7427,95;231,51;20,84;7615,91;0;3269,07;69,27;6,23;0;0;0;51,37;473,94;4,62
6;2026;7324,98;176,4;17,29;6558,35;0;4773,62;101,36;9,93;20,75;646,33;2,03;15,04;166,39;1,47
18;2026;96811,68;4605,07;377,62;107090,98;0;55351,21;1444,04;118,41;1261,68;3849,09;103,46;1160,63;11711,61;95,17
37;2026;2052,52;314;6,28;934,82;0;839,73;62,49;1,25;202,87;795,27;4,06;19,67;280,69;0,39
4;2026;4552,07;422,01;11,39;2951,28;0;3070,09;211,5;5,71;187,64;1389,78;5,07;4,19;21,23;0,11
33;2026;8234,21;828,63;49,3;8871,71;0;4814,56;191,27;11,38;443,97;1770,84;26,42;139,14;694,19;8,28
11;2026;2199,25;64,05;4,23;2317,2;0;1115,34;23,54;1,55;0;0;0;15,96;208,52;1,05
43;2026;9561,88;1619,03;134,38;10879,33;0;1587,96;157,37;13,06;1405,76;7551,33;116,68;32,25;183,31;2,68
44;2026;3412,32;593,49;35,61;4565,51;0;1835,99;166,94;10,02;405,12;1356,29;24,31;12,51;46,37;0,75
45;2026;10288,88;1248,67;97,4;12607,47;0;6092,5;243,86;19,02;876,75;3226,39;68,39;86,19;414,57;6,72
23;2025;89235,44;21685;2044,02;114356,57;0;55189,68;8597,63;810,41;8404,06;16619,04;792,17;1043,28;2525,15;98,34
24;2025;7608,98;3837,29;214,89;10707,61;0;0;0;0;3837,29;7608,98;214,89;0;0;0
2;2025;9195,93;1835,32;152,33;10710,63;0;1751,29;187,06;15,53;1598,53;7086,22;132,68;26,93;142,08;2,24
42;2025;370,4;13,11;1,09;367,92;0;0;0;0;13,11;370,4;1,09;0;0;0
20;2025;6598,58;1274,87;133,86;8766,97;0;4879,15;848,28;89,07;313,24;938,67;32,89;60,01;311,73;6,3
28;2025;2954,5;251,85;4,28;3265,19;0;831,82;74,17;1,26;79,31;248,64;1,35;62,17;1130,48;1,06
35;2025;36914,41;3463,32;232,04;41802,1;0;12452,78;440,91;29,54;2457,33;8975,65;164,64;388,9;5059,32;26,06
36;2025;2712,21;379,5;33,02;2947,17;0;879,6;52,52;4,57;134,11;426,66;11,67;86,19;501,31;7,5
39;2025;34223,9;1799,95;126;39262,8;0;20273,39;360,98;25,27;1085,28;5507,81;75,97;50,81;150,46;3,56
9;2025;127,14;43,1;2,8;188,62;0;0;0;0;43,1;127,14;2,8;0;0;0
17;2025;1382,84;242;15,73;2033,46;0;1272,27;218,16;14,18;0;0;0;16,01;71,16;1,04
7;2025;305,89;80,34;6,43;252,07;0;0;0;0;80,34;305,89;6,43;0;0;0
15;2025;37893,68;3932,83;314,63;55011,18;55276,34;26476,88;1517,47;121,4;1575,41;5934,81;126,03;341,33;1045,1;27,31
16;2025;128,9;23,37;1,99;13,09;0;32,96;4,96;0,42;18,41;95,94;1,56;0;0;0
31;2025;1157,25;227,57;13,65;1496,27;0;351,47;23,15;1,39;204,42;805,78;12,27;0;0;0
7;2025;38328,47;4036,53;323,04;55276,34;0;26509,84;1522,43;121,82;1674,15;6336,64;134,02;341,33;1045,1;27,31
38;2025;17740,49;1414,35;99,71;18422,33;0;4345,74;418,6;29,51;540,54;3631,33;38,11;379,83;7569,66;26,78
31;2025;2320,7;387,88;23,27;3290,27;0;1559,45;169,07;10,14;199,81;577,51;11,99;11,55;40,45;0,69
30;2025;6307,66;738,36;62,76;8862,54;0;2190,63;111,27;9,46;365,08;1302,19;31,03;209,28;1531,28;17,79
21;2025;9635,29;1219,69;95,14;11720,9;0;6576,01;283,71;22,13;824,4;2233,27;64,3;72,15;328,6;5,63
46;2025;936,22;79,46;6,2;1130,28;0;0;0;0;79,46;936,22;6,2;0;0;0
14;2025;2583,61;274,52;17,83;2976,02;0;706,61;41,1;2,67;198,14;1430,23;12,87;20,62;275,86;1,34
10;2025;4597,43;341,8;31,79;4701,54;0;3251,08;115,3;10,72;181,58;983,29;16,89;37,84;297,55;3,52
8;2025;1097,58;197,42;7,5;1388,07;0;438,53;80,9;3,07;111,91;638,94;4,25;0;0;0
34;2025;3698,74;601,14;45,69;4937,52;0;2204,66;267,83;20,36;253,73;908,63;19,28;76,11;574,37;5,78
32;2025;2789,32;390,95;33,23;3939,03;0;2020,36;188,17;15,99;162,45;529,22;13,81;40,33;239,74;3,43
3;2025;1455,92;470,92;34,38;1749,77;0;0;0;0;470,92;1455,92;34,38;0;0;0
12;2025;5220,01;608,49;17,04;8744,86;0;220,49;105,76;2,96;502,74;4999,53;14,08;0;0;0
19;2025;22995,94;1855,77;63,1;22546,09;0;4148,4;416,57;14,16;1439,2;18847,54;48,93;0;0;0
29;2025;6420,61;836,62;45,18;7620,51;0;1229,66;74,8;4,04;705,74;4846,39;38,11;42,58;263,17;2,3
5;2025;1047,89;397,17;28,6;1155,5;0;0;0;0;397,17;1047,89;28,6;0;0;0
1;2025;1360,08;141,73;6,38;1551,01;0;445,09;25,57;1,15;93,37;717,08;4,2;22,78;197,91;1,02
13;2025;5819,78;1444,35;101,11;7268,23;0;1646,54;129,52;9,07;1141,37;3240,44;79,9;134,89;673,6;9,44
22;2025;17623,69;1063,68;105,3;17693,69;0;11866,82;391,7;38,78;246,09;1025,45;24,36;314,49;2845,47;31,13
25;2025;29240,62;8570,21;608,48;41452,81;0;13389,67;3937,36;279,55;2679,95;6989,59;190,28;858,9;1999;60,98
26;2025;453,53;308,17;30,51;0;0;8,98;8,19;0,81;210,01;257,76;20,79;74,83;121,96;7,41
27;2025;7199,38;227,1;20,44;7309,65;0;3399,08;72,25;6,5;0;0;0;49,18;429,97;4,43
6;2025;7355,45;221,86;21,74;6585,64;0;5015,56;115,64;11,33;54,63;577,99;5,35;14,36;155,18;1,41
18;2025;97852,22;4658,43;381,99;108242,68;0;60236,21;1664,88;136,52;1192,04;3361,42;97,75;1105,41;10498,31;90,64
37;2025;2200,06;359,08;7,18;1002,02;0;924,11;74,2;1,48;239,22;843,56;4,79;20,21;285,9;0,4
4;2025;4579,74;445,94;12,04;2609,28;0;3228,96;256,26;6,92;170,29;1279,29;4,6;2,13;10,24;0,06
33;2025;8714,99;889,05;52,9;9391,87;0;5364,48;217,99;12,97;484,86;1816,45;28,85;133,39;624,14;7,94
11;2025;2388,5;70,06;4,62;2516,68;0;1412,77;31,53;2,08;0;0;0;14,91;178,35;0,98
43;2025;9566,33;1848,43;153,42;11078,55;0;1751,29;187,06;15,53;1611,63;7456,62;133,77;26,93;142,08;2,24
44;2025;3477,95;615,45;36,93;4786,54;0;1910,92;192,22;11,53;404,23;1383,29;24,25;11,55;40,45;0,69
45;2025;10571,51;1299,16;101,33;12851,18;0;6576,01;283,71;22,13;903,86;3169,49;70,5;72,15;328,6;5,63
23;2024;87126,53;21565,33;2032,74;113006,93;0;58503,87;9648,5;909,47;7653,4;13655,32;721,41;947,31;2136,19;89,29
24;2024;7811,43;4492,75;251,59;11550,71;0;0;0;0;4492,75;7811,43;251,59;0;0;0
2;2024;8487,1;1919,32;159,3;10016,6;0;1923,2;221,4;18,38;1659,25;6294;137,72;19,96;98,87;1,66
42;2024;426,13;18,19;1,51;389,03;0;0;0;0;18,19;426,13;1,51;0;0;0
20;2024;6843,19;1483,8;155,8;9113,11;0;5155,38;1008,5;105,89;377,16;1031,09;39,6;49,84;251,89;5,23
28;2024;2965,36;238,29;4,05;2976,95;0;961,77;97,76;1,66;42,03;157,51;0,71;66,38;1213,09;1,13
35;2024;36428,24;3496,84;234,29;41930,32;0;15118,8;553,07;37,06;2412,83;7558;161,66;365,69;4594,35;24,5
36;2024;2526,24;323,94;28,18;2738,25;0;955,19;61,17;5,32;74,55;209,65;6,49;80,07;452,77;6,97
39;2024;33227,08;1613,62;112,95;38083,66;0;21984,49;424,32;29,7;888,16;4092,1;62,17;38,01;106,89;2,66
9;2024;127,49;52,57;3,42;191,28;0;0;0;0;52,57;127,49;3,42;0;0;0
17;2024;1414,4;293,92;19,11;2164,26;0;1329,91;275,58;17,91;0;0;0;12,36;54,45;0,8
7;2024;306,73;87,58;7,01;222,06;0;0;0;0;87,58;306,73;7,01;0;0;0
15;2024;36295,5;3878,8;310,3;53447,73;53679,06;27337,84;1824,97;146;1273,5;4227,27;101,88;316,49;907,85;25,32
16;2024;129,49;28,78;2,45;9,27;0;33,29;5,26;0,45;23,53;96,2;2;0;0;0
31;2024;724,74;160,1;9,61;963,35;0;360,15;25,98;1,56;134,12;364,59;8,05;0;0;0
7;2024;36731,72;3995,16;319,76;53679,06;0;27371,13;1830,22;146,44;1384,61;4630,2;110,89;316,49;907,85;25,32
38;2024;16432,17;1431,86;100,94;16752,93;0;4772,08;489,01;34,47;504,12;2658,86;35,54;368,97;7053,34;26,01
31;2024;2428,76;404,23;24,25;3566;0;1660,6;198,89;11,93;189,34;625,77;11,36;10,42;34,49;0,63
30;2024;5881,74;626,68;53,27;8542,94;0;2416,18;125,08;10,63;248,82;931,89;21,15;203,86;1388,69;17,33
21;2024;9602,06;1119,21;87,3;11562,94;0;7072,73;328,91;25,66;692,76;1827,45;54,04;60,08;259,37;4,69
46;2024;939,36;106,64;8,32;1130,57;0;0;0;0;106,64;939,36;8,32;0;0;0
14;2024;2364,29;317,39;20,61;2380,2;0;767,76;45,96;2,98;239,06;1207,92;15,52;19,2;240,68;1,25
10;2024;4797,05;389,48;36,22;4918,12;0;3475,27;130,83;12,17;220,13;1042,39;20,47;33,17;245,12;3,08
8;2024;1146,42;251,58;9,56;1525,11;0;649,66;138,7;5,27;107,88;476,6;4,1;0;0;0
34;2024;3815,42;652,04;49,55;5219,11;0;2498,84;329,85;25,07;247,1;809,47;18,78;71,91;497,22;5,47
32;2024;2936,9;427,08;36,3;4210,97;0;2180,29;215,63;18,33;178,47;574,38;15,17;32,99;182,22;2,8
3;2024;1272,97;447,55;32,67;1336,86;0;0;0;0;447,55;1272,97;32,67;0;0;0
12;2024;4284,91;562,6;15,75;7411,45;0;231,42;120,8;3,38;441,8;4053,49;12,37;0;0;0
19;2024;21211,48;2035,22;69,2;20203,56;0;4307,49;555;18,87;1480,23;16903,99;50,33;0;0;0
29;2024;7734,91;1052,41;56,83;9110,39;0;1326,5;104,34;5,63;898,78;6123,55;48,53;37,7;216,63;2,04
5;2024;1075,33;440,86;31,74;1167,9;0;0;0;0;440,86;1075,33;31,74;0;0;0
1;2024;1290,92;153,83;6,92;1468,44;0;483,7;30,56;1,37;101,97;634,63;4,59;21,3;172,59;0,96
13;2024;4960,17;1270,58;88,94;6202,47;0;1713,89;141,6;9,91;970,11;2440,16;67,91;122,05;569,31;8,54
22;2024;17261,03;976,24;96,65;17172,61;0;12578,2;444,73;44,03;143,96;558,93;14,25;288;2519,96;28,51
25;2024;27187,64;8619,2;611,96;39265,82;0;14027,68;4467,84;317,22;2364,02;5700,92;167,85;786,53;1705,93;55,84
26;2024;411,84;283,95;28,11;0;0;10,16;9,08;0,9;188,27;234,32;18,64;73,3;112,37;7,26
27;2024;6857,64;217,02;19,53;6893,86;0;3542,49;75,61;6,81;0;0;0;45,23;376,62;4,07
6;2024;7106,04;191,3;18,75;6362,33;0;5257,81;131,63;12,9;11,31;236,33;1,11;13,48;141,46;1,32
18;2024;98759,85;4531,56;371,59;108233,23;0;65809,27;1935,83;158,74;904,4;2361,91;74,16;1052,86;9334,56;86,33
37;2024;2208;389,48;7,79;1005,64;0;1015,97;84,99;1,7;265,18;812,91;5,3;18,35;246,39;0,37
4;2024;4542,79;463,63;12,52;2415,24;0;3319,01;296,44;8;151,65;1172,12;4,09;0;0;0
33;2024;8799,61;754,02;44,86;9634,12;0;6034,14;251,54;14,97;321,37;1344,16;19,12;130,18;563,82;7,75
11;2024;2341,67;73,67;4,86;2468,16;0;1444,64;35,19;2,32;0;0;0;16,25;182,53;1,07
43;2024;8913,23;1937,51;160,81;10405,63;0;1923,2;221,4;18,38;1677,44;6720,12;139,23;19,96;98,87;1,66
44;2024;3153,5;564,34;33,86;4529,35;0;2020,75;224,87;13,49;323,46;990,36;19,41;10,42;34,49;0,63
45;2024;10541,42;1225,85;95,62;12693,51;0;7072,73;328,91;25,66;799,4;2766,81;62,35;60,08;259,37;4,69
23;2023;88181,12;21740,27;2049,24;115817;0;64543,32;11345,66;1069,44;6694;11423,92;630,98;827,82;1730,9;78,03
24;2023;7044,83;4401,88;246,51;11130,3;0;0;0;0;4401,88;7044,83;246,51;0;0;0
2;2023;8086,17;1911,65;158,67;9667,96;0;2092,84;257,96;21,41;1623,57;5789,93;134,76;14,54;68,81;1,21
42;2023;423,52;24,05;2;387,6;0;0;0;0;24,05;423,52;2;0;0;0
20;2023;6921,21;1644,41;172,66;9615,42;0;5474,8;1196,79;125,66;361,43;894,78;37,95;40,89;204,41;4,29
28;2023;2940,89;252,18;4,29;2810,75;0;1130,61;113,65;1,93;49,97;156,72;0,85;61,24;1134,89;1,04
35;2023;35462,65;3590,36;240,55;41038,07;0;17659,06;666,7;44,67;2472,59;6360,44;165,66;299,96;3657,26;20,1
36;2023;2183,3;243,53;21,19;2351,76;0;985,81;72,88;6,34;0,54;1,53;0,05;69,08;369,44;6,01
39;2023;31892,37;1317,14;92,2;36492,33;0;23558,38;495,91;34,71;569,55;2455,33;39,87;30,95;81,42;2,17
9;2023;126,63;62,15;4,04;192,26;0;0;0;0;62,15;126,63;4,04;0;0;0
17;2023;1485;365,68;23,77;2414,76;0;1414,87;350,07;22,76;0;0;0;10,63;45,28;0,69
7;2023;304,96;94,56;7,57;216;0;0;0;0;94,56;304,96;7,57;0;0;0
15;2023;35990,52;4239,22;339,14;53817,59;54039,43;28292,69;2235,53;178,84;1310,65;3791,14;104,85;285;752,43;22,8
16;2023;129,46;36,02;3,06;5,84;0;33,83;5,59;0,48;30,43;95,63;2,59;0;0;0
31;2023;884,63;111,83;6,71;1137,16;0;375,86;30,12;1,81;81,71;508,77;4,9;0;0;0
7;2023;36424,94;4369,8;349,76;54039,43;0;28326,52;2241,12;179,32;1435,65;4191,73;115;285;752,43;22,8
38;2023;14821,28;1480,34;104,36;14841,12;0;4843,72;575,71;40,59;497,82;2253,9;35,1;346,58;6101,58;24,43
31;2023;2385,4;386,29;23,18;3589,06;0;1778,76;238,08;14,28;134,32;490,99;8,06;9,19;28,7;0,55
30;2023;5939,84;705,2;59,94;8712,8;0;2750,39;144,94;12,32;324,58;948,15;27,59;192,93;1265,16;16,4
21;2023;9894,44;1050,47;81,94;11824,55;0;7856,37;382,94;29,87;589,13;1466,8;45,95;44,26;186,05;3,45
46;2023;939,43;150,52;11,74;957,01;0;0;0;0;150,52;939,43;11,74;0;0;0
14;2023;1525,31;183,85;11,95;1367,66;0;825,03;55,08;3,58;100,3;383,45;6,52;17,24;201,43;1,12
10;2023;4681,62;369,72;34,38;4756,1;0;3635,14;148,62;13,82;190,24;844,26;17,69;26,98;188,85;2,51
8;2023;1352,94;317,31;12,06;1853,76;0;877,98;220,45;8,38;91,45;454,86;3,47;0;0;0
34;2023;3674,45;596,22;45,31;5089,95;0;2821,61;388,24;29,51;146,04;485,78;11,1;59,03;358,19;4,49
32;2023;3161,13;516,5;43,9;4618,04;0;2374,06;265,43;22,56;225,36;647,38;19,16;25,71;139,69;2,19
3;2023;1225,99;511,97;37,38;1175,87;0;0;0;0;511,97;1225,99;37,38;0;0;0
12;2023;3586,09;546,42;15,3;6404,26;0;263,48;144,51;4,05;401,91;3322,61;11,25;0;0;0
19;2023;18606,38;2229,55;75,81;17224,27;0;4570,76;715,57;24,33;1513,98;14035,62;51,48;0;0;0
29;2023;7844,21;1300,94;70,25;9133,56;0;1443,83;147,62;7,97;1108,29;6160,19;59,85;34,23;178,57;1,85
5;2023;1061,1;464,08;33,41;1134,1;0;0;0;0;464,08;1061,1;33,41;0;0;0
1;2023;1220,17;171,02;7,69;1380,9;0;553,01;36,73;1,65;115,84;526,27;5,21;18,45;140,89;0,83
13;2023;4436,03;1150,76;80,55;5531,1;0;1805,02;159,02;11,13;856,47;1979,31;59,95;99,97;442,3;7
22;2023;17561,83;926,71;91,74;17240,22;0;13749,68;518,36;51,32;83,76;410,37;8,29;238,72;2079,3;23,63
25;2023;24838,88;8751,95;621,39;36857,82;0;14812,89;5108,4;362,7;2109,37;4193,93;149,77;677,77;1383,25;48,12
26;2023;376,07;263,52;26,09;0;0;12,68;10,96;1,08;179,75;228;17,8;61,7;90,13;6,11
27;2023;6536,22;204,1;18,37;6528,32;0;3775,56;81,26;7,31;0;0;0;42,13;342,43;3,79
6;2023;7166,07;209,43;20,52;6416,08;0;5475,71;146,61;14,37;17,03;234,4;1,67;13,87;134,99;1,36
18;2023;99203,78;4239,13;347,61;107871;0;72288,7;2286,22;187,47;467,03;1080,51;38,3;933,8;7908,58;76,57
37;2023;2217,17;419,44;8,39;1009,82;0;1140,65;98,19;1,96;285,21;739,83;5,7;17,69;217,99;0,35
4;2023;4484,35;562;15,17;2233,81;0;3386,68;347,71;9,39;200,52;1054,73;5,41;0;0;0
33;2023;9187,05;794,81;47,29;10200,06;0;6610,2;284,01;16,9;347,86;1293,15;20,7;114,94;467,82;6,84
11;2023;2204,02;71,03;4,69;2323,35;0;1485,86;39,26;2,59;0;0;0;12,33;131,96;0,81
43;2023;8509,68;1935,7;160,66;10055,56;0;2092,84;257,96;21,41;1647,62;6213,45;136,75;14,54;68,81;1,21
44;2023;3270,02;498,12;29,89;4726,22;0;2154,62;268,2;16,09;216,03;999,76;12,96;9,19;28,7;0,55
45;2023;10833,87;1200,98;93,68;12781,56;0;7856,37;382,94;29,87;739,64;2406,23;57,69;44,26;186,05;3,45
23;2022;86185,34;22544,95;2119,13;113176,71;0;67227,23;13642,15;1282,31;5826,49;9565,12;547,67;724,58;1376,6;68,11
24;2022;5443,45;3811,75;213,46;9130,57;0;0;0;0;3811,75;5443,45;213,46;0;0;0
2;2022;6274,22;1664,33;138,14;7631,35;0;2235,87;295,55;24,53;1342,41;3871,57;111,42;12,86;56,15;1,07
42;2022;423,52;32,73;2,72;404,86;0;0;0;0;32,73;423,52;2,72;0;0;0
20;2022;7173,2;1844,91;193,72;10190,53;0;5823,37;1377,17;144,6;392,15;898,39;41,18;33,98;160,55;3,57
28;2022;2863,82;258,65;4,4;2810,61;0;1464,88;128,34;2,18;58,62;156,72;1;49,9;842,31;0,85
35;2022;34927,48;2612,37;175,03;42270,26;0;22246,84;857,73;57,47;1379,09;3486,59;92,4;242,07;2850,74;16,22
36;2022;2013,65;230,34;20,04;2216,43;0;1040,44;83,64;7,28;0;0;0;61,01;295,31;5,31
39;2022;32216,85;1202,37;84,17;35717,48;0;26022,78;612,49;42,87;388,11;1587,39;27,17;25,62;63,7;1,79
9;2022;135,92;75,99;4,94;206,68;0;0;0;0;75,99;135,92;4,94;0;0;0
17;2022;1792,25;470,88;30,61;2645,31;0;1729,03;455,96;29,64;0;0;0;9,23;36,59;0,6
7;2022;305,52;102,66;8,21;225,18;0;0;0;0;102,66;305,52;8,21;0;0;0
15;2022;35460,32;4779,25;382,34;53438,92;53669,94;28986,91;2825,13;226,01;1403,81;3501,24;112,3;208,92;508,04;16,71
16;2022;130,36;45,95;3,91;5,84;0;34,68;5,9;0,5;40,05;95,67;3,4;0;0;0
31;2022;1113,46;173,24;10,39;1504,17;0;396,51;34,2;2,05;139,04;716,95;8,34;0;0;0
7;2022;35896,19;4927,86;394,46;53669,94;0;29021,59;2831,03;226,51;1546,51;3902,43;123,92;208,92;508,04;16,71
38;2022;14596,5;1386,14;97,72;14341,53;0;7513,33;688,83;48,56;401,53;1763,42;28,31;245,61;3980,89;17,32
31;2022;2392;417,12;25,03;3388,94;0;1862,71;280,07;16,8;126,52;460,17;7,59;7,89;23,16;0,47
30;2022;5883,82;716,38;60,89;8829,82;0;3313,92;174,61;14,84;365,74;905,65;31,09;139,69;865,53;11,87
21;2022;9983,79;952,74;74,31;11462,88;0;8399,19;442,4;34,51;441,8;1118,6;34,46;39,98;155,05;3,12
46;2022;937,17;233,95;18,25;1008,36;0;0;0;0;233,95;937,17;18,25;0;0;0
14;2022;1127,57;100,19;6,51;1367,66;0;874,6;75,91;4,93;0;0;0;15,11;163,19;0,98
10;2022;4717,75;429,92;39,98;4696,52;0;3693,13;172,08;16;230,17;858,1;21,41;23,01;151,44;2,14
8;2022;1422,05;408,58;15,53;1940,12;0;907,56;259,07;9,84;143,45;493,92;5,45;0;0;0
34;2022;3958,26;662,05;50,32;5646,19;0;3308,46;479,99;36,48;130,28;367,82;9,9;49,3;274,51;3,75
32;2022;3335,02;605,34;51,45;4618,42;0;2523,36;307,65;26,15;275,3;699,08;23,4;22,39;112,58;1,9
3;2022;461,93;231,84;16,93;322,18;0;0;0;0;231,84;461,93;16,93;0;0;0
12;2022;3798,14;824,97;23,1;7135,37;0;295,91;167,25;4,68;657,72;3502,22;18,42;0;0;0
19;2022;15981,68;2669,99;90,78;16470,47;0;4679,3;882,6;30,01;1787,39;11302,38;60,77;0;0;0
29;2022;7872,17;1614,33;87,17;9333,58;0;1549,34;215,34;11,63;1367;6160,19;73,82;23,22;113,89;1,25
5;2022;848,55;368,39;26,52;778,75;0;0;0;0;368,39;848,55;26,52;0;0;0
1;2022;1234,54;192,97;8,68;1451,6;0;682,87;43,72;1,97;133,77;440,35;6,02;15,47;111,33;0,7
13;2022;4742,87;1361,76;95,32;5489,37;0;1954,58;186,59;13,06;1058,16;2255,28;74,07;84,73;351,43;5,93
22;2022;17658,04;984;97,42;17228,82;0;14603,02;627,57;62,13;91,86;410,48;9,09;194,74;1618,13;19,28
25;2022;23299,92;8808,66;625,42;34204,57;0;15644,36;5752,64;408,44;1798,91;3381,42;127,72;528,62;989,94;37,53
26;2022;306,82;216,78;21,46;0;0;19,12;13,43;1,33;142,81;180,86;14,14;52,04;71,9;5,15
27;2022;6425,14;194,4;17,5;6406,7;0;4346,54;96,32;8,67;0;0;0;33,39;259,21;3
6;2022;7163,98;234,27;22,96;6395,59;0;5681,3;162,04;15,88;31,58;235,82;3,1;13,03;118,94;1,28
18;2022;99935,41;4199,2;344,34;108484,74;0;78993,87;2694,06;220,91;248,55;513,42;20,38;811,1;6382,78;66,51
37;2022;1939,57;293,17;5,86;898,62;0;1280,93;110,89;2,22;150,33;379,86;3,01;14,81;168,8;0,3
4;2022;4673,98;672,93;18,17;2227,86;0;3542,73;414,11;11,18;246,7;1096,42;6,66;0;0;0
33;2022;9381,95;881,89;52,47;10294,15;0;6995,64;317,92;18,92;436,5;1340,88;25,97;84,69;328,53;5,04
11;2022;2192,27;71,53;4,72;2307,14;0;1591,28;43,37;2,86;0;0;0;10,66;105,35;0,7
43;2022;6697,73;1697,06;140,86;8036,21;0;2235,87;295,55;24,53;1375,14;4295,08;114,14;12,86;56,15;1,07
44;2022;3505,46;590,37;35,42;4893,11;0;2259,22;314,28;18,86;265,56;1177,12;15,93;7,89;23,16;0,47
45;2022;10920,96;1186,69;92,56;12471,25;0;8399,19;442,4;34,51;675,75;2055,78;52,71;39,98;155,05;3,12
23;2021;83979,6;22654,27;2127,52;111588,98;0;70402,65;15967,88;1499,58;4316,57;6926,02;405,38;549,99;941,56;51,65
24;2021;3976,44;3148;176,29;6401,42;0;0;0;0;3148;3976,44;176,29;0;0;0
2;2021;4510,77;978,38;81,21;5401,9;0;2378,04;343,13;28,48;617,53;2020,64;51,26;7,72;32,49;0,64
42;2021;424,6;44,43;3,69;434,95;0;0;0;0;44,43;424,6;3,69;0;0;0
20;2021;7390,31;2005,7;210,6;10815,45;0;6294,95;1605,61;168,59;335,97;745,17;35,28;26,07;115,58;2,74
28;2021;2859,71;264,01;4,49;2812,22;0;1872,72;147,11;2,5;69;164,28;1,17;31,63;534,8;0,54
35;2021;35391,06;2621,6;175,65;39274,61;0;25285,58;994,23;66,61;1313,46;3051,77;88;202,35;2226,73;13,56
36;2021;1850,88;215,01;18,71;2159,15;0;1120,64;104,2;9,06;0;0;0;38,87;176,16;3,38
39;2021;31961,91;1020,76;71,45;35426,75;0;27986,09;729,18;51,04;140,97;631,65;9,87;20,21;47,42;1,41
9;2021;92,97;54,57;3,55;48,05;0;0;0;0;54,57;92,97;3,55;0;0;0
17;2021;2197,99;624,29;40,58;2807,7;0;2144,61;610,96;39,71;0;0;0;7,16;26,3;0,47
7;2021;307,05;111,29;8,9;235,51;0;0;0;0;111,29;307,05;8,9;0;0;0
15;2021;34871,61;5198,95;415,92;52208,56;52449,91;30388,01;3697,01;295,76;1113,68;2433,6;89,09;116,63;264,21;9,33
16;2021;148,21;69,83;5,94;5,84;0;35,56;6,24;0,53;63,59;112,65;5,41;0;0;0
31;2021;1153,43;213,84;12,83;1439,04;0;418,29;39,22;2,35;174,62;735,13;10,48;0;0;0
7;2021;35326,87;5380,07;430,76;52449,91;0;30423,56;3703,25;296,29;1288,55;2853,3;103,4;116,63;264,21;9,33
38;2021;14506,95;1446,45;101,98;14608,25;0;9350,35;829,23;58,46;379,69;1388,22;26,77;198,68;2713,53;14,01
31;2021;2506,29;497,7;29,86;3493,44;0;1970,88;333,44;20,01;157,68;517,43;9,46;6,58;17,98;0,39
30;2021;5888,03;739,38;62,85;8560,93;0;3861,19;210,34;17,88;381,13;744,51;32,4;118,58;665,3;10,08
21;2021;10149,87;920,22;71,78;11034,37;0;8940,16;519,82;40,55;352,27;885,83;27,48;26,48;95,52;2,07
46;2021;761,35;324,64;25,32;872,57;0;0;0;0;324,64;761,35;25,32;0;0;0
14;2021;1117,08;128,9;8,38;1367,66;0;933,73;109,68;7,13;0;0;0;11,87;118,14;0,77
10;2021;4550,66;426,49;39,67;4917,76;0;3733,59;199,28;18,53;205,11;692,45;19,08;18,31;112,67;1,7
8;2021;1377,53;458,11;17,41;1892,14;0;967,82;314,27;11,94;139,05;394,13;5,28;0;0;0
34;2021;4328,74;771,79;58,66;6159,55;0;3844,59;603,94;45,9;125,87;276,97;9,57;39,99;201,22;3,04
32;2021;3142,98;551,46;46,87;4551,48;0;2573,85;351,64;29,89;181,21;485,41;15,4;18,6;83,71;1,58
3;2021;0;0;0;0;0;0;0;0;0;0;0;0;0;0
12;2021;3527,49;1115,08;31,22;4832,36;0;333,53;196,07;5,49;919,01;3193,96;25,73;0;0;0
19;2021;14473,26;3311,98;112,61;16007,81;0;4790,77;1132,3;38,5;2179,68;9682,49;74,11;0;0;0
29;2021;7890,2;2073,92;111,99;9144,28;0;1600,85;345,71;18,67;1704,18;6178,47;92,03;17,62;76,28;0,95
5;2021;492,87;234,31;16,87;714,27;0;0;0;0;234,31;492,87;16,87;0;0;0
1;2021;1120,75;119,3;5,37;1345,33;0;880,21;51,76;2,33;52,6;145,65;2,37;14,94;94,89;0,67
13;2021;4027,26;987,52;69,13;5065,74;0;2144,12;222,49;15,57;663,73;1449,49;46,46;73,49;281,7;5,14
22;2021;17747,41;1124,7;111,35;17245,46;0;15477,35;815,62;80,75;109,53;429,38;10,84;145,55;1121,89;14,41
25;2021;21820,8;8474,45;605,69;32647,45;0;17005,7;6515,17;465,65;962,75;1854,99;68,81;413,56;718,26;29,56
26;2021;248,58;174,98;17,33;0;0;30,03;17,4;1,72;114,86;146,37;11,37;37,26;47,85;3,69
27;2021;6372,68;189,99;17,1;6386,23;0;4932,74;118,48;10,66;0;0;0;22,62;170,73;2,04
6;2021;7194,42;249,02;24,41;6505,93;0;6007,23;180,6;17,7;35,75;144,07;3,5;8,85;77,92;0,87
18;2021;99482,59;4087,58;335,18;109144,03;0;84438,31;3000,32;246,03;100,93;188,22;8,28;655,88;4706,64;53,78
37;2021;1902,85;267,61;5,35;746,17;0;1413,48;127,15;2,54;112,3;262,87;2,25;11,94;123,87;0,24
4;2021;3881,26;549,48;14,84;1758,43;0;3725,03;496,25;13,4;46,01;137,37;1,24;0;0;0
33;2021;9448,12;954,55;56,8;10051,13;0;7420,89;367,18;21,85;477,66;1165,81;28,42;73,64;265,05;4,38
11;2021;2192,78;71,44;4,72;2311,13;0;1714,67;48,37;3,19;0;0;0;7,25;67,23;0,48
43;2021;4935,37;1022,8;84,89;5836,85;0;2378,04;343,13;28,48;661,95;2445,24;54,94;7,72;32,49;0,64
44;2021;3659,72;711,54;42,69;4932,48;0;2389,17;372,66;22,36;332,3;1252,56;19,94;6,58;17,98;0,39
45;2021;10911,22;1244,86;97,1;11906,94;0;8940,16;519,82;40,55;676,92;1647,18;52,8;26,48;95,52;2,07
23;2020;82509,76;23680,22;2225,41;110973,31;0;73438,8;18418,86;1730,96;3698,47;5198,35;347,57;407,32;595,62;38,28
24;2020;2547,22;2056,63;115,17;711,86;0;0;0;0;2042,74;2524,76;114,39;0;0;0
2;2020;3896,8;764,63;63,47;4979,01;0;2553,19;402,56;33,41;351,05;1275,51;29,14;4,53;18,3;0,38
42;2020;476,12;66,13;5,49;405,45;0;0;0;0;66,13;476,12;5,49;0;0;0
20;2020;8082,61;2390,57;251,01;11933,61;0;7002,68;1917,73;201,36;428,84;863,63;45,03;18,1;76,52;1,9
28;2020;2889,89;280,43;4,77;2546,57;0;2198,12;168,46;2,86;79,72;182,06;1,36;21,92;334,23;0,37
35;2020;35339,54;1722,67;115,42;36773,76;0;30155,7;1176,96;78,86;322,83;730,75;21,63;150,75;1581,98;10,1
36;2020;1778,88;213,23;18,55;2155,51;0;1292,18;136,97;11,92;0;0;0;25,32;106,36;2,2
39;2020;32033,31;971,54;68,01;35476,66;0;29950,78;862,3;60,36;15,86;85,15;1,11;14,28;31,17;1
9;2020;0;0;0;0;0;0;0;0;0;0;0;0;0;0
17;2020;2707,68;856,25;55,66;3343,9;0;2671,96;846,62;55,03;0;0;0;5,74;19,12;0,37
7;2020;115,59;59,47;4,76;141,99;0;0;0;0;59,47;115,59;4,76;0;0;0
15;2020;34166,46;5133,97;410,72;56712,83;56860,67;31613,23;4235,03;338,8;619,96;1245,08;49,6;87,91;185,25;7,03
16;2020;54,15;18,72;1,59;5,86;0;36,56;6,63;0,56;12,09;17,59;1,03;0;0;0
31;2020;893,01;192,82;11,57;1008,93;0;442,51;45,66;2,74;147,16;450,5;8,83;0;0;0
7;2020;34336,2;5212,16;417,07;56860,67;0;31649,79;4241,67;339,37;691,52;1378,26;55,38;87,91;185,25;7,03
38;2020;14478,92;1494,14;105,34;14682,68;0;11122,29;990,25;69,81;345,18;1067,45;24,34;131,21;1573,5;9,25
31;2020;2650,96;531,39;31,88;3860,05;0;2255,49;412,34;24,74;114,72;384,44;6,88;4,33;11,03;0,26
30;2020;5337,06;491,19;41,75;8026,29;0;4276,01;259,27;22,04;137,14;238,13;11,66;74,3;410,41;6,32
21;2020;10411,38;904,66;70,56;11316,78;0;9539,16;620,12;48,37;250,38;650,58;19,53;18,06;61,03;1,41
46;2020;305,71;158,67;12,38;39,18;0;0;0;0;158,67;305,71;12,38;0;0;0
14;2020;761,7;116,99;7,6;1008,4;0;643,66;103,11;6,7;0;0;0;9;80,35;0,58
10;2020;4584,77;504,9;46,96;5310,32;0;3797,04;249,12;23,17;239,44;702,13;22,27;13,57;77,1;1,26
8;2020;1284,84;514,18;19,54;1740,21;0;1030,12;389,99;14,82;120,79;244,13;4,59;0;0;0
34;2020;4978,21;976,15;74,19;7264,52;0;4546,82;797,71;60,63;147,77;298,43;11,23;29,2;128,63;2,22
32;2020;3395,82;655,75;55,74;5015,91;0;2827,08;428,26;36,4;219,03;535,79;18,62;8,46;32,95;0,72
3;2020;0;0;0;0;0;0;0;0;0;0;0;0;0;0
12;2020;1890,09;814,67;22,81;2840,64;0;382,12;236,38;6,62;578,3;1507,97;16,19;0;0;0
19;2020;12819,01;4262,7;144,93;14223,92;0;4970,64;1550,58;52,72;2712,12;7848,37;92,21;0;0;0
29;2020;7831,35;2978,72;160,85;7713,85;0;1143,49;395,82;21,37;2572,08;6639,11;138,89;5,55;21,27;0,3
5;2020;296,1;168,44;12,13;313,7;0;0;0;0;168,44;296,1;12,13;0;0;0
1;2020;1054,32;78,7;3,54;1258,46;0;981,69;64,33;2,89;2,13;4,35;0,1;12,24;68,28;0,55
13;2020;3746,85;855,45;59,88;4376,64;0;2375,6;268,79;18,82;512,23;1076,17;35,86;54,17;188,25;3,79
22;2020;17781,19;1141,12;112,97;17297,95;0;16490,44;988,8;97,89;37,79;275,6;3,74;76,35;542,26;7,56
25;2020;21436,22;8559,39;607,72;32787,76;0;18249,97;7125,88;505,94;775,89;1396,51;55,09;255,35;406,13;18,13
26;2020;248,16;173,87;17,21;0;0;43,78;22,91;2,27;122,57;154,54;12,13;24,99;31,81;2,47
27;2020;6445,83;195,08;17,56;6437,01;0;5591,4;147,43;13,27;0;0;0;17,09;120,59;1,54
6;2020;7214,14;238,99;23,42;6665,09;0;6349,78;211,1;20,69;0;0;0;7,97;64,76;0,78
18;2020;99744,68;4189,14;343,52;109555,29;0;89977,39;3409,91;279,62;28,2;48,06;2,31;540,2;3500,46;44,3
37;2020;1770,67;216,32;4,33;599,24;0;1521,92;151,13;3,02;44,74;95,98;0,9;8,59;79,28;0,17
4;2020;3941,74;618,88;16,71;1760,56;0;3933,91;615,75;16,63;0;0;0;0;0;0
33;2020;9471,81;674,17;40,11;9902,16;0;8524,14;419,5;24,96;181,57;382,64;10,8;49,43;171,35;2,94
11;2020;2172,56;72,55;4,79;2310,03;0;1842,85;55,46;3,66;0;0;0;5,06;42,52;0,33
43;2020;4372,91;830,77;68,95;5384,46;0;2553,19;402,56;33,41;417,18;1751,63;34,63;4,53;18,3;0,38
44;2020;3543,97;724,21;43,45;4868,98;0;2698;458;27,48;261,88;834,94;15,71;4,33;11,03;0,26
45;2020;10717,09;1063,33;82,94;11355,96;0;9539,16;620,12;48,37;409,05;956,29;31,91;18,06;61,03;1,41
23;2019;78535,69;25098,21;2359,47;109624,44;0;74268,86;22292,03;2095,66;2133,74;2843,66;200,59;184,35;227,64;17,33
24;2019;22,58;14,08;0,79;0;0;0;0;0;0;0;0;0;0;0
2;2019;2839,04;502,44;41,71;3864,78;0;2746,1;477,09;39,6;17,2;52,56;1,43;4,94;17,92;0,41
42;2019;62,44;14,39;1,19;0;0;0;0;0;14,39;62,44;1,19;0;0;0
20;2019;8782,41;2877,68;302,16;12676,08;0;8045,84;2540,05;266,71;318,52;656,1;33,45;12,25;46,29;1,29
28;2019;2857,38;209,82;3,57;2958,32;0;2662,07;197,05;3,35;0;0;0;9,05;134,49;0,15
35;2019;35153,72;1559,27;104,47;36358,08;0;33386,38;1452,15;97,3;0;0;0;79,23;767,07;5,31
36;2019;1566,48;223,02;19,4;2094,21;0;1361,97;190,12;16,54;0;0;0;9,76;37,64;0,85
39;2019;31934,65;1083,79;75,87;34984,67;0;31217,89;1049,3;73,45;0;0;0;5,32;11,14;0,37
9;2019;0;0;0;0;0;0;0;0;0;0;0;0;0;0
17;2019;3379,97;1240,62;80,64;4184,72;0;3364,85;1236,08;80,34;0;0;0;2,94;8,54;0,19
7;2019;96,94;55,49;4,44;66,43;0;0;0;0;55,49;96,94;4,44;0;0;0
15;2019;33242,42;5691,52;455,32;55664,88;55737,15;32543,79;5463,23;437,06;87,51;173,71;7;68,34;134,84;5,47
16;2019;37,39;7,02;0,6;5,84;0;37,39;7,02;0,6;0;0;0;0;0;0
31;2019;472,23;56,08;3,36;0;0;465,68;53,66;3,22;2,43;6,55;0,15;0;0;0
7;2019;33376,75;5754,03;460,36;55737,15;0;32581,19;5470,25;437,66;143,01;270,65;11,44;68,34;134,84;5,47
38;2019;13785,2;1552,4;109,45;16264,81;0;12430,25;1238,9;87,34;251,86;610,03;17,76;52,93;536,53;3,73
31;2019;2925,22;686,97;41,22;4070,87;0;2515,82;549,97;33;135,63;406,16;8,14;1,37;3,23;0,08
30;2019;5014,72;364,01;30,94;7985,25;0;4702,33;327,95;27,88;0;0;0;28,14;149,73;2,39
21;2019;10843,42;1078,74;84,14;11655,51;0;10111,33;784,1;61,16;280,12;637,43;21,85;6,84;22,07;0,53
46;2019;0;0;0;0;0;0;0;0;0;0;0;0;0;0
14;2019;275,03;51,4;3,34;256,25;0;224,21;44,87;2,92;0;0;0;3,85;30,53;0,25
10;2019;4204,66;455,13;42,33;5016,03;0;3876,5;335,7;31,22;111,24;288,95;10,35;6,65;34,67;0,62
8;2019;1131,09;518,08;19,69;1603,9;0;1086,42;490,78;18,65;25,46;39,2;0,97;0;0;0
34;2019;5614,68;1216,48;92,45;9459,09;0;5322,72;1084,36;82,41;120,57;248,05;9,16;10,72;41,5;0,81
32;2019;3861,22;923,97;78,54;5422,66;0;3088,68;568,64;48,33;350,58;752,41;29,8;4,76;20,13;0,4
3;2019;0;0;0;0;0;0;0;0;0;0;0;0;0;0
12;2019;866,32;507,32;14,21;1969,51;0;449,42;292,42;8,19;214,89;416,91;6,02;0;0;0
19;2019;8323,83;3909,48;132,92;10054,8;0;5223,4;2415,57;82,13;1493,92;3100,43;50,79;0;0;0
29;2019;3410,76;1825;98,55;1760,87;0;1219;732,95;39,58;1089,2;2177,7;58,82;0;0;0
5;2019;16,34;10,55;0,76;5,15;0;0;0;0;10,55;16,34;0,76;0;0;0
1;2019;1027,29;86,1;3,88;1258,23;0;1015,56;83,76;3,77;0;0;0;2,34;11,73;0,11
13;2019;3089,34;531,2;37,19;3602,67;0;2613,79;335,68;23,5;171,52;384,92;12,01;16,58;52,19;1,16
22;2019;17757,35;1358,87;134,53;17702,29;0;17190,12;1293,45;128,05;28,62;245,77;2,83;20,07;143,11;1,99
25;2019;21099,41;9401,87;667,53;32867,14;0;19204,85;8440,31;599,26;679,47;1218,13;48,24;115,05;161,69;8,17
26;2019;129,89;84,1;8,33;0;0;56,94;30,29;3;45,81;55,65;4,54;6,21;8,16;0,61
27;2019;6459,27;206,72;18,61;6460,34;0;6123,11;184,53;16,61;0;0;0;9,85;64,34;0,89
6;2019;7137,15;272,33;26,69;6606,19;0;6766,5;256,54;25,14;0;0;0;7,29;53,37;0,71
18;2019;102788,34;4327,8;354,88;112732,4;0;99023,17;3988,07;327,02;0;0;0;263;1558,75;21,57
37;2019;1682,01;198,24;3,97;563,41;0;1634,95;191,8;3,84;0;0;0;2,94;24,13;0,06
4;2019;4086,37;772,87;20,87;1580,55;0;4084,71;772,16;20,85;0;0;0;0;0;0
33;2019;9315,05;526,26;31,31;9960,11;0;9108,24;497,95;29,63;0;0;0;20,7;68,04;1,23
11;2019;2134,4;71,62;4,73;2414,37;0;2040,09;66,3;4,38;0;0;0;1,28;9,81;0,08
43;2019;2901,47;516,83;42,9;3864,78;0;2746,1;477,09;39,6;31,59;115;2,62;4,94;17,92;0,41
44;2019;3397,45;743,05;44,58;4070,87;0;2981,5;603,63;36,22;138,05;412,72;8,28;1,37;3,23;0,08
45;2019;10843,42;1078,74;84,14;11655,51;0;10111,33;784,1;61,16;280,12;637,43;21,85;6,84;22,07;0,53
23;2018;77450,32;25700,96;2407,91;108169,8;0;72632,7;22232,88;2082,99;2533,81;3478,5;237,39;278,29;421,32;26,07
24;2018;0;0;0;0;0;0;0;0;0;0;0;0;0;0
2;2018;3110,62;655;57,34;4875,31;0;3146,85;652,52;57,13;0;0;0;0;0;0
42;2018;0;0;0;0;0;0;0;0;0;0;0;0;0;0
20;2018;8523,08;3206,59;335,22;8561,88;0;6663,56;2288,1;239,2;884,97;1800,75;92,52;11,2;15,03;1,17
28;2018;2779,72;186,75;3,54;3404,26;0;2304,54;155,3;2,94;0;0;0;25,87;368,99;0,49
35;2018;35240,24;1737,68;119,83;37680,7;0;32773,15;1504,8;103,77;88,68;222,16;6,12;112,85;1361,48;7,78
36;2018;1529,38;230,12;21,56;3182,88;0;1390,18;208,83;19,57;0;0;0;4,34;20,29;0,41
39;2018;31876,47;1277,2;84,56;35223,5;0;31121,25;1240,26;82,12;0;0;0;7,5;13,68;0,5
9;2018;0;0;0;0;0;0;0;0;0;0;0;0;0;0
17;2018;4223,25;2092,61;134,52;3819,22;0;2650,48;1114,46;71,64;971,15;1541,7;62,43;1,11;3,91;0
7;2018;0;0;0;0;0;0;0;0;0;0;0;0;0;0
15;2018;36227,8;6792,99;493,94;58530,63;0;35298,17;6256,34;454,92;340,91;437,62;24,79;80,95;92,8;0
16;2018;45,07;9,15;0,59;11,7;0;45,07;9,15;0,59;0;0;0;0;0;0
31;2018;499,06;70,28;3,48;711,33;0;499,06;70,28;3,48;0;0;0;0;0;0
7;2018;36272,87;6802,14;494,53;58542,33;0;0;0;0;340,91;437,62;24,79;80,95;92,8;0
38;2018;13376,41;1375,47;92,88;14028,29;0;11581,25;1147,21;77,47;30,32;79,75;2,05;135,17;1509,3;0
31;2018;2304,34;481,41;24,95;2653,66;0;1428,84;84;4,35;396,43;874,59;20,55;0;0;0
30;2018;5831,48;438,38;33,26;7983,77;0;5725,85;405,22;30,74;0;0;0;20,75;27,91;0
21;2018;8990,25;773,52;65,66;11818,11;0;8397,55;490,76;41,66;277,34;535,29;23,54;4,24;53,58;0
46;2018;0;0;0;0;0;0;0;0;0;0;0;0;0;0
14;2018;251,39;62,08;3,12;141,45;0;237,49;59,85;3;2,23;13,89;0,11;0;0;0
10;2018;3859,47;364,49;41,56;5314,93;0;3741,95;343,21;39,13;15,85;79,66;1,81;0;0;0
8;2018;1147,37;632,74;24,53;1420,06;0;1144,26;630,12;24,43;0;0;0;0;0;0
34;2018;6023,02;1502,34;97,27;8130,72;0;5451,4;1261,61;81,69;226,43;497,7;14,66;8,53;-3,13;0,55
32;2018;2477,42;513,33;42,71;3456,98;0;1930,22;245,82;20,45;255,52;399,52;21,26;5,22;20,53;0,43
3;2018;0;0;0;0;0;0;0;0;0;0;0;0;0;0
12;2018;508,22;388,81;9,83;16,7;0;263,06;210,34;5,32;178,47;245,14;4,51;0;0;0
19;2018;4543,98;2923,8;83,52;3598,8;0;3645,61;2334,05;66,67;589,75;898,36;16,85;0;0;0
29;2018;484,1;460,72;24,79;31,84;0;0;0;0;460,72;484,1;24,79;0;0;0
5;2018;0;0;0;0;0;0;0;0;0;0;0;0;0;0
1;2018;1201,9;116,68;4,77;1281,15;0;1146,86;93,7;3,83;0;0;0;22,98;55,03;0
13;2018;3076,05;453,02;20,65;4370,01;0;2945,14;417,72;19,04;11,56;32,7;0,53;13,41;19,51;0
22;2018;17268,75;1498,46;135,16;17990,36;0;16557,88;1395,05;125,83;41,84;147,58;3,77;33,67;460,85;0
25;2018;19439,48;9630,69;619,66;33335,94;0;16514,11;7855,5;505,44;1266,64;2099,96;81,5;207,02;249,18;0
26;2018;79,85;41,18;4,05;0;0;77,89;40,39;3,98;0;0;0;0,4;0,5;0
27;2018;7391,52;268,57;24,35;7021,87;0;6879,6;229,67;20,83;0;0;0;25,92;188,76;0
6;2018;6826,7;283,87;18,47;7249,99;0;6683,52;279,67;18,2;0;0;0;0;0;0
18;2018;98547,28;4525,27;348,87;110606,58;0;93598,82;4171,94;321,63;0;0;0;242;3157,45;18,66
37;2018;1751,58;233,13;3,77;563,42;0;1627,53;228,14;3,69;0;0;0;0,04;0,28;0
4;2018;3515,4;677,77;19,39;1155,18;0;3393,8;671,72;19,22;0;0;0;0;0;0
33;2018;9321,75;539,42;33,76;10269,06;0;9037;478,9;29,97;0;0;0;45,48;107,57;2,85
11;2018;2017,2;60,56;4,8;2505,12;0;1994,23;56,04;4,44;0;0;0;3,85;34,85;0,31
43;2018;3110,62;655;57,34;4875,31;0;0;0;0;0;0;0;0;0;0
44;2018;2803,4;551,69;28,43;3364,99;0;0;0;0;396,43;874,59;20,55;0;0;0
45;2018;8990,25;773,52;65,66;11818,11;0;0;0;0;277,34;535,29;23,54;4,24;53,58;0
23;2017;75359,47;24783,45;2199,43;104278,56;0;0;0;0;0;0;0;315,28;0;0
24;2017;0;0;0;0;0;0;0;0;0;0;0;0;0;0
2;2017;3511,27;911,24;80,39;4788,76;0;0;0;0;0;0;0;0;0;0
42;2017;0;0;0;0;0;0;0;0;0;0;0;0;0;0
20;2017;7147,51;2881,94;321,7;6829,16;0;0;0;0;0;0;0;0;0;0
28;2017;2418,54;163,8;3,11;3664,92;0;0;0;0;0;0;0;0;0;0
35;2017;36186,04;1686,13;111,62;36782,57;0;0;0;0;0;0;0;0;0;0
36;2017;1999,88;350,44;30,53;3398,4;0;0;0;0;0;0;0;0;0;0
39;2017;23023,88;872,65;103,31;34546,38;0;0;0;0;0;0;0;0;0;0
9;2017;0;0;0;0;0;0;0;0;0;0;0;0;0;0
17;2017;2272,88;940,77;49,09;1810,85;0;0;0;0;0;0;0;0;0;0
7;2017;0;0;0;0;0;0;0;0;0;0;0;0;0;0
15;2017;36141,63;7472,54;606,01;59406,61;0;0;0;0;0;0;0;0;0;0
16;2017;52,64;15,06;1,17;42,19;0;0;0;0;0;0;0;0;0;0
31;2017;473,65;81,53;4,67;776,71;0;0;0;0;0;0;0;0;0;0
7;2017;36194,27;7487,6;607,17;59448,8;0;0;0;0;0;0;0;0;0;0
38;2017;14544,55;1335,1;72,13;16440,97;0;0;0;0;0;0;0;0;0;0
31;2017;1611,62;85,62;4,78;2213,76;0;0;0;0;0;0;0;0;0;0
30;2017;5079,04;401;39,44;7980,04;0;0;0;0;0;0;0;0;0;0
21;2017;8852,26;531,41;35,76;11982,2;0;0;0;0;0;0;0;0;0;0
46;2017;0;0;0;0;0;0;0;0;0;0;0;0;0;0
14;2017;1545,41;115,36;12,44;1384;0;0;0;0;0;0;0;0;0;0
10;2017;4460,28;355,91;41,22;6553,51;0;0;0;0;0;0;0;0;0;0
8;2017;1369,66;800,47;18,02;1292,73;0;0;0;0;0;0;0;0;0;0
34;2017;6644,3;1446,79;101,53;9108,83;0;0;0;0;0;0;0;0;0;0
32;2017;2733,71;303,34;47,1;3595,46;0;0;0;0;0;0;0;0;0;0
3;2017;0;0;0;0;0;0;0;0;0;0;0;0;0;0
12;2017;156;146,81;4,09;0;0;0;0;0;0;0;0;0;0;0
19;2017;2801,43;2313,62;70,22;792,12;0;0;0;0;0;0;0;0;0;0
29;2017;0;0;0;0;0;0;0;0;0;0;0;0;0;0
5;2017;0;0;0;0;0;0;0;0;0;0;0;0;0;0
1;2017;1161,7;116,89;5,64;1187,74;0;0;0;0;0;0;0;0;0;0
13;2017;3221,56;530,77;21,11;4561,76;0;0;0;0;0;0;0;0;0;0
22;2017;18110,36;1759,95;198,86;18426,22;0;0;0;0;0;0;0;0;0;0
25;2017;18119,29;9186,39;622,58;32157,84;0;0;0;0;0;0;0;0;0;0
26;2017;105,52;66,15;5,48;0;0;0;0;0;0;0;0;0;0;0
27;2017;7766,59;321,57;20,5;6497,54;0;0;0;0;0;0;0;0;0;0
6;2017;6669,54;301,13;12,35;7233,18;0;0;0;0;0;0;0;0;0;0
18;2017;93579,83;4399,2;343,34;106166,05;0;0;0;0;0;0;0;0;0;0
37;2017;2249,27;392,18;12,46;496,75;0;0;0;0;0;0;0;0;0;0
4;2017;4147,34;891,68;18,48;75,77;0;0;0;0;0;0;0;0;0;0
33;2017;8797,63;490,85;30,47;10005,72;0;0;0;0;0;0;0;0;0;0
11;2017;2492,94;79,46;4,7;2552,65;0;0;0;0;0;0;0;0;0;0
43;2017;3511,27;911,24;80,39;4788,76;0;0;0;0;0;0;0;0;0;0
44;2017;2085,26;167,15;9,44;2990,47;0;0;0;0;0;0;0;0;0;0
45;2017;8852,26;531,41;35,76;11982,2;0;0;0;0;0;0;0;0;0;0
23;2016;78297,76;24949,47;2162,83;104775,1;0;0;0;0;0;0;0;0;0;0
24;2016;0;0;0;0;0;0;0;0;0;0;0;0;0;0
2;2016;3415,86;1024,89;87,79;4306,52;0;0;0;0;0;0;0;0;0;0
42;2016;0;0;0;0;0;0;0;0;0;0;0;0;0;0
20;2016;5262,67;2167,1;202,88;5377,86;0;0;0;0;0;0;0;0;0;0
28;2016;2643,68;150,81;2,74;3295,33;0;0;0;0;0;0;0;0;0;0
35;2016;35685,22;1506,64;89,67;35165,78;0;0;0;0;0;0;0;0;0;0
36;2016;2095,82;450,09;38,48;3313,83;0;0;0;0;0;0;0;0;0;0
39;2016;24359,96;1040,59;153,95;33299,98;0;0;0;0;0;0;0;0;0;0
9;2016;0;0;0;0;0;0;0;0;0;0;0;0;0;0
17;2016;1194,01;418,29;18,93;1363,27;0;0;0;0;0;0;0;0;0;0
7;2016;0;0;0;0;0;0;0;0;0;0;0;0;0;0
15;2016;38201,58;8604,08;709,31;58842,37;0;0;0;0;0;0;0;0;0;0
16;2016;44,46;13,29;1,1;7,54;0;0;0;0;0;0;0;0;0;0
31;2016;383,74;94,15;2,34;567,08;0;0;0;0;0;0;0;0;0;0
7;2016;38246,05;8617,37;710,41;58849,91;0;0;0;0;0;0;0;0;0;0
38;2016;17671,47;848,66;53,84;16400,9;0;0;0;0;0;0;0;0;0;0
31;2016;1477,42;71,91;1,79;2332,41;0;0;0;0;0;0;0;0;0;0
30;2016;5654,54;411,38;40,21;8094,38;0;0;0;0;0;0;0;0;0;0
21;2016;9222,73;519,17;35,85;11694,45;0;0;0;0;0;0;0;0;0;0
46;2016;0;0;0;0;0;0;0;0;0;0;0;0;0;0
14;2016;1463,75;69,15;3,69;1710,16;0;0;0;0;0;0;0;0;0;0
10;2016;4011,2;275,86;40,51;6634,32;0;0;0;0;0;0;0;0;0;0
8;2016;1024;656,74;18,14;846,92;0;0;0;0;0;0;0;0;0;0
34;2016;5554,03;864,01;55,33;8589,56;0;0;0;0;0;0;0;0;0;0
32;2016;2837,35;307,91;50,1;3887,93;0;0;0;0;0;0;0;0;0;0
3;2016;0;0;0;0;0;0;0;0;0;0;0;0;0;0
12;2016;0;0;0;0;0;0;0;0;0;0;0;0;0;0
19;2016;350,73;321,1;6,73;0;0;0;0;0;0;0;0;0;0;0
29;2016;0;0;0;0;0;0;0;0;0;0;0;0;0;0
5;2016;0;0;0;0;0;0;0;0;0;0;0;0;0;0
1;2016;1295,78;133,81;7,33;1186,1;0;0;0;0;0;0;0;0;0;0
13;2016;3283,85;573,82;26,06;4744,2;0;0;0;0;0;0;0;0;0;0
22;2016;19090;2147,7;196,62;18842,4;0;0;0;0;0;0;0;0;0;0
25;2016;16867,57;8683,92;702,65;30090,42;0;0;0;0;0;0;0;0;0;0
26;2016;121,64;72,49;5,74;0;0;0;0;0;0;0;0;0;0;0
27;2016;6944,9;323,64;23,68;6119,9;0;0;0;0;0;0;0;0;0;0
6;2016;7012,01;310,08;8,56;6410,92;0;0;0;0;0;0;0;0;0;0
18;2016;94425,75;4410,46;343,75;104163;0;0;0;0;0;0;0;0;0;0
37;2016;2210,64;508,03;11,68;385,91;0;0;0;0;0;0;0;0;0;0
4;2016;4489,2;1204,32;19,96;0;0;0;0;0;0;0;0;0;0;0
33;2016;8891,45;453,6;30,53;10075,23;0;0;0;0;0;0;0;0;0;0
11;2016;2480,65;86,87;5,6;2527,24;0;0;0;0;0;0;0;0;0;0
43;2016;3415,86;1024,89;87,79;4306,52;0;0;0;0;0;0;0;0;0;0
44;2016;1861,16;166,06;4,13;2899,49;0;0;0;0;0;0;0;0;0;0
45;2016;9222,73;519,17;35,85;11694,45;0;0;0;0;0;0;0;0;0;0
23;2015;77737,86;24474,77;2143,52;95785,58;0;0;0;0;0;0;0;0;0;0
24;2015;0;0;0;0;0;0;0;0;0;0;0;0;0;0
2;2015;3268,02;896,33;52,73;4300,95;0;0;0;0;0;0;0;0;0;0
42;2015;0;0;0;0;0;0;0;0;0;0;0;0;0;0
20;2015;3807,65;1639,07;163,27;3763,35;0;0;0;0;0;0;0;0;0;0
28;2015;2619,44;165,56;3,26;3023,19;0;0;0;0;0;0;0;0;0;0
35;2015;35986,43;1501,09;103,68;32645,33;0;0;0;0;0;0;0;0;0;0
36;2015;1951,56;336,21;24,15;3187,39;0;0;0;0;0;0;0;0;0;0
39;2015;21110,11;1019,7;122,06;32147,99;0;0;0;0;0;0;0;0;0;0
9;2015;0;0;0;0;0;0;0;0;0;0;0;0;0;0
17;2015;1108,56;508,59;21,79;1690,77;0;0;0;0;0;0;0;0;0;0
7;2015;0;0;0;0;0;0;0;0;0;0;0;0;0;0
15;2015;37003,62;8999,57;761,51;57512,58;0;0;0;0;0;0;0;0;0;0
16;2015;45,48;10,11;0,85;0;0;0;0;0;0;0;0;0;0;0
31;2015;298,11;107,64;4,92;200,89;0;0;0;0;0;0;0;0;0;0
7;2015;37049,1;9009,69;762,36;57512,58;0;0;0;0;0;0;0;0;0;0
38;2015;16162,23;674,36;65,69;15694,82;0;0;0;0;0;0;0;0;0;0
31;2015;1736,47;79,95;4,38;2082,85;0;0;0;0;0;0;0;0;0;0
30;2015;6151,79;392,34;41,09;8162,36;0;0;0;0;0;0;0;0;0;0
21;2015;9341,11;583,03;34,83;11352,7;0;0;0;0;0;0;0;0;0;0
46;2015;0;0;0;0;0;0;0;0;0;0;0;0;0;0
14;2015;1583,5;76,16;9,03;1697,27;0;0;0;0;0;0;0;0;0;0
10;2015;4035,36;367,11;31,47;7242,36;0;0;0;0;0;0;0;0;0;0
8;2015;373,25;194,91;8,12;349,02;0;0;0;0;0;0;0;0;0;0
34;2015;5316,91;821,71;56,68;8207,54;0;0;0;0;0;0;0;0;0;0
32;2015;3008,46;365,86;46,43;3895,04;0;0;0;0;0;0;0;0;0;0
3;2015;0;0;0;0;0;0;0;0;0;0;0;0;0;0
12;2015;0;0;0;0;0;0;0;0;0;0;0;0;0;0
19;2015;0;0;0;0;0;0;0;0;0;0;0;0;0;0
29;2015;0;0;0;0;0;0;0;0;0;0;0;0;0;0
5;2015;0;0;0;0;0;0;0;0;0;0;0;0;0;0
1;2015;1210,78;199,88;11,13;1115,1;0;0;0;0;0;0;0;0;0;0
13;2015;3299,12;683,41;30,43;4841,8;0;0;0;0;0;0;0;0;0;0
22;2015;18345,78;2497,35;160,66;17531,3;0;0;0;0;0;0;0;0;0;0
25;2015;16200,76;8737,56;757,87;26551,8;0;0;0;0;0;0;0;0;0;0
26;2015;118,13;75,16;5,46;4,6;0;0;0;0;0;0;0;0;0;0
27;2015;6917,22;380,21;30,2;6039,4;0;0;0;0;0;0;0;0;0;0
6;2015;6423,13;277,47;13,45;5304,85;0;0;0;0;0;0;0;0;0;0
18;2015;93913,86;4481,51;328,56;99407,97;0;0;0;0;0;0;0;0;0;0
37;2015;2103,94;295,71;5,6;182,31;0;0;0;0;0;0;0;0;0;0
4;2015;2951,77;1213,59;28,67;0;0;0;0;0;0;0;0;0;0;0
33;2015;10247,14;384,88;27,64;9661,79;0;0;0;0;0;0;0;0;0;0
11;2015;2476,64;74,22;5,22;2377,76;0;0;0;0;0;0;0;0;0;0
43;2015;3268,02;896,33;52,73;4300,95;0;0;0;0;0;0;0;0;0;0
44;2015;2034,57;187,58;9,29;2283,74;0;0;0;0;0;0;0;0;0;0
45;2015;9341,11;583,03;34,83;11352,7;0;0;0;0;0;0;0;0;0;0
23;2014;80141,99;25457,59;2174,16;96982,95;0;0;0;0;0;0;0;0;0;0
24;2014;0;0;0;0;0;0;0;0;0;0;0;0;0;0
2;2014;2770,65;551,08;50,59;4420,28;0;0;0;0;0;0;0;0;0;0
42;2014;0;0;0;0;0;0;0;0;0;0;0;0;0;0
20;2014;3192,42;1452,82;133,94;2011,7;0;0;0;0;0;0;0;0;0;0
28;2014;2765,6;188,09;4,44;3002,9;0;0;0;0;0;0;0;0;0;0
35;2014;36296,97;1693,96;85,68;32175,59;0;0;0;0;0;0;0;0;0;0
36;2014;2327,71;510,58;41,64;3334,51;0;0;0;0;0;0;0;0;0;0
39;2014;25287,51;1318,57;152,66;31388,21;0;0;0;0;0;0;0;0;0;0
9;2014;0;0;0;0;0;0;0;0;0;0;0;0;0;0
17;2014;1008,11;467,58;22,96;596,7;0;0;0;0;0;0;0;0;0;0
7;2014;0;0;0;0;0;0;0;0;0;0;0;0;0;0
15;2014;38289,27;10933,17;748,15;55961,28;0;0;0;0;0;0;0;0;0;0
16;2014;62,07;12,81;0,94;0;0;0;0;0;0;0;0;0;0;0
31;2014;22,69;11,21;0,41;0;0;0;0;0;0;0;0;0;0;0
7;2014;38351,34;10945,98;749,09;55961,28;0;0;0;0;0;0;0;0;0;0
38;2014;16095,97;736,3;77,38;15951,28;0;0;0;0;0;0;0;0;0;0
31;2014;1861,8;89,65;5,3;2118,17;0;0;0;0;0;0;0;0;0;0
30;2014;5774,79;378,42;35,44;7295,77;0;0;0;0;0;0;0;0;0;0
21;2014;8582,1;579,15;33,95;10932,15;0;0;0;0;0;0;0;0;0;0
46;2014;0;0;0;0;0;0;0;0;0;0;0;0;0;0
14;2014;1718,6;96,1;13,65;1788,79;0;0;0;0;0;0;0;0;0;0
10;2014;4594,62;530,37;34,38;7081,8;0;0;0;0;0;0;0;0;0;0
8;2014;121,64;28,45;1,28;183,22;0;0;0;0;0;0;0;0;0;0
34;2014;5354,44;841,93;62,53;8331,39;0;0;0;0;0;0;0;0;0;0
32;2014;2904,78;441,22;43,26;3803,87;0;0;0;0;0;0;0;0;0;0
3;2014;0;0;0;0;0;0;0;0;0;0;0;0;0;0
12;2014;0;0;0;0;0;0;0;0;0;0;0;0;0;0
19;2014;0;0;0;0;0;0;0;0;0;0;0;0;0;0
29;2014;0;0;0;0;0;0;0;0;0;0;0;0;0;0
5;2014;0;0;0;0;0;0;0;0;0;0;0;0;0;0
1;2014;1249,8;256,26;14,24;1060,3;0;0;0;0;0;0;0;0;0;0
13;2014;3405,3;747,08;39,9;5266,9;0;0;0;0;0;0;0;0;0;0
22;2014;17444,59;2309,7;147,67;15779,5;0;0;0;0;0;0;0;0;0;0
25;2014;15330,55;8654,34;740,27;24790,3;0;0;0;0;0;0;0;0;0;0
26;2014;124,88;76,74;6,79;18,4;0;0;0;0;0;0;0;0;0;0
27;2014;6700,5;357,92;40,79;5786,7;0;0;0;0;0;0;0;0;0;0
6;2014;7018,11;314,7;18,82;5070,45;0;0;0;0;0;0;0;0;0;0
18;2014;95147,5;4514,7;330,92;99870,34;0;0;0;0;0;0;0;0;0;0
37;2014;2437,51;298,96;7,19;190,05;0;0;0;0;0;0;0;0;0;0
4;2014;355,41;168,6;5,06;0;0;0;0;0;0;0;0;0;0;0
33;2014;10340,27;389,23;22,72;9642,53;0;0;0;0;0;0;0;0;0;0
11;2014;2802,5;87,82;5,82;2400,49;0;0;0;0;0;0;0;0;0;0
43;2014;2770,65;551,08;50,59;4420,28;0;0;0;0;0;0;0;0;0;0
44;2014;1884,49;100,86;5,71;2118,17;0;0;0;0;0;0;0;0;0;0
45;2014;8582,1;579,15;33,95;10932,15;0;0;0;0;0;0;0;0;0;0
23;2013;78125,26;26486,06;2061,93;100915,2;0;0;0;0;0;0;0;0;0;0
24;2013;0;0;0;0;0;0;0;0;0;0;0;0;0;0
2;2013;3155,6;636,31;64,15;4463,8;0;0;0;0;0;0;0;0;0;0
42;2013;0;0;0;0;0;0;0;0;0;0;0;0;0;0
20;2013;1906,89;1103,65;37,62;1314,3;0;0;0;0;0;0;0;0;0;0
28;2013;2826,33;205,63;5,65;2273,5;0;0;0;0;0;0;0;0;0;0
35;2013;35085,74;1968,88;108,89;31259,1;0;0;0;0;0;0;0;0;0;0
36;2013;1893,4;359,87;31,27;2451,7;0;0;0;0;0;0;0;0;0;0
39;2013;25089,97;1328,33;130,03;30532,7;0;0;0;0;0;0;0;0;0;0
9;2013;0;0;0;0;0;0;0;0;0;0;0;0;0;0
17;2013;53,26;29,12;0,64;0;0;0;0;0;0;0;0;0;0;0
7;2013;0;0;0;0;0;0;0;0;0;0;0;0;0;0
15;2013;34558,58;11605,95;709,03;55216;0;0;0;0;0;0;0;0;0;0
16;2013;57,58;12,61;0,84;0;0;0;0;0;0;0;0;0;0;0
31;2013;13,03;1,88;0,06;0;0;0;0;0;0;0;0;0;0;0
7;2013;34616,16;11618,56;709,87;55216;0;0;0;0;0;0;0;0;0;0
38;2013;15011,21;736,43;58,56;14659,9;0;0;0;0;0;0;0;0;0;0
31;2013;1814,73;98,06;5,45;2188;0;0;0;0;0;0;0;0;0;0
30;2013;5845,56;346,92;30,91;7005;0;0;0;0;0;0;0;0;0;0
21;2013;7699,87;553,7;32,09;10751,5;0;0;0;0;0;0;0;0;0;0
46;2013;0;0;0;0;0;0;0;0;0;0;0;0;0;0
14;2013;1794,74;121,29;11,35;1767,4;0;0;0;0;0;0;0;0;0;0
10;2013;4953,26;591,6;54,45;6710,2;0;0;0;0;0;0;0;0;0;0
8;2013;142,28;32,07;2,06;187,9;0;0;0;0;0;0;0;0;0;0
34;2013;6099,06;877;53,37;8385,4;0;0;0;0;0;0;0;0;0;0
32;2013;2931,75;514,42;48,87;3827,1;0;0;0;0;0;0;0;0;0;0
3;2013;0;0;0;0;0;0;0;0;0;0;0;0;0;0
12;2013;0;0;0;0;0;0;0;0;0;0;0;0;0;0
19;2013;0;0;0;0;0;0;0;0;0;0;0;0;0;0
29;2013;0;0;0;0;0;0;0;0;0;0;0;0;0;0
5;2013;0;0;0;0;0;0;0;0;0;0;0;0;0;0
1;2013;1123,68;262,27;16,06;804,6;0;0;0;0;0;0;0;0;0;0
13;2013;3310,58;800,18;50,27;5250,1;0;0;0;0;0;0;0;0;0;0
22;2013;15701,04;2996,77;163,37;13702,6;0;0;0;0;0;0;0;0;0;0
25;2013;13859,45;8393,76;700,32;23468,1;0;0;0;0;0;0;0;0;0;0
26;2013;93,98;43,1;4,7;0;0;0;0;0;0;0;0;0;0;0
27;2013;5864,77;388,53;37,42;5484,3;0;0;0;0;0;0;0;0;0;0
6;2013;5857,74;301,36;17,6;4383,8;0;0;0;0;0;0;0;0;0;0
18;2013;88363,97;4443,22;313,31;97436,4;0;0;0;0;0;0;0;0;0;0
37;2013;2278,78;401,7;7,14;233,9;0;0;0;0;0;0;0;0;0;0
4;2013;0,02;0,02;0;0;0;0;0;0;0;0;0;0;0;0
33;2013;10420,79;421,65;25,52;9744,9;0;0;0;0;0;0;0;0;0;0
11;2013;2936,05;112,79;7,07;2451,2;0;0;0;0;0;0;0;0;0;0
43;2013;3155,6;636,31;64,15;4463,8;0;0;0;0;0;0;0;0;0;0
44;2013;1827,77;99,93;5,51;2188;0;0;0;0;0;0;0;0;0;0
45;2013;7699,87;553,7;32,09;10751,5;0;0;0;0;0;0;0;0;0;0
