PadID;PadName;RegID;FieldID;dnsID;Qoil;Qliq;DO
1;10;2;1;60;1494,067484;1785;1
2;1;2;1;60;444,8532108;512;1
3;3;2;1;60;151,5226115;181;1
4;5;2;1;60;438,8837158;519;1
5;6;2;1;60;401,790862;466;1
6;2;2;1;60;183,278134;219;1
7;0;2;1;60;118,850095;142;1
8;203;3;2;32;37,6091286;45;1
9;0;3;2;32;205,23713;244;1
10;151;3;2;29;25,7639732;30;1
11;152;3;2;29;21,38622;25;1
12;154;3;2;29;23,74484112;28;1
13;204À;3;2;32;258,4713432;309;1
14;303;3;2;34;1122,287655;1334;1
15;302;3;2;34;1691,915447;2011;1
16;204;3;2;32;624,3193452;746;1
17;205;3;2;32;770,6007444;920;1
18;207;3;2;32;762,2494776;910;1
19;206;3;2;32;223,4862;268;1
20;305;3;2;29;3,4138648;4;1
21;208;3;2;32;1055,918705;1262;1
22;209;3;2;32;366,0362454;437;1
23;210;3;2;32;1003,641768;1199;1
24;0;3;4;94;0,851486;1;1
25;2;3;4;94;3344,472091;3811;1
26;1;3;4;94;6171,159073;7009;1
27;4;3;4;94;1173,240779;1338;1
28;6;3;4;94;1116,906281;1273;1
29;2;3;6;63;1209,823606;1394;1
30;4025;3;6;63;561,945735;650;1
31;3;3;6;63;3870,5486;4444;1
32;4;3;6;63;994,3674282;1150;1
33;31;3;6;63;17,289765;20;1
34;34;3;6;63;2773,018146;3176;1
35;37;3;6;63;1209,224576;1381;1
36;39;3;6;63;789,0864805;913;1
37;33;3;6;63;260,2503792;301;1
38;38;3;6;63;1341,957546;1534;1
39;32;3;6;63;429,0514362;489;1
40;8;3;6;63;8,774944;10;1
41;6;3;6;63;278,193811;317;1
42;7;3;6;63;296,5344417;343;1
43;18;3;6;63;884,347833;1017;1
44;0;3;6;63;90,608897;103;1
45;105;3;6;63;1415,209547;1626;1
46;330;3;6;13;702,9354096;813;1
47;334;3;6;63;874,9640754;1012;1
48;331;3;6;13;219,6132768;254;1
49;329À;3;6;13;611,2857744;707;1
50;325À;3;6;13;338,9307264;392;1
51;18;4;8;76;629,6219898;741;1
52;19;4;8;76;460,0975375;540;1
53;17;4;8;76;850,500079;999;1
54;14;4;8;76;1126,703107;1330;1
55;1;4;8;76;218,9041877;259;1
56;4;4;8;76;23,72046022;28;1
57;8;4;8;76;1,6871304;2;1
58;0;4;19;95;189,5821368;217;1
59;1;4;19;95;7358,988344;8457;1
60;3;4;19;95;5258,889577;6045;1
61;2;4;19;95;3635,243382;4182;1
62;5;4;19;95;539,7444836;616;1
63;1;4;10;77;42,8198448;51;1
64;2;4;10;77;2,5188144;3;1
65;6;4;10;77;40,3498752;48;1
66;11;4;10;77;727,5043728;866;1
67;12;4;10;77;839,0993666;999;1
68;14;4;10;77;411,531008;490;1
69;13;4;10;77;118,506728;141;1
70;15;4;10;77;158,6973488;189;1
71;16;4;10;77;115,0682576;137;1
72;17;4;10;77;404,0297912;481;1
73;18;4;10;77;872,7927558;1039;1
74;38;4;10;77;782,0095926;929;1
75;22;4;10;77;261,2873285;308;1
76;20;4;10;77;102,67131;119;1
77;34;4;10;77;247,9818595;290;1
78;26;4;10;77;357,3497807;417;1
79;26Á;4;10;77;666,562466;776;1
80;0;4;10;77;324,9965088;387;1
81;36;4;10;77;1211,439783;1406;1
82;21;4;10;77;218,1098695;253;1
83;32;4;10;77;634,5293467;755;1
84;22Á;4;10;77;412,2283799;486;1
85;31;4;10;77;341,714946;396;1
86;37.1;4;10;77;337,254891;391;1
87;33;4;10;77;133,5172608;159;1
88;18Á;4;10;77;202,1515675;239;1
89;13Á;4;10;77;727,1287088;865;1
90;55;3;11;3;493,6568544;577;1
91;52;3;11;3;844,031936;983;1
92;53;3;11;3;794,8578816;929;1
93;59;3;11;3;163,4232672;191;1
94;54;3;11;3;362,9385408;424;1
95;58;3;11;3;717,4687536;830;1
96;56;3;11;3;841,6905594;976;1
97;57;3;11;3;526,0914912;610;1
98;0;3;11;3;8,555328;10;1
99;4;4;12;96;1989,250125;2245;1
100;0;4;12;96;13,249875;15;1
101;0;4;14;78;0,8623771;1;1
102;8;4;14;78;4,3118855;5;1
103;5;4;14;78;21,57829935;25;1
104;11;4;14;78;2,5871313;3;1
105;10;4;14;78;8,633672;10;1
106;2;4;14;78;1,7346552;2;1
107;17;4;14;78;0,8623771;1;1
108;21;4;14;78;573,3523757;664;1
109;0;4;15;21;369,2007755;425;1
110;604;4;15;19;661,249324;783;1
111;551À;4;15;21;1556,877836;1811;1
112;557Â;4;15;21;180,9195588;214;1
113;1;4;15;21;1406,669615;1626;1
114;555;4;15;21;436,6713363;508;1
115;589;4;15;22;451,0193661;522;1
116;541;4;15;21;167,3145864;195;1
117;549;4;15;22;242,6362577;287;1
118;605;4;15;19;186,7458841;221;1
119;524;4;15;21;223,9463256;265;1
120;557À;4;15;21;2267,395352;2621;1
121;562;4;15;21;700,1004144;816;1
122;561;4;15;21;1182,766967;1369;1
123;557Á;4;15;21;265,5289734;307;1
124;569;4;15;21;279,896648;328;1
125;540;4;15;21;1281,338961;1477;1
126;565;4;15;21;678,5744092;788;1
127;701;4;15;22;847,5067669;987;1
128;702;4;15;22;2250,736051;2603;1
129;650;4;15;22;1441,357297;1660;1
130;513;4;15;21;351,3484405;410;1
131;617;4;15;19;1247,816384;1444;1
132;559À;4;15;21;439,7648331;518;1
133;546;4;15;22;1229,183629;1418;1
134;543;4;15;22;2015,429446;2324;1
135;568À;4;15;21;701,8184318;816;1
136;685;4;15;19;154,3786512;182;1
137;539;4;15;19;433,8162565;513;1
138;622;4;15;19;731,1431184;865;1
139;518Á;4;15;19;307,2477288;362;1
140;642;4;15;22;697,8248004;822;1
141;512.1;4;15;21;165,1272276;195;1
142;514;4;15;22;432,0664104;510;1
143;566À;4;15;97;202,4256576;239;1
144;560;4;15;21;2406,792075;2777;1
145;554À;4;15;21;1315,107083;1524;1
146;554;4;15;21;1689,674719;1961;1
147;507;4;15;21;734,6041128;869;1
148;518;4;15;19;515,697282;609;1
149;524Á;4;15;19;236,7498408;280;1
150;566;4;15;97;431,4698448;500;1
151;519;4;15;21;497,80656;589;1
152;557;4;15;21;2834,615762;3265;1
153;530;4;15;21;382,2220248;452;1
154;567À;4;15;21;137,684478;163;1
155;567Á;4;15;21;540,358473;632;1
156;581;4;15;21;805,0144623;931;1
157;504;4;15;21;568,9324572;670;1
158;523;4;15;21;51,7869456;61;1
159;572;4;15;21;964,960932;1116;1
160;590;4;15;22;393,7572528;465;1
161;616;4;15;19;313,1669988;370;1
162;616Á;4;15;19;275,3000292;325;1
163;575;4;15;21;99,548106;118;1
164;571;4;15;21;128,4868824;152;1
165;552À;4;15;21;202,0757945;236;1
166;553À;4;15;21;1938,936911;2249;1
167;585;4;15;22;474,2170538;554;1
168;548À;4;15;22;388,5032244;459;1
169;1À;4;15;21;1319,72346;1528;1
170;573;4;15;22;357,3174684;422;1
171;582;4;15;22;1470,887507;1702;1
172;523Ã;4;15;21;64,3876848;76;1
173;588;4;15;22;175,6113915;207;1
174;576À;4;15;21;204,8707272;242;1
175;556À;4;15;21;999,7708252;1162;1
176;582À;4;15;22;821,1247115;952;1
177;547À;4;15;22;142,36707;168;1
178;547;4;15;22;172,157676;203;1
179;541Á;4;15;21;209,537853;243;1
180;564À;4;15;21;104,9655224;124;1
181;540À;4;15;21;217,8336686;257;1
182;583;4;15;22;717,4438913;832;1
183;542;4;15;22;36,6804006;43;1
184;555À;4;15;21;1292,770386;1499;1
185;564;4;15;21;197,1328248;231;1
186;558À;4;15;21;552,8426564;639;1
187;559;4;15;21;878,182898;1023;1
188;586;4;15;22;390,0042145;455;1
189;568;4;15;21;212,102418;251;1
190;574À;4;15;22;135,4152965;158;1
191;548;4;15;22;110,0857272;130;1
192;572À;4;15;21;174,10407;206;1
193;523Á;4;15;21;69,2142648;82;1
194;523Â;4;15;21;1,7019552;2;1
195;602Á;4;15;19;503,8649446;597;1
196;600;4;15;19;196,114212;232;1
197;602;4;15;19;546,861312;648;1
198;605Á;4;15;19;677,4357648;801;1
199;596;4;15;19;452,1514584;535;1
200;597;4;15;19;129,4156476;153;1
201;570;4;15;21;183,2597472;216;1
202;619;4;15;19;400,9120932;474;1
203;615ÁÈÑ;4;15;19;602,3674506;711;1
204;618;4;15;19;439,7482724;520;1
205;615;4;15;19;136,2210828;161;1
206;621Á;4;15;19;747,0547466;884;1
207;621;4;15;19;730,7304948;865;1
208;660;4;15;19;569,478504;673;1
209;640;4;15;19;804,498018;950;1
210;672;4;15;19;843,0568848;995;1
211;631;4;15;20;620,8774488;735;1
212;627;4;15;20;1068,552755;1266;1
213;647.1;4;15;20;975,7388568;1155;1
214;647.2;4;15;20;618,1985052;731;1
215;641;4;15;20;1765,280015;2091;1
216;625;4;15;19;1105,129796;1309;1
217;632;4;15;20;1772,78392;2099;1
218;628;4;15;20;1448,430928;1716;1
219;686;4;15;20;493,8209892;582;1
220;637.2;4;15;19;526,509801;622;1
221;637.1;4;15;19;455,6648678;538;1
222;639;4;15;19;514,4127898;609;1
223;624;4;15;19;1351,958712;1602;1
224;644;4;15;19;736,2925212;870;1
225;633;4;15;19;665,2383624;788;1
226;651;4;15;20;520,7562024;616;1
227;623;4;15;19;1496,4338;1772;1
228;538;4;15;19;412,1311525;487;1
229;594;4;15;19;864,6714893;1023;1
230;598;4;15;19;673,305567;797;1
231;599;4;15;19;132,8808168;157;1
232;533;4;15;19;312,5015953;369;1
233;531;4;15;19;513,8449488;607;1
234;535;4;15;19;338,5074384;400;1
235;595;4;15;19;457,0738884;540;1
236;652;4;15;22;526,6839072;623;1
237;503;4;15;21;394,4247948;465;1
238;700;4;15;22;674,1887076;793;1
239;649;4;15;22;104,2287384;123;1
240;649Á;4;15;22;49,8356952;59;1
241;608.1;4;15;22;178,4567676;211;1
242;661;4;15;22;240,8248716;284;1
243;677;4;15;22;358,9233222;420;1
244;608.2;4;15;22;77,7930528;92;1
245;551;4;15;21;1044,083177;1208;1
246;553;4;15;21;1595,12819;1838;1
247;552;4;15;21;454,6964495;527;1
248;556;4;15;21;71,2720666;83;1
249;558;4;15;21;198,056418;228;1
250;567;4;15;21;495,9095601;571;1
251;576;4;15;21;59,5316346;69;1
252;574;4;15;22;367,6416534;424;1
253;583Á;4;15;22;645,9702532;746;1
254;668.1;4;15;20;1349,272697;1598;1
255;648;4;15;20;626,6882592;739;1
256;630;4;15;20;897,4764372;1063;1
257;668.2;4;15;20;714,536633;845;1
258;659.1;4;15;20;1758,889708;2082;1
259;671;4;15;20;906,0492101;1065;1
260;508;4;15;21;260,8759248;308;1
261;707.1;4;15;19;878,90616;1036;1
262;645;4;15;19;436,1411856;515;1
263;708.1;4;15;19;813,8418168;961;1
264;708.2;4;15;19;992,6534424;1171;1
265;707.2;4;15;19;479,8579872;567;1
266;4;4;16;#Í/Ä;34,6706916;41;1
267;2;4;16;#Í/Ä;59,9717688;71;1
268;0;4;17;98;70,888104;84;1
269;10.2;4;17;98;893,2155852;1056;1
270;8;4;17;98;957,3924852;1131;1
271;9;4;17;98;909,1228512;1076;1
272;10.1;4;17;98;1071,668093;1266;1
273;804;4;17;98;1787,265653;2113;1
274;803;4;17;98;1704,853874;2010;1
275;806;4;17;98;2384,36477;2805;1
276;802;4;17;98;1557,100886;1830;1
277;0;3;18;79;1503,664105;1739;1
278;15Ì;3;18;6;0,83358842;1;1
279;4ÌÀ;3;18;6;2149,319624;2486;1
280;7ÌÀ;3;18;8;967,1729695;1118;1
281;12Ì;3;18;6;909,022773;1049;1
282;28À;3;18;5;852,8037638;986;1
283;103;3;18;5;682,184025;789;1
284;32;3;18;2;1412,955075;1633;1
285;110;3;18;12;16,34757008;19;1
286;44À;3;18;2;375,2447328;434;1
287;347;3;18;6;3465,707896;3974;1
288;261;3;18;5;1391,031653;1609;1
289;406;3;18;6;648,6290955;750;1
290;463;3;18;6;232,7469507;269;1
291;479;3;18;6;392,7765462;454;1
292;13Ì;3;18;6;1040,739509;1202;1
293;2Á;3;18;8;688,5300366;796;1
294;624;3;18;2;1098,546622;1268;1
295;68Á;3;18;79;1816,291019;2089;1
296;259;3;18;5;1132,642946;1310;1
297;8Ì;3;18;6;782,0247912;904;1
298;290;3;18;12;636,2954784;736;1
299;361;3;18;6;2187,061931;2529;1
300;268À;3;18;5;1181,871698;1367;1
301;412;3;18;6;2439,008879;2821;1
302;570;3;18;8;1069,698773;1237;1
303;101;3;18;5;1896,745275;2194;1
304;707À;3;18;62;1081,047824;1250;1
305;726À;3;18;62;737,2116608;852;1
306;103À;3;18;5;6,0517233;7;1
307;274À;3;18;2;428,303403;495;1
308;546Á;3;18;8;805,0727651;931;1
309;767;3;18;74;8,643573;10;1
310;278À;3;18;6;1122,454076;1298;1
311;17Ì;3;18;6;425,3496948;492;1
312;11Ì;3;18;6;260,2428345;297;1
313;9Ì;3;18;6;2026,793204;2344;1
314;6Ì;3;18;6;0,8643573;1;1
315;4Ì;3;18;6;475,54056;550;1
316;3Ì;3;18;6;975,4487001;1128;1
317;5ÌÁ;3;18;6;1092,942922;1264;1
318;28;3;18;5;1149,612532;1326;1
319;24;3;18;6;360,9796644;417;1
320;19;3;18;6;1324,359723;1529;1
321;20;3;18;6;1016,309952;1175;1
322;19À;3;18;5;1318,557286;1525;1
323;25ÌÀ;3;18;6;772,2166896;893;1
324;25;3;18;6;0,8643573;1;1
325;12;3;18;6;337,4649344;390;1
326;11;3;18;6;414,1107801;479;1
327;13;3;18;2;841,2744816;973;1
328;10;3;18;8;48,4488225;56;1
329;104;3;18;2;996,7691385;1153;1
330;16;3;18;2;996,5698921;1151;1
331;9;3;18;8;441,7758009;511;1
332;5À;3;18;8;155,935584;180;1
333;16À;3;18;2;1254,531904;1451;1
334;523;3;18;8;380,5584032;440;1
335;500;3;18;8;870,0895726;994;1
336;3;3;18;8;232,5825648;269;1
337;35;3;18;9;782,6449365;905;1
338;34;3;18;8;628,9783747;718;1
339;581;3;18;9;2000,035586;2313;1
340;30À;3;18;8;86,47065;100;1
341;33;3;18;8;195,446367;226;1
342;45;3;18;79;812,0024247;935;1
343;48;3;18;9;2,5973532;3;1
344;52;3;18;9;211,874481;245;1
345;47;3;18;9;554,7833532;640;1
346;49;3;18;9;118,8264006;137;1
347;51;3;18;9;585,151303;676;1
348;31À;3;18;2;125,3824425;145;1
349;52À;3;18;9;218,7873315;253;1
350;66;3;18;74;1006,357647;1164;1
351;68;3;18;79;1697,955244;1962;1
352;69;3;18;62;481,0458452;556;1
353;54À;3;18;9;105,6544058;122;1
354;72;3;18;62;749,7987192;867;1
355;73;3;18;62;1643,491861;1900;1
356;67;3;18;74;276,650208;320;1
357;69À;3;18;62;1283,45731;1470;1
358;702;3;18;62;1106,368911;1279;1
359;721;3;18;62;359,9157008;416;1
360;700;3;18;62;960,7800125;1111;1
361;80;3;18;#Í/Ä;1006,395797;1164;1
362;85;3;18;62;745,0140852;862;1
363;87;3;18;11;173,0514416;200;1
364;82;3;18;74;292,5374736;338;1
365;84;3;18;#Í/Ä;830,8919224;961;1
366;83;3;18;74;0,8653474;1;1
367;111;3;18;12;457,2096734;529;1
368;112;3;18;12;1460,487499;1689;1
369;109;3;18;12;401,1428016;464;1
370;123;3;18;12;51,863184;60;1
371;27;3;18;2;28,7048694;33;1
372;65;3;18;2;511,8545664;592;1
373;64;3;18;2;410,0222592;474;1
374;91;3;18;2;669,2152608;774;1
375;62;3;18;2;225,6645636;261;1
376;61;3;18;2;1010,268512;1168;1
377;60;3;18;2;230,8300173;267;1
378;98;3;18;12;358,7807385;415;1
379;88;3;18;11;1327,096101;1535;1
380;89;3;18;11;951,1095798;1100;1
381;114;3;18;61;593,144136;686;1
382;116;3;18;11;848,1914352;981;1
383;116À;3;18;11;1487,8594;1721;1
384;113;3;18;61;909,987264;1052;1
385;128;3;18;61;1041,655743;1205;1
386;127;3;18;61;507,5106057;587;1
387;126;3;18;12;1743,127743;2016;1
388;77;3;18;62;593,7596482;686;1
389;7Ì;3;18;6;386,0126857;446;1
390;310;3;18;6;338,9307264;392;1
391;323;3;18;2;519,6788064;600;1
392;13À;3;18;2;981,4350864;1131;1
393;124;3;18;12;1923,614906;2225;1
394;307;3;18;11;654,4179108;757;1
395;458;3;18;6;522,9318548;604;1
396;806;3;18;74;206,6235606;239;1
397;995;3;18;61;1046,997281;1211;1
398;309;3;18;9;540,2817162;625;1
399;294;3;18;13;8,6427873;10;1
400;326;3;18;13;214,4039112;248;1
401;170;3;18;6;618,3181212;714,8;1
402;1368;3;18;2;622,525824;720;1
403;256;3;18;5;714,3631569;820;1
404;256À;3;18;5;0,8762385;1;1
405;260;3;18;5;4,323096;5;1
406;266;3;18;5;108,099225;125;1
407;304;3;18;5;380,882413;445;1
408;252;3;18;6;1691,275288;1956;1
409;293;3;18;13;1161,373448;1345;1
410;297;3;18;13;3161,784215;3659;1
411;298;3;18;13;869,6547513;1006;1
412;314;3;18;13;419,2730037;485;1
413;271;3;18;5;636,0596358;727;1
414;442;3;18;6;350,5075262;405;1
415;299;3;18;5;483,1927653;555;1
416;40ÌÀ;3;18;6;1313,966374;1511;1
417;24ÌÀ;3;18;6;1521,401327;1759;1
418;528;3;18;2;716,2416629;828;1
419;32À;3;18;2;779,9348105;901;1
420;37À;3;18;79;1049,573854;1205;1
421;39À;3;18;9;1276,360671;1474;1
422;55À;3;18;9;1060,184412;1225;1
423;5Â;3;18;8;836,2218723;966;1
424;97À;3;18;12;151,363433;175;1
425;3Â;3;18;6;1112,848893;1286;1
426;372;3;18;6;987,3666822;1142;1
427;321;3;18;6;282,7304784;327;1
428;471;3;18;2;490,3584782;567;1
429;469;3;18;2;2028,007944;2345;1
430;1114;3;18;2;961,6836276;1112;1
431;1116;3;18;2;443,6454177;513;1
432;512À;3;18;8;849,0966751;982;1
433;572;3;18;8;527,8418733;607;1
434;598;3;18;9;254,1980448;294;1
435;612;3;18;9;823,6742268;951;1
436;607;3;18;79;1192,285851;1375;1
437;70À;3;18;62;2050,8364;2370;1
438;749;3;18;11;245,8782248;284;1
439;763;3;18;62;401,1833088;464;1
440;790;3;18;12;527,485437;610;1
441;791;3;18;12;372,283675;430;1
442;54Á;3;18;9;4,327611;5;1
443;707;3;18;62;187,5913392;217;1
444;6276;3;18;2;533,5556976;617;1
445;410;3;18;6;1318,803532;1525;1
446;518;3;18;8;813,7847592;941;1
447;487;3;18;2;1790,720411;2071;1
448;33Â;3;18;8;1009,409323;1160;1
449;47À;3;18;9;3388,484742;3910;1
450;18ÌÁ;3;18;6;3053,589831;3530;1
451;394;3;18;6;1361,7539;1575;1
452;420;3;18;5;1125,731335;1301;1
453;470;3;18;2;431,5718277;499;1
454;1303;3;18;2;1176,984275;1361;1
455;489;3;18;2;1900,747893;2198;1
456;859;3;18;2;1281,233657;1482;1
457;874;3;18;2;451,2400812;522;1
458;890;3;18;2;1743,57904;2017;1
459;338;3;18;6;13,8330342;16;1
460;872;3;18;2;581,8312782;673;1
461;6891;3;18;11;1835,984178;2124;1
462;337;3;18;11;784,0935927;907;1
463;336À;3;18;11;614,7451353;711;1
464;450;3;18;2;1139,605295;1318;1
465;897;3;18;2;10,3743828;12;1
466;12ÌÁ;3;18;6;1004,657169;1157;1
467;19ÌÁ;3;18;6;1823,113377;2103;1
468;41ÌÁ;3;18;6;329,0185122;380;1
469;20ÌÁ;3;18;6;114,270024;132;1
470;12ÌÀ;3;18;6;414,2988263;479;1
471;11ÌÁ;3;18;6;354,8090012;410;1
472;10À;3;18;6;453,0604608;524;1
473;18À;3;18;2;901,4235474;1042;1
474;509;3;18;2;742,7813994;859;1
475;520;3;18;8;1171,291746;1354;1
476;202;3;18;8;195,4904127;226;1
477;512;3;18;8;562,059225;650;1
478;517;3;18;8;958,7200752;1101;1
479;543;3;18;8;954,9549702;1104;1
480;546;3;18;8;500,8136796;579;1
481;568;3;18;8;755,7158547;874;1
482;571;3;18;8;398,5894512;461;1
483;34À;3;18;8;1464,18681;1683;1
484;35À;3;18;9;504,4388744;583;1
485;36À;3;18;9;1083,213018;1252;1
486;27À;3;18;2;1535,491502;1776;1
487;33À;3;18;8;364,9214898;421;1
488;91À;3;18;2;625,1205546;723;1
489;62À;3;18;2;1057,322514;1223;1
490;60À;3;18;2;1662,125346;1922;1
491;48À;3;18;9;586,5000822;678;1
492;51À;3;18;9;1653,417521;1911;1
493;52Á;3;18;9;4,3226595;5;1
494;46À;3;18;79;430,6636458;498;1
495;636;3;18;9;202,4092404;234;1
496;313;3;18;9;5,1900723;6;1
497;49À;3;18;9;1082,232137;1250;1
498;66À;3;18;74;201,4165521;233;1
499;6324;3;18;74;780,8276124;903;1
500;647À;3;18;79;1904,880854;2203;1
501;68À;3;18;79;890,6523174;1020;1
502;71À;3;18;62;838,4102448;969;1
503;72À;3;18;62;407,4219636;471;1
504;83Á;3;18;74;1083,367858;1253;1
505;84À;3;18;#Í/Ä;708,5339586;819;1
506;762À;3;18;62;1265,081324;1463;1
507;86À;3;18;12;165,1422672;191;1
508;87À;3;18;11;154,8049531;179;1
509;90À;3;18;11;606,0010689;701;1
510;327;3;18;11;268,9780221;311;1
511;115;3;18;11;424,5280272;491;1
512;125;3;18;12;660,5681958;764;1
513;3ÌÁ;3;18;6;1106,685016;1279;1
514;305;3;18;61;507,4289802;587;1
515;253;3;18;6;847,7561172;981;1
516;152;3;18;5;865,3363614;1000;1
517;257;3;18;6;1246,834836;1442;1
518;263;3;18;5;1613,405006;1866;1
519;267;3;18;5;420,985044;487;1
520;268;3;18;5;121,8989979;141;1
521;274;3;18;2;192,8100816;223;1
522;278;3;18;6;137,5963236;159;1
523;280;3;18;8;1838,459692;2126;1
524;281À;3;18;8;947,5796043;1096;1
525;284;3;18;61;1563,299782;1808;1
526;285;3;18;61;393,3620145;455;1
527;291;3;18;12;1298,523509;1502;1
528;134;3;18;61;468,5289732;542;1
529;286;3;18;61;2406,466229;2783;1
530;289;3;18;12;1209,545603;1399;1
531;288;3;18;12;335,4383772;388;1
532;296;3;18;13;242,116074;280;1
533;300;3;18;5;718,655046;820;1
534;898;3;18;74;223,8481911;259;1
535;15ÌÀ;3;18;6;580,6067702;671;1
536;8ÌÀ;3;18;6;298,387908;345;1
537;55Á;3;18;9;2019,902816;2336;1
538;726;3;18;62;201,6463084;233;1
539;79À;3;18;62;178,2430897;206;1
540;57À;3;18;9;2260,795861;2614;1
541;56À;3;18;9;2044,93836;2362;1
542;740;3;18;62;906,3081801;1048;1
543;1133;3;18;8;420,4141802;486;1
544;282;3;18;9;295,729623;342;1
545;465;3;18;8;746,3813277;863;1
546;502;3;18;8;783,7562454;906;1
547;522;3;18;8;1353,14294;1564;1
548;583;3;18;9;1317,271816;1523;1
549;375;3;18;6;1546,847757;1789;1
550;1033;3;18;6;155,1125382;179;1
551;386;3;18;6;1238,562988;1425;1
552;409;3;18;6;1907,550455;2196;1
553;408;3;18;6;127,257459;147;1
554;436;3;18;2;1,7306948;2;1
555;258;3;18;5;8,38632;10;1
556;511;3;18;2;5,1949105;6;1
557;574;3;18;8;990,8806662;1146;1
558;748;3;18;11;734,6781972;849;1
559;69Á;3;18;62;572,5265349;657;1
560;713;3;18;74;8,66134;10;1
561;79Á;3;18;62;1210,89763;1397;1
562;744;3;18;62;433,4001679;501;1
563;759;3;18;#Í/Ä;494,0000577;571;1
564;750;3;18;11;6,0739504;7;1
565;85Â;3;18;62;643,1746772;743;1
566;773;3;18;12;568,9721033;658;1
567;765;3;18;62;636,2954784;736;1
568;1187;3;18;9;1003,588238;1160;1
569;647;3;18;79;254,4069951;294;1
570;388;3;18;6;82,299336;95;1
571;440;3;18;6;8,646192;10;1
572;424;3;18;6;125,3571255;145;1
573;33Á;3;18;8;805,5833745;919;1
574;243À;3;18;8;1125,78995;1302;1
575;608;3;18;9;1434,451159;1648;1
576;606;3;18;79;1126,61821;1303;1
577;651;3;18;9;491,153292;568;1
578;671;3;18;79;952,1278097;1101;1
579;772;3;18;12;1038,43481;1201;1
580;607À;3;18;79;256,7705582;293;1
581;1006;3;18;6;683,8447329;791;1
582;349;3;18;6;597,0794499;683;1
583;340;3;18;5;3896,567297;4446;1
584;303;3;18;5;624,070848;712;1
585;300À;3;18;5;168,288768;192;1
586;341;3;18;5;426,7589328;491;1
587;48Á;3;18;9;686,4535188;794;1
588;85Á;3;18;62;257,6044908;298;1
589;78À;3;18;62;698,5801872;808;1
590;318;3;18;13;793,6666972;920;1
591;336;3;18;11;422,7560991;489;1
592;337À;3;18;11;973,3546399;1126;1
593;613;3;18;9;980,4245678;1133;1
594;67À;3;18;74;420,1625034;486;1
595;308À;3;18;11;24,1514364;28;1
596;324;3;18;13;234,2644866;271;1
597;254;3;18;5;432,0728415;493;1
598;273;3;18;5;222,330402;257;1
599;53Â;3;18;9;330,5189349;382;1
600;123À;3;18;12;1443,947936;1670;1
601;111À;3;18;12;1443,956705;1672;1
602;124À;3;18;12;500,5648431;579;1
603;517À;3;18;8;1410,7116;1631;1
604;325;3;18;13;8,645319;10;1
605;325À;3;18;13;818,7660972;947;1
606;1672;3;18;61;0,8643573;1;1
607;387;3;18;6;953,6749776;1103;1
608;675;3;18;9;623,1843148;719;1
609;704;3;18;62;1015,064949;1174;1
610;89À;3;18;11;689,9884543;798;1
611;114À;3;18;61;1375,73052;1591;1
612;285À;3;18;61;387,127552;448;1
613;333;3;18;13;17,290638;20;1
614;308;3;18;11;144,4059855;167;1
615;312;3;18;11;152,1288204;176;1
616;327À;3;18;11;937,0614384;1084;1
617;350;3;18;6;921,509766;1063;1
618;256Á;3;18;5;1639,833233;1883;1
619;267À;3;18;5;687,3028605;795;1
620;271À;3;18;5;611,2446321;703;1
621;479À;3;18;6;708,9564906;820;1
622;463À;3;18;6;685,3934485;792;1
623;272À;3;18;2;509,4123489;589;1
624;500À;3;18;8;278,5109642;322;1
625;849;3;18;2;816,9826455;945;1
626;573À;3;18;8;924,0014865;1058;1
627;571À;3;18;8;718,5917916;831;1
628;639;3;18;9;2760,02892;3190;1
629;885;3;18;2;575,7668091;666;1
630;621;3;18;2;1043,520908;1207;1
631;276;3;18;74;8,647065;10;1
632;82À;3;18;74;414,1525968;479;1
633;762;3;18;62;658,8114579;762;1
634;83À;3;18;74;1395,354487;1614;1
635;88À;3;18;11;737,4046797;853;1
636;87Á;3;18;11;542,1162384;627;1
637;108À;3;18;74;296,4745539;343;1
638;109À;3;18;12;467,7589872;541;1
639;115À;3;18;11;1756,840303;2032;1
640;93À;3;18;11;508,3447572;588;1
641;126À;3;18;12;1293,518591;1496;1
642;127À;3;18;61;932,881689;1079;1
643;128À;3;18;61;1118,704279;1294;1
644;289À;3;18;12;442,5956352;512;1
645;291À;3;18;12;434,8156338;503;1
646;296À;3;18;13;1143,823282;1323;1
647;297À;3;18;13;779,8306464;902;1
648;680;3;18;9;652,7130627;756;1
649;254À;3;18;5;627,8282971;720;1
650;273À;3;18;5;428,8539168;496;1
651;282À;3;18;9;1359,23708;1572;1
652;43Á;3;18;9;490,2390864;567;1
653;309À;3;18;9;645,8053293;747;1
654;53Á;3;18;9;408,2614182;472;1
655;324À;3;18;13;461,6686773;534;1
656;514;3;18;8;121,046688;140;1
657;113À;3;18;61;173,9547657;201;1
658;288À;3;18;12;413,1627894;478;1
659;448;3;18;6;688,381575;796;1
660;0;3;20;35;12,68406;15;1
661;68;3;20;35;614,1829857;726;1
662;48.2;3;20;35;178,0154334;211;1
663;48.1;3;20;35;507,150999;600;1
664;47.1;3;20;35;320,3790645;379;1
665;28;3;20;35;464,8941465;551;1
666;39;3;20;35;426,6168117;504;1
667;1;3;20;35;128,1821049;152;1
668;16;3;20;35;359,4476673;426;1
669;47.2;3;20;35;329,5606599;390;1
670;90;3;20;35;1275,986466;1509;1
671;38;3;20;35;1052,803893;1246;1
672;43;3;20;35;408,9680544;484;1
673;18;3;20;35;1144,976173;1353;1
674;44;3;20;35;766,0320693;906;1
675;42;3;20;35;1573,093337;1859;1
676;36;3;20;35;289,3368228;342;1
677;59;3;20;35;425,1287694;504;1
678;30;3;20;35;455,2726842;539;1
679;11;3;20;99;963,107298;1143;1
680;75;3;20;35;292,5966432;346;1
681;77;3;20;99;438,0283905;518;1
682;65;3;20;35;52,3537548;62;1
683;2;3;20;35;546,0256053;646;1
684;3;3;20;35;37,8944358;45;1
685;5;3;20;35;61,8727428;73;1
686;8;3;20;35;53,957346;64;1
687;67;3;20;35;480,8820051;569;1
688;7;3;20;35;1088,727469;1295;1
689;4;3;20;35;25,2838992;30;1
690;15;3;20;35;110,3969982;131;1
691;19.2;3;20;35;741,8786985;882;1
692;19.1;3;20;35;219,5648142;260;1
693;14;3;20;99;401,1341616;476;1
694;35;3;20;35;772,8177018;917;1
695;3À;3;20;35;0,8407647;1;1
696;17;3;20;35;716,111591;851;1
697;6.1;3;20;35;267,7113495;318;1
698;55;3;20;99;910,231578;1077;1
699;12.1;3;20;35;657,6853212;781;1
700;12.2;3;20;35;1893,791206;2198;1
701;21.1;3;20;35;1118,986839;1328;1
702;34;3;20;35;579,8278611;687;1
703;6.2;3;20;35;371,9218545;442;1
704;79;3;20;99;630,0058836;747;1
705;78;3;20;35;847,9219398;1004;1
706;4;4;21;17;2038,324271;2359;1
707;5;4;21;17;976,6580672;1131;1
708;0;4;21;17;468,4870858;543;1
709;11;4;21;17;704,9832233;817;1
710;24;4;21;18;1293,377899;1493;1
711;43;4;21;18;944,7001528;1095;1
712;14;4;21;17;882,4885332;1023;1
713;12;4;21;17;88,9554765;103;1
714;1;4;21;17;297,167702;343;1
715;17;4;21;17;1648,986422;1910;1
716;16;4;21;17;1344,625037;1559;1
717;2;4;21;17;229,2755102;265;1
718;6À;4;21;17;1170,933567;1342;1
719;6;4;21;17;1402,673201;1609;1
720;7;4;21;17;725,3850629;835;1
721;42;4;21;18;759,045144;880;1
722;45;4;21;18;608,6607267;705;1
723;38;4;21;18;467,6563589;542;1
724;3;4;21;17;41,39033808;48;1
725;40;4;21;18;1481,862602;1718;1
726;46;4;21;18;1143,891573;1326;1
727;22;4;21;18;1014,611612;1176;1
728;26;4;21;18;1145,571978;1327;1
729;28;4;21;17;832,3010693;965;1
730;33;4;21;17;1100,571595;1276;1
731;15;4;21;17;655,7457036;760;1
732;10;4;21;17;449,6795316;521;1
733;13;4;21;17;824,765578;956;1
734;9;4;21;17;66,463397;77;1
735;30;4;21;17;749,767448;869;1
736;31;4;21;17;176,840872;205;1
737;32;4;21;17;384,7602151;445;1
738;36;4;21;18;1124,984645;1304;1
739;44;4;21;18;1769,370565;2051;1
740;20;4;21;18;784,2828045;909;1
741;25;4;21;18;817,8151722;948;1
742;54;4;21;17;136,5050892;155;1
743;82;4;21;18;2400,733449;2770;1
744;83;4;21;18;594,7828328;698;1
745;71;4;21;17;170,705092;194;1
746;67;4;21;17;365,4216913;415;1
747;63;4;21;17;190,106368;217;1
748;61;4;21;17;1143,153756;1302;1
749;604;2;22;80;1371,773674;1555;1
750;0;2;22;80;20,63892386;24,524;1
751;169;2;22;80;2050,807074;2387;1
752;114;2;22;80;554,8515135;666,166;1
753;146À;2;22;80;177,8938;200;1
754;28;2;22;80;0,8495058;1;1
755;35;2;22;80;0,8563144;1;1
756;129;2;22;80;40,89341229;49,111;1
757;7;2;22;84;400,7091675;481;1
758;37;2;22;80;4,1650525;5;1
759;10;2;22;80;421,6492265;506;1
760;14;2;22;80;384,9404045;451;1
761;98;2;22;80;156,7608804;188;1
762;2;2;22;80;409,6756572;492;1
763;70;2;22;84;279,030344;335;1
764;59;2;22;84;32,3040432;38;1
765;76;2;22;84;270,4261809;322;1
766;123;2;22;84;84,49202256;99;1
767;203;2;22;84;1,6655164;2;1
768;201;2;22;84;308,2457901;370;1
769;204;2;22;84;708,3161028;850;1
770;170;2;22;80;608,3655999;730;1
771;47;2;22;80;975,0787289;1150;1
772;206;2;22;80;1527,91678;1832;1
773;207;2;22;80;609,3164392;728;1
774;214;2;22;84;554,036786;658;1
775;176;2;22;84;181,946103;214;1
776;90;2;22;80;276,587592;311;1
777;157;2;22;84;463,7048805;553;1
778;105;2;22;84;548,283871;656;1
779;111À;2;22;80;4,1650525;5;1
780;15;2;22;80;47,226011;55;1
781;150;2;22;80;141,5275178;160;1
782;145;2;22;80;1148,668433;1330;1
783;3;2;22;80;1822,329941;2185;1
784;132;2;22;80;639,5960669;768;1
785;144;2;22;80;1296,468032;1557;1
786;126;2;22;84;171,7470612;202;1
787;16;2;22;80;211,1665658;246;1
788;49;2;22;80;320,0835579;375;1
789;52;2;22;80;156,9465001;184;1
790;196;2;22;80;626,9601294;750;1
791;80;2;22;80;156,566124;184;1
792;116;2;22;84;193,1775846;227;1
793;85;2;22;80;26,4226248;31;1
794;87;2;22;80;991,5737506;1186;1
795;99;2;22;84;12,795354;15;1
796;198;2;22;84;101,1421554;119;1
797;154;2;22;84;385,1928396;461;1
798;50;2;22;80;101,6567998;118;1
799;165;2;22;84;503,2419678;592;1
800;162;2;22;84;68,1149898;80;1
801;83;2;22;80;120,739476;142;1
802;54À;2;22;80;211,5069684;246;1
803;111Á;2;22;80;931,4110376;1113;1
804;17;2;22;80;279,8189394;329;1
805;115;2;22;80;6,8372304;8;1
806;79;2;22;80;34,878987;41;1
807;119À;2;22;84;618,9954716;737;1
808;119;2;22;84;167,377353;197;1
809;211;2;22;84;99,6278712;117;1
810;175À;2;22;84;86,2591522;102;1
811;102;2;22;84;127,4768352;150;1
812;152;2;22;84;102,4189143;123;1
813;88;2;22;84;407,3097365;487;1
814;151;2;22;84;42,57396;50;1
815;78;2;22;80;687,1660696;824;1
816;161;2;22;84;288,6287196;346;1
817;192;2;22;80;307,3198348;359;1
818;15À;2;22;80;468,4991201;546;1
819;199;2;22;80;800,162515;954;1
820;153;2;22;84;241,2086254;281;1
821;186;2;22;84;52,26704525;61;1
822;193;2;22;80;45,4940976;53;1
823;199Á;2;22;80;181,0363387;211;1
824;183;2;22;84;53,002578;62;1
825;251;2;22;80;2011,170853;2345;1
826;249;2;22;80;370,6249644;432;1
827;248;2;22;80;1990,294546;2320;1
828;244;2;22;80;213,4481294;248;1
829;247;2;22;80;427,811235;499;1
830;246;2;22;80;2008,274438;2341;1
831;245;2;22;80;938,5627462;1094;1
832;250;2;22;80;138,9171384;162;1
833;638;2;22;80;1451,312946;1692;1
834;640;2;22;80;2045,756823;2385;1
835;631;2;22;80;1552,810744;1809;1
836;636;2;22;80;874,1495796;1016;1
837;635;2;22;80;327,0313904;380;1
838;613;2;22;84;563,8572654;660;1
839;617;2;22;84;840,219289;987;1
840;615;2;22;84;171,0042048;201;1
841;601;2;22;84;767,7819513;920;1
842;100;1;23;81;1720,424573;1992;1
843;99;1;23;81;239,9431727;277;1
844;111;1;23;81;1016,472969;1177;1
845;103;1;23;82;491,2116709;568;1
846;98;1;23;81;191,9517055;221;1
847;101;1;23;81;1610,281573;1864;1
848;104;1;23;81;873,3517555;1011;1
849;102;1;23;81;1255,577474;1453;1
850;108;1;23;81;1169,409626;1353;1
851;105;1;23;81;508,211583;588;1
852;109;1;23;81;790,3751074;915;1
853;106;1;23;82;219,4414261;253;1
854;140;1;23;81;269,9427591;311;1
855;141;1;23;81;745,2995787;861;1
856;142ÁÈÑ;1;23;83;1125,213964;1302;1
857;152ÁÈÑ;1;23;83;1617,842434;1874;1
858;143Á;1;23;83;641,01441;742;1
859;149À;1;23;83;139,1730379;161;1
860;149Á;1;23;83;248,0738802;287;1
861;148;1;23;83;687,9600309;797;1
862;144;1;23;83;746,3464349;862;1
863;143ÁÈÑ;1;23;83;464,4527267;537;1
864;147;1;23;83;526,0060919;608;1
865;418;1;23;83;355,4917094;410;1
866;138;1;23;82;262,8039127;303;1
867;0;1;23;81;163,6837188;189,4;1
868;201À;1;23;41;1700,628001;1970;1
869;416;1;23;81;592,4500162;685;1
870;356À;1;23;37;522,8248961;602;1
871;357Á;1;23;37;331,2023147;381;1
872;357À;1;23;37;253,9657298;293;1
873;353À;1;23;37;497,6426358;575;1
874;353Á;1;23;37;126,6820531;146;1
875;362;1;23;37;263,9975669;303;1
876;232.1;1;23;37;262,8083532;302;1
877;351Á;1;23;37;210,7112774;242;1
878;376;1;23;37;118,912713;137;1
879;373.2;1;23;37;118,1188496;136;1
880;107;1;23;82;515,6376928;596;1
881;121;1;23;81;67,5995003;78;1
882;120;1;23;81;724,6980483;839;1
883;110;1;23;81;1119,575352;1298;1
884;119;1;23;81;286,9553988;332;1
885;113;1;23;81;642,2136958;743;1
886;115;1;23;81;257,9945289;298;1
887;116;1;23;81;342,6907559;396;1
888;181.1;1;23;83;225,9763814;260;1
889;118;1;23;81;341,2225915;396;1
890;117;1;23;81;269,6399536;312;1
891;114;1;23;81;149,9873657;173;1
892;232.2;1;23;37;15,56028377;18;1
893;303;1;23;84;185,2588947;214;1
894;351À;1;23;37;189,3044113;218;1
895;229.1;1;23;37;296,2994478;341;1
896;228;1;23;37;70,24272547;81;1
897;223;1;23;37;458,6309267;528;1
898;123;1;23;82;21,70044122;25;1
899;122;1;23;82;156,201165;180;1
900;112;1;23;81;470,6081889;546;1
901;142;1;23;83;576,8520156;667;1
902;143À;1;23;83;211,7392379;245;1
903;149ÁÈÑ;1;23;83;586,8377116;678;1
904;128;1;23;82;205,2691125;237;1
905;154;1;23;83;864,484642;998;1
906;292;1;23;44;404,0080067;467;1
907;292ÁÈÑ;1;23;44;262,0672582;303;1
908;295;1;23;44;216,1605233;250;1
909;96;1;23;82;431,9124277;497;1
910;124;1;23;82;819,4970371;947;1
911;179.1;1;23;83;158,5100196;182;1
912;179.2;1;23;83;86,18324417;99;1
913;178.1;1;23;83;236,2514351;271;1
914;181.2;1;23;83;107,0561551;123;1
915;177;1;23;83;275,48283;316;1
916;178.2;1;23;83;152,584179;175;1
917;137;1;23;82;565,9125768;654;1
918;146;1;23;83;468,6760475;543;1
919;163;1;23;83;190,0150594;218;1
920;161;1;23;83;160,3515231;184;1
921;160.1;1;23;83;170,418995;196;1
922;164;1;23;83;173,3962954;199;1
923;158;1;23;83;284,61975;328;1
924;172;1;23;83;316,6645908;364;1
925;162.1;1;23;83;277,7872117;319;1
926;160.2;1;23;83;238,1538323;274;1
927;156;1;23;83;464,8493925;537;1
928;152;1;23;83;804,2757573;930;1
929;150ÁÈÑ;1;23;83;820,7739851;948;1
930;150Á;1;23;83;308,8839601;357;1
931;283À;1;23;44;859,8823912;995;1
932;283ÁÈÑ;1;23;44;1242,342989;1438;1
933;155;1;23;83;309,095762;356;1
934;153;1;23;83;1236,320201;1431;1
935;284À;1;23;44;362,6127363;419;1
936;192;1;23;83;207,768341;240;1
937;150À;1;23;83;295,2553688;341;1
938;284ÁÈÑ;1;23;44;907,8796713;1050;1
939;136;1;23;83;622,941338;719;1
940;151À;1;23;83;144,3672488;167;1
941;281Ã;1;23;44;1881,931886;2180;1
942;301;1;23;84;645,4633919;746;1
943;151ÁÈÑ;1;23;83;520,982729;602;1
944;151Á;1;23;83;93,32500765;108;1
945;281Á;1;23;44;308,3635012;357;1
946;282Á;1;23;44;538,9492039;623;1
947;299;1;23;44;322,9425942;374;1
948;298;1;23;44;489,9225197;568;1
949;285;1;23;44;364,1662547;421;1
950;281À;1;23;44;773,3534794;896;1
951;282À;1;23;44;382,4396986;443;1
952;296;1;23;44;885,0606835;1023;1
953;288À;1;23;44;267,3945;309;1
954;306;1;23;84;1342,438012;1554;1
955;282ÁÈÑ;1;23;44;1453,09632;1684;1
956;280Á;1;23;44;730,3631962;843;1
957;280À;1;23;44;515,6416285;597;1
958;281Â;1;23;44;1386,28271;1607;1
959;287À;1;23;44;408,6736182;474;1
960;288Á;1;23;44;331,5584595;384;1
961;297;1;23;44;773,4960169;897;1
962;271;1;23;44;373,031099;432;1
963;280ÁÈÑ;1;23;44;1553,179973;1801;1
964;287Á;1;23;44;1087,590644;1262;1
965;286;1;23;44;849,3649589;984;1
966;243ÁÈÑ;1;23;41;2997,225916;3474;1
967;286ÁÈÑ;1;23;44;1870,201189;2166;1
968;289ÁÈÑ;1;23;44;454,8953075;527;1
969;302;1;23;84;342,8363863;395;1
970;243Á;1;23;41;527,7213395;611;1
971;289;1;23;44;711,998169;826;1
972;252;1;23;41;660,9604765;764;1
973;304;1;23;84;210,0998111;242;1
974;245À;1;23;41;753,2961793;874;1
975;244À;1;23;41;306,3216013;354;1
976;243À;1;23;41;166,4821302;193;1
977;245Á;1;23;41;660,3649521;765;1
978;245ÁÈÑ;1;23;41;2069,876231;2396;1
979;290ÁÈÑ;1;23;44;2115,564605;2455;1
980;250;1;23;#Í/Ä;545,690869;632;1
981;349;1;23;41;344,7320865;397;1
982;242ÁÈÑ;1;23;41;2262,796494;2619;1
983;291;1;23;44;1357,769275;1575;1
984;291ÁÈÑ;1;23;44;1927,614373;2238;1
985;249À;1;23;#Í/Ä;936,144882;1086;1
986;244Á;1;23;41;174,568762;202;1
987;247;1;23;41;1279,497519;1478;1
988;242;1;23;41;824,2561889;956;1
989;290;1;23;44;884,1022714;1026;1
990;249Á;1;23;#Í/Ä;251,5396078;290;1
991;346;1;23;41;400,4113948;462;1
992;256Á;1;23;41;265,2447487;306;1
993;253;1;23;41;1926,036617;2231;1
994;241ÁÈÑ;1;23;41;2483,255953;2879;1
995;239ÁÈÑ;1;23;#Í/Ä;1284,24309;1489;1
996;240;1;23;41;431,9753085;500;1
997;240Â;1;23;41;1978,407942;2295;1
998;240ÁÈÑ;1;23;41;299,5182023;347;1
999;241;1;23;#Í/Ä;1179,504363;1366;1
1000;248;1;23;41;788,6628488;915;1
1001;251;1;23;41;1387,885107;1611;1
1002;251ÁÈÑ;1;23;41;2116,662908;2455;1
1003;347;1;23;41;180,2133069;208;1
1004;259;1;23;41;224,529249;259;1
1005;256À;1;23;41;429,1936873;495;1
1006;239;1;23;#Í/Ä;320,404383;370;1
1007;255;1;23;41;1620,342834;1877;1
1008;238ÁÈÑ;1;23;#Í/Ä;1499,556682;1740;1
1009;238;1;23;#Í/Ä;215,6403177;250;1
1010;311;1;23;41;200,5027189;232;1
1011;319;1;23;41;102,2015258;118;1
1012;258;1;23;41;257,338708;297;1
1013;257À;1;23;41;398,9291358;460;1
1014;254;1;23;41;524,4057655;606;1
1015;220;1;23;38;488,1883977;564;1
1016;257Á;1;23;41;125,848033;145;1
1017;345;1;23;41;763,182134;882;1
1018;221;1;23;38;435,899493;503;1
1019;344;1;23;41;279,9992853;323;1
1020;209;1;23;38;1271,640504;1475;1
1021;211ÁÈÑ;1;23;38;1582,955865;1837;1
1022;339.1;1;23;41;346,4914505;400;1
1023;216;1;23;38;446,7076406;517;1
1024;216ÁÈÑ;1;23;38;619,5488261;718;1
1025;340;1;23;38;76,15595418;88;1
1026;214;1;23;38;730,800348;848;1
1027;214ÁÈÑ;1;23;38;1735,900734;2014;1
1028;217ÁÈÑ;1;23;37;2724,336444;3162;1
1029;215ÁÈÑ;1;23;38;199,50231;231;1
1030;217;1;23;37;1289,794488;1497;1
1031;215;1;23;38;320,9832572;371;1
1032;235.1;1;23;38;367,8008031;424;1
1033;218ÁÈÑ;1;23;38;244,651308;283;1
1034;218;1;23;38;528,9555078;613;1
1035;219;1;23;38;304,0246109;351;1
1036;224;1;23;37;153,4216591;177;1
1037;225;1;23;37;513,1884796;592;1
1038;222;1;23;37;269,645975;311;1
1039;205Á;1;23;38;313,5735112;364;1
1040;201Á;1;23;41;1321,037878;1533;1
1041;209ÁÈÑ;1;23;38;375,7716778;436;1
1042;202;1;23;41;1295,910389;1499;1
1043;203Á;1;23;41;667,5007652;773;1
1044;203À;1;23;41;1377,862349;1598;1
1045;212ÁÈÑ;1;23;38;2040,192804;2368;1
1046;204;1;23;41;2416,008048;2804;1
1047;213Á;1;23;38;6681,405207;7755;1
1048;208;1;23;41;3280,936962;3808;1
1049;213À;1;23;38;2628,816795;3051;1
1050;212Á;1;23;38;1818,62211;2111;1
1051;212À;1;23;38;1550,667653;1800;1
1052;210;1;23;38;3061,035787;3553;1
1053;210ÁÈÑ;1;23;38;1870,333134;2171;1
1054;211;1;23;38;636,712458;739;1
1055;205À;1;23;38;1176,336633;1365;1
1056;207;1;23;38;2336,83563;2712;1
1057;205ÁÈÑ;1;23;38;751,9904333;871;1
1058;356Á;1;23;37;232,3905415;268;1
1059;233.2;1;23;37;53,83784486;62;1
1060;237;1;23;37;60,79605161;70;1
1061;354À;1;23;37;108,5488238;125;1
1062;354Á;1;23;37;54,82439019;63;1
1063;338.2;1;23;41;155,4166195;179;1
1064;341;1;23;41;692,0530157;798;1
1065;343;1;23;41;434,5587716;501;1
1066;415;1;23;82;1277,703181;1479;1
1067;371;1;23;37;246,7441503;284;1
1068;373.1;1;23;37;125,8785087;145;1
1069;126;1;23;82;337,0940342;389;1
1070;139;1;23;83;305,4190067;353;1
1071;125;1;23;82;50,09150077;58;1
1072;410;1;23;82;242,0112415;279;1
1073;339.2;1;23;41;173,449401;200;1
1074;145;1;23;83;100,3307426;116;1
1075;229.2;1;23;37;434,3587933;500;1
1076;281Ó;1;23;44;963,019215;1112;1
1077;95;1;23;37;206,1050208;239;1
1078;529;1;23;37;418,6948169;484;1
1079;77;1;23;37;140,1047154;162;1
1080;377;1;23;37;163,3054146;188;1
1081;386;1;23;37;138,2389325;159;1
1082;127;1;23;82;420,7954091;485;1
1083;414;1;23;82;754,4878215;871;1
1084;413.1;1;23;82;516,5471931;595;1
1085;275;1;23;44;247,7934252;286;1
1086;71.2;1;23;37;137,0871703;158;1
1087;75;1;23;37;178,9488927;207;1
1088;78;1;23;37;128,9964158;149;1
1089;83.1;1;23;37;85,21541195;99;1
1090;83.2;1;23;37;241,0441618;280;1
1091;55.2;1;23;37;59,7496592;69;1
1092;518.2;1;23;37;208,0968178;240;1
1093;51.2;1;23;37;23,39806064;27;1
1094;87.2;1;23;37;364,8854363;421;1
1095;51.1;1;23;37;209,1666747;241;1
1096;55.1;1;23;37;130,9665483;151;1
1097;64;1;23;37;124,263927;143;1
1098;525;1;23;37;411,1066263;473;1
1099;40.2;1;23;37;132,986286;153;1
1100;390.2;1;23;37;580,4160525;669;1
1101;512.1;1;23;37;228,0092628;263;1
1102;518.1;1;23;37;189,7622584;219;1
1103;47.2;1;23;37;163,7880608;189;1
1104;46;1;23;37;137,1854605;158;1
1105;390.1;1;23;37;343,1025774;396;1
1106;511.2;1;23;37;223,918617;258;1
1107;523;1;23;37;218,7816844;252;1
1108;513.2;1;23;37;378,3607629;437;1
1109;67;1;23;37;137,1235085;158;1
1110;47.1;1;23;37;117,0685195;135;1
1111;511.1;1;23;37;351,3960013;405;1
1112;506;1;23;37;241,5039394;278;1
1113;380;1;23;37;410,2489532;473;1
1114;41.2;1;23;37;195,5316942;225;1
1115;42.2;1;23;37;136,4063188;157;1
1116;76;1;23;37;301,6280739;348;1
1117;53.1;1;23;37;485,9472952;561;1
1118;370.2;1;23;37;89,50015253;103;1
1119;41.1;1;23;37;180,0583017;208;1
1120;72.1;1;23;37;132,5691954;153;1
1121;42.1;1;23;37;225,914306;260;1
1122;45.2;1;23;37;140,7045837;162;1
1123;370.1;1;23;37;123,3993415;142;1
1124;383.1;1;23;37;206,4780239;238;1
1125;352;1;23;37;404,725914;466;1
1126;71.1;1;23;37;149,3486757;172;1
1127;382.1;1;23;37;261,0678477;301;1
1128;45.1;1;23;37;90,36106105;104;1
1129;382.2;1;23;37;266,0651191;307;1
1130;72.2;1;23;37;83,38087967;96;1
1131;358.1;1;23;37;237,6204019;273;1
1132;517;1;23;37;215,3235342;248;1
1133;200;1;23;83;2,604393;3;1
1134;38;1;23;37;207,4944238;239;1
1135;62.1;1;23;37;122,3449569;141;1
1136;63.1;1;23;37;121,5961194;140;1
1137;63.2;1;23;37;81,61363363;94;1
1138;34.1;1;23;37;209,3749074;241;1
1139;39.1;1;23;37;179,8476506;207;1
1140;364.2;1;23;37;110,3167323;127;1
1141;40.1;1;23;37;109,4787968;126;1
1142;62.2;1;23;37;157,9003438;182;1
1143;364.1;1;23;37;256,1518367;294;1
1144;520;1;23;37;358,9822661;414;1
1145;39.2;1;23;37;339,8104994;391;1
1146;35.1;1;23;37;154,2208725;178;1
1147;34.2;1;23;37;219,5468893;253;1
1148;355;1;23;37;402,6254211;462;1
1149;360;1;23;37;457,8680908;527;1
1150;32.1;1;23;37;290,1932553;334;1
1151;35.2;1;23;37;320,3642249;369;1
1152;334;1;23;38;354,6764359;408;1
1153;41Ó;1;23;37;83,42604;96;1
1154;32.2;1;23;37;237,9012615;274;1
1155;521;1;23;37;435,391181;501;1
1156;59;1;23;37;366,84768;422;1
1157;522;1;23;37;531,9598001;612;1
1158;336;1;23;41;523,8989953;604;1
1159;30;1;23;37;262,504926;302;1
1160;233.1;1;23;37;101,541869;117;1
1161;235.2;1;23;38;291,6967411;336;1
1162;330.2;1;23;38;505,1639328;582;1
1163;184;1;23;83;430,1344487;494;1
1164;185.2;1;23;83;398,914479;458;1
1165;330.1;1;23;38;150,957186;174;1
1166;185.1;1;23;83;536,4284697;617;1
1167;226.2;1;23;38;179,6621125;207;1
1168;182;1;23;83;99,89017378;115;1
1169;183;1;23;83;206,8232337;238;1
1170;226.1;1;23;38;60,53935893;70;1
1171;262.1;1;23;38;166,6694161;192;1
1172;337;1;23;41;382,5209026;441;1
1173;262.2;1;23;38;190,0914344;219;1
1174;273.1;1;23;38;355,1548708;409;1
1175;273.2;1;23;38;265,7251794;306;1
1176;316;1;23;41;643,5841104;752;1
1177;265;1;23;#Í/Ä;401,8888783;464;1
1178;31.1;1;23;37;334,553541;385;1
1179;29;1;23;37;310,774092;358;1
1180;300;1;23;#Í/Ä;156,4600422;181;1
1181;157;1;23;83;140,5189027;162;1
1182;270;1;23;44;229,0765169;265;1
1183;195;1;23;83;143,680959;165;1
1184;176;1;23;83;151,7308138;174;1
1185;315;1;23;84;705,1810305;815;1
1186;305;1;23;84;108,9151591;126;1
1187;196;1;23;83;389,6232548;447;1
1188;169.2;1;23;83;319,888178;368;1
1189;169.1;1;23;83;336,8477089;388;1
1190;170;1;23;83;559,6013867;645;1
1191;272;1;23;44;437,8315095;506;1
1192;412;1;23;44;752,7294438;868;1
1193;171;1;23;83;328,6368513;378;1
1194;162.2;1;23;83;257,3694253;296;1
1195;413.2;1;23;82;217,7425583;251;1
1196;168;1;23;83;275,4901343;318;1
1197;130;1;23;82;583,801059;673;1
1198;401;1;23;82;108,5380131;125;1
1199;400;1;23;82;158,0572434;182;1
1200;403;1;23;82;594,1793781;683;1
1201;85;1;23;37;329,1103765;381;1
1202;516.1;1;23;37;92,53053398;107;1
1203;87.1;1;23;37;284,1714399;328;1
1204;516.2;1;23;37;81,18462357;94;1
1205;86.2;1;23;37;561,5964067;648;1
1206;86.1;1;23;37;363,6532937;420;1
1207;80.2;1;23;37;103,8015028;120;1
1208;513.1;1;23;37;342,344668;395;1
1209;333.2;1;23;38;657,0891532;757;1
1210;333.1;1;23;38;303,2362132;349;1
1211;33;1;23;37;350,2661441;403;1
1212;175;1;23;83;426,4172422;489;1
1213;411;1;23;82;49,19214655;57;1
1214;269;1;23;#Í/Ä;394,0156367;456;1
1215;342;1;23;41;327,2355933;377;1
1216;57.1;1;23;37;205,5576919;237;1
1217;80.1;1;23;37;112,2034551;130;1
1218;338.1;1;23;41;418,9200036;483;1
1219;174;1;23;83;386,3903238;443;1
1220;348.2;1;23;41;244,3919984;283;1
1221;348.1;1;23;41;606,7814099;701;1
1222;39Ó;1;23;37;308,394294;355;1
1223;32Ó;1;23;37;287,499591;331;1
1224;48;1;23;37;299,1614339;345;1
1225;502;2;25;51;148,8504555;175;1
1226;29;2;25;85;173,047041;203;1
1227;31;2;25;85;77,0914662;91;1
1228;36;2;25;85;147,3914835;174;1
1229;56;2;25;85;182,3349915;215;1
1230;101;2;25;49;162,912042;192;1
1231;61;2;25;85;40,798377;48;1
1232;58;2;25;85;272,7004545;322;1
1233;120;2;25;49;318,888495;376;1
1234;124;2;25;49;65,3901435;77;1
1235;200;2;25;49;43,4013867;51;1
1236;501;2;25;51;172,145187;202;1
1237;84;2;25;85;103,3485525;121;1
1238;108;2;25;85;90,1919583;106;1
1239;0;2;25;85;109,9491747;129;1
1240;45;2;25;85;131,342193;155;1
1241;44;2;25;49;247,3707375;292;1
1242;41;2;25;85;136,441242;161;1
1243;59;2;25;85;77,893407;92;1
1244;63;2;25;85;19,5017805;23;1
1245;104;2;25;85;102,7444095;121;1
1246;82;2;25;85;24,5495295;29;1
1247;77;2;25;49;148,9987125;175;1
1248;51;2;25;49;185,4538605;219;1
1249;52;2;25;49;153,411282;181;1
1250;68;2;25;85;532,534527;628;1
1251;69;2;25;85;262,9893645;310;1
1252;37;2;25;85;71,9555175;85;1
1253;70;2;25;85;43,2740295;51;1
1254;78;2;25;85;65,3995485;77;1
1255;43;2;25;49;186,5091015;220;1
1256;40;2;25;49;193,036257;228;1
1257;35;2;25;85;114,3277785;135;1
1258;48;2;25;85;14,424021;17;1
1259;79;2;25;49;34,02045;40;1
1260;47;2;25;85;189,5323815;223;1
1261;49;2;25;85;39,968343;47;1
1262;50;2;25;49;42,39432;50;1
1263;39;2;25;85;16,931394;20;1
1264;62;2;25;85;58,001832;68;1
1265;60;2;25;85;30,475278;36;1
1266;42;2;25;85;58,6380375;69;1
1267;71;2;25;85;16,9350705;20;1
1268;73;2;25;85;71,577693;84;1
1269;74;2;25;85;160,604226;188;1
1270;72;2;25;85;143,3220255;169;1
1271;99;2;25;49;118,7960085;140;1
1272;80;2;25;85;126,263322;149;1
1273;102;2;25;49;81,503046;96;1
1274;105;2;25;85;68,5724535;81;1
1275;100;2;25;49;36,484902;43;1
1276;91;2;25;85;13,5448245;16;1
1277;83;2;25;85;38,389671;45;1
1278;122;2;25;49;102,880098;121;1
1279;118;2;25;85;160,2616275;189;1
1280;116;2;25;85;56,2231755;66;1
1281;114;2;25;85;44,347824;52;1
1282;119;2;25;49;149,625513;176;1
1283;117;2;25;85;52,7946255;62;1
1284;115;2;25;85;379,9068525;448;1
1285;125;2;25;49;26,346654;31;1
1286;123;2;25;49;107,0395815;126;1
1287;121;2;25;49;96,860214;114;1
1288;4;2;25;49;102,930714;121;1
1289;6;2;25;49;510,00579;599;1
1290;7;2;25;85;159,5536875;187;1
1291;607;2;25;53;662,4597285;777;1
1292;604;2;25;53;603,2039535;707;1
1293;5;2;25;49;499,1434425;587;1
1294;20;2;25;85;223,651584;263;1
1295;269;2;25;53;377,410167;442;1
1296;305;2;25;49;369,605214;434;1
1297;26;2;25;49;58,628889;69;1
1298;57;2;25;85;99,782946;117;1
1299;90;2;25;85;175,7328525;207;1
1300;258;2;25;53;345,2316435;405;1
1301;271;2;25;53;513,2625705;603;1
1302;304;2;25;49;194,683842;229;1
1303;25;2;25;49;150,505137;177;1
1304;27;2;25;49;144,76689;170;1
1305;67;2;25;85;214,614063;252;1
1306;89;2;25;85;59,4294255;70;1
1307;302;2;25;49;92,8583865;109;1
1308;93;2;25;49;28,8558225;34;1
1309;112;2;25;49;166,461831;196;1
1310;424;2;25;49;590,79132;693;1
1311;229;2;25;49;424,6130925;499;1
1312;140;2;25;85;45,952317;54;1
1313;129;2;25;51;194,280282;228;1
1314;303;2;25;49;580,227453;683;1
1315;203;2;25;49;157,639428;186;1
1316;131;2;25;51;86,218713;101;1
1317;133.1;2;25;51;136,3125015;160;1
1318;220;2;25;51;749,7054675;883;1
1319;232;2;25;51;247,884849;292;1
1320;228;2;25;51;419,2807332;494;1
1321;223;2;25;51;263,7238095;310;1
1322;238;2;25;51;133,7244795;157;1
1323;234;2;25;53;772,5101985;911;1
1324;236;2;25;51;139,204089;164;1
1325;231;2;25;51;249,1002315;293;1
1326;237;2;25;51;153,0866385;180;1
1327;235;2;25;51;183,0047985;216;1
1328;243;2;25;51;459,9714465;541;1
1329;244;2;25;53;490,5364995;576;1
1330;240;2;25;53;738,138258;870;1
1331;247;2;25;53;388,090998;457;1
1332;248;2;25;53;268,193835;315;1
1333;253;2;25;53;402,5103165;473;1
1334;251;2;25;53;450,1057155;528;1
1335;267;2;25;53;177,907032;209;1
1336;259;2;25;53;281,4765165;330;1
1337;252;2;25;53;484,028496;569;1
1338;273;2;25;53;260,5156785;306;1
1339;268;2;25;53;228,713526;268;1
1340;272;2;25;53;241,5711015;284;1
1341;274;2;25;53;236,7550575;278;1
1342;276;2;25;53;201,9406545;237;1
1343;277;2;25;53;441,8493795;519;1
1344;278;2;25;53;283,9683285;333;1
1345;279;2;25;53;316,826577;373;1
1346;283;2;25;53;320,456223;376;1
1347;282;2;25;53;270,0196875;318;1
1348;285;2;25;53;184,422645;216;1
1349;288;2;25;53;375,0042825;440;1
1350;286;2;25;53;375,501807;441;1
1351;287;2;25;53;276,6609;325;1
1352;292;2;25;53;409,1728185;480;1
1353;293;2;25;53;256,6986165;301;1
1354;614;2;25;53;285,9084945;335;1
1355;296;2;25;53;515,7449775;605;1
1356;298;2;25;53;194,460174;228;1
1357;620;2;25;53;735,2156115;861;1
1358;21Á;2;25;85;120,963861;142;1
1359;22;2;25;85;56,0810745;66;1
1360;18;2;25;49;373,625937;439;1
1361;21À;2;25;85;185,7464415;218;1
1362;64;2;25;85;47,5779693;56;1
1363;8;2;25;85;400,553478;469;1
1364;28;2;25;49;121,679154;143;1
1365;32;2;25;85;292,4254755;345;1
1366;30;2;25;85;109,908882;129;1
1367;86;2;25;49;135,0634095;159;1
1368;94;2;25;49;26,334342;31;1
1369;106;2;25;49;74,8741455;88;1
1370;103;2;25;49;13,631094;16;1
1371;113;2;25;49;85,693401;101;1
1372;132;2;25;49;60,3721485;71;1
1373;126;2;25;49;82,403361;97;1
1374;33;2;25;85;181,3898709;213;1
1375;226;2;25;49;180,434754;212;1
1376;201;2;25;49;84,2428905;99;1
1377;202;2;25;49;112,873338;133;1
1378;137;2;25;51;177,6444615;209;1
1379;138;2;25;85;70,565373;83;1
1380;139;2;25;85;25,400169;30;1
1381;143;2;25;51;135,3125565;159;1
1382;144;2;25;51;56,0932155;66;1
1383;145;2;25;85;58,591269;69;1
1384;154;2;25;85;42,539328;50;1
1385;204;2;25;49;104,621733;123;1
1386;221;2;25;51;44,0206155;52;1
1387;224;2;25;51;159,0123015;187;1
1388;230;2;25;51;151,947864;179;1
1389;241;2;25;51;110,306628;130;1
1390;53;2;25;85;319,7432385;375;1
1391;586;2;25;53;899,0267715;1053;1
1392;308;2;25;53;296,2314225;347;1
1393;613;2;25;53;882,982269;1034;1
1394;34;2;25;85;271,4287275;318;1
1395;133.2;2;25;51;29,88738;35;1
1396;584;2;25;53;738,405702;865;1
1397;585;2;25;53;243,43218;285;1
1398;280;2;25;53;439,795413;517;1
1399;3074.1;2;25;51;313,3938864;369;1
1400;3074.2;2;25;51;360,9390648;425;1
1401;3060;2;25;51;160,3972644;189;1
1402;3076.2;2;25;51;176,5574892;208;1
1403;3076.1;2;25;51;145,0927032;171;1
1404;3077;2;25;51;253,8189792;299;1
1405;3090.2;2;25;51;381,7950876;450;1
1406;3090.1;2;25;51;437,200392;515;1
1407;3087;2;25;51;353,1931068;416;1
1408;3089.2;2;25;51;311,3873412;367;1
1409;3091;2;25;51;545,1213576;643;1
1410;3089.1;2;25;51;407,1621096;480;1
1411;3101.1;2;25;51;602,2747104;711;1
1412;3101.2;2;25;51;488,4717072;577;1
1413;3102.1;2;25;51;479,2716408;565;1
1414;3102.2;2;25;51;436,693452;515;1
1415;3103.2;2;25;51;412,3321308;487;1
1416;3110;2;25;51;502,4803764;593;1
1417;3111.1;2;25;51;268,0823112;316;1
1418;309;2;25;53;138,3631965;162;1
1419;299;2;25;53;1555,844099;1823;1
1420;295.1;2;25;53;813,877407;954;1
1421;233;2;25;53;917,310348;1081;1
1422;222;2;25;51;909,428616;1069;1
1423;245;2;25;53;684,670491;807;1
1424;3078;2;25;51;620,355684;731;1
1425;3092;2;25;51;373,0430028;440;1
1426;3093;2;25;51;520,5279264;615;1
1427;3094;2;25;53;550,2871287;649;1
1428;3095;2;25;53;213,0028377;251;1
1429;3103.1;2;25;51;456,1082316;538;1
1430;3109;2;25;51;693,0387816;819;1
1431;3111.2;2;25;51;197,6474712;233;1
1432;3117;2;25;51;516,532242;611;1
1433;3119.1;2;25;51;368,9469276;435;1
1434;3120.1;2;25;51;294,0109716;347;1
1435;3118;2;25;51;408,7357536;483;1
1436;3119.2;2;25;51;322,029162;380;1
1437;3120.2;2;25;51;250,6565256;296;1
1438;3129.1;2;25;51;388,7324124;459;1
1439;3131.2;2;25;51;197,5364556;233;1
1440;3130.1;2;25;51;350,3097684;413;1
1441;3131.1;2;25;51;258,5088984;305;1
1442;3129.2;2;25;51;470,8655532;556;1
1443;3130.2;2;25;51;409,2384336;482;1
1444;562.2;2;25;85;157,6959432;186;1
1445;562.1;2;25;85;184,8020376;218;1
1446;242;2;25;51;450,227439;530;1
1447;283Ó;2;25;53;198,710208;233;1
1448;286Ó;2;25;53;58,910868;69;1
1449;292Ó;2;25;53;302,7107835;355;1
1450;618;2;25;53;490,7870145;575;1
1451;29;2;13;55;318,6246228;366;1
1452;1;2;13;#Í/Ä;45,6212697;54;1
1453;25;2;13;55;89,19466786;101,5;1
1454;3;2;13;#Í/Ä;38,7344364;46;1
1455;26;2;13;55;91,28213098;104;1
1456;6;2;13;#Í/Ä;6,7655112;8;1
1457;7;2;13;#Í/Ä;15,9971127;19;1
1458;9;2;13;#Í/Ä;90,5567172;107;1
1459;33;2;13;55;336,8486793;384;1
1460;11;2;13;#Í/Ä;101,1619695;116;1
1461;37;2;13;55;471,3968607;539;1
1462;39;2;13;55;253,5166955;289,1;1
1463;4;2;13;#Í/Ä;1,6813596;2;1
1464;49;2;13;55;610,0824382;714;1
1465;30;2;13;55;158,0360058;180;1
1466;23;2;13;55;124,1312505;141,1;1
1467;24;2;13;55;36,83963805;42;1
1468;31;2;13;55;188,4071306;215;1
1469;32;2;13;55;205,984996;235;1
1470;38;2;13;55;221,0746942;252;1
1471;40;2;13;55;417,3214663;478;1
1472;36;2;13;55;678,904756;775;1
1473;120;2;13;#Í/Ä;97,587456;116;1
1474;28;2;13;55;26,286624;30;1
1475;54;2;13;55;1299,152805;1482;1
1476;1Á;2;13;#Í/Ä;329,6446833;384;1
1477;1Ë;2;13;#Í/Ä;21,1533244;24;1
1478;100;2;13;#Í/Ä;426,4954047;507;1
1479;103;2;13;#Í/Ä;135,0578163;160;1
1480;101;2;13;#Í/Ä;467,1922197;555;1
1481;102;2;13;#Í/Ä;305,100036;362;1
1482;156;2;13;55;402,2048664;462;1
1483;3;2;26;54;4,843476;6;1
1484;5;2;26;54;61,194366;76;1
1485;7;2;26;54;0,809514;1;1
1486;0;2;26;54;122,224383;151;1
1487;11;2;26;54;23,429088;29;1
1488;42;2;26;54;0,809595;1;1
1489;43;2;26;54;1,618623;2;1
1490;1;2;26;54;73,884717;92;1
1491;120;2;26;54;11,304279;14;1
1492;102;2;26;54;10,496304;13;1
1493;100;2;26;54;59,632605;74;1
1494;103;2;26;54;24,226371;30;1
1495;82;2;27;56;2217,63887;2671;1
1496;23;2;27;56;63,7973936;73;1
1497;3;2;27;56;1130,582568;1323;1
1498;19À;2;27;56;1097,020815;1295;1
1499;33;2;27;56;674,9505016;794;1
1500;42;2;27;56;395,2193364;461;1
1501;2;2;27;56;334,6230911;403;1
1502;4;2;27;56;586,4680536;670;1
1503;6;2;27;56;225,8800948;261;1
1504;9;2;27;56;1444,858258;1671,3;1
1505;7;2;27;56;225,9693176;258;1
1506;11;2;27;56;530,55912;606;1
1507;12;2;27;56;618,744824;707;1
1508;8;2;27;56;170,9362456;206;1
1509;14;2;27;56;1436,356311;1667;1
1510;13;2;27;56;947,9897544;1083;1
1511;10;2;27;56;929,1934676;1077;1
1512;16;2;27;56;646,8343716;739;1
1513;17;2;27;56;2,4891114;3;1
1514;19;2;27;56;382,7095342;452;1
1515;34;2;27;56;1144,16894;1337;1
1516;35;2;27;56;160,1115456;183;1
1517;36;2;27;56;1115,680123;1286;1
1518;37;2;27;56;595,8276576;685;1
1519;38;2;27;56;963,0269084;1105;1
1520;9À;2;27;56;9,5409128;11;1
1521;21;2;27;56;104,5952712;122;1
1522;40;2;27;56;2,6277784;3;1
1523;5;2;27;56;1,6712888;2;1
1524;39;2;27;56;287,1104704;328;1
1525;19Á;2;27;56;1,6599104;2;1
1526;1À;2;27;56;4,178222;5;1
1527;67;2;27;56;4,17991;5;1
1528;0;2;27;56;38,53282;46;1
1529;251;3;28;86;1468,791041;1695;1
1530;84;3;28;86;2483,264611;2877;1
1531;83;3;28;86;512,5826535;593;1
1532;79;3;28;86;29,87944789;34,7;1
1533;65Á;3;28;86;1197,667584;1387;1
1534;0;3;28;86;1193,37504;1381,798;1
1535;925;3;28;86;8,03868328;9,3;1
1536;928;3;28;86;38,859372;45;1
1537;1;3;28;86;0,8603969;1;1
1538;82;3;28;86;1217,242512;1411,2;1
1539;87;3;28;86;1868,64561;2160,4;1
1540;89;3;28;86;8,80206792;10,2;1
1541;86;3;28;86;448,5422188;521;1
1542;85;3;28;86;0,8603969;1;1
1543;90;3;28;86;6,29565845;7,3;1
1544;93;3;28;86;28,30835349;32,8;1
1545;92;3;28;86;4,64614326;5,4;1
1546;2;4;29;#Í/Ä;2325,13399;2775;1
1547;1;4;29;#Í/Ä;3017,444422;3604;1
1548;18;4;30;23;2066,643545;2410;1
1549;6;4;30;23;1979,03739;2313;1
1550;1;4;30;23;1231,992629;1441;1
1551;9;4;30;23;691,114469;807;1
1552;3;4;30;23;799,3078812;935;1
1553;4;4;30;23;193,9006354;226;1
1554;5;4;30;23;1037,090237;1212;1
1555;3175;4;30;23;687,545582;802;1
1556;11;4;30;23;526,5932394;615;1
1557;13;4;30;23;625,4489165;731;1
1558;20;4;30;23;1976,64212;2311;1
1559;49;4;30;23;1470,831785;1721;1
1560;10;4;30;23;337,5852031;394;1
1561;19;4;30;23;62,328042;72;1
1562;2;4;30;23;187,4692212;219;1
1563;16;4;30;23;88,7613328;103;1
1564;7;4;30;23;95,6452672;111;1
1565;14;4;31;24;616,5373482;710;1
1566;0;4;31;24;221,6950806;255;1
1567;10;4;31;24;112,906064;130;1
1568;13;4;31;24;860,4004871;991;1
1569;16;4;31;24;679,060403;782;1
1570;18;4;31;24;828,448824;954;1
1571;20;4;31;24;785,1267517;904;1
1572;17;4;31;24;686,0432478;790;1
1573;53;4;31;24;628,9822952;724;1
1574;25;4;31;24;471,0182443;547;1
1575;24;4;31;24;307,0245004;356;1
1576;23;4;31;24;262,8384543;304;1
1577;28;4;31;24;691,6104489;797;1
1578;29;4;31;24;922,2614507;1073;1
1579;26;4;31;24;476,5138502;552;1
1580;44;4;31;24;848,1001716;985;1
1581;705;4;31;87;1358,963506;1563;1
1582;0;4;31;87;1,753123;2;1
1583;10;4;32;75;987,7890961;1179;1
1584;7;4;32;75;590,4099573;700;1
1585;5;4;32;75;804,3861133;946;1
1586;4;4;32;75;311,9382916;370;1
1587;3;4;32;75;201,1504045;237;1
1588;6;4;32;75;1924,466712;2277;1
1589;13;4;32;75;647,486639;762;1
1590;38;4;32;75;352,4452779;413;1
1591;26;4;32;75;853,1692957;998;1
1592;24;4;32;75;560,4502332;656;1
1593;1;4;32;75;438,4722468;519;1
1594;2À;4;32;75;145,7518366;173;1
1595;8;4;32;75;257,4168849;306;1
1596;64;4;32;75;446,0268498;523;1
1597;0;3;33;1;18,82224;22;1
1598;6;3;33;1;737,765743;863;1
1599;39;3;33;1;1294,455916;1513;1
1600;43;3;33;1;718,8609222;838;1
1601;10;3;33;1;738,216258;863;1
1602;37;3;33;1;289,825732;337;1
1603;9;3;33;1;632,960098;740;1
1604;2;3;33;1;2182,746554;2533;1
1605;1;3;33;1;1313,669127;1525;1
1606;3;3;33;1;329,47992;385;1
1607;4;3;33;1;2564,141635;2981;1
1608;5;3;33;1;2339,284637;2717;1
1609;34;3;33;1;747,2886988;868;1
1610;40;3;33;1;1588,913572;1853;1
1611;8;3;33;1;692,8109064;805;1
1612;19;3;33;1;1025,72916;1198;1
1613;12;3;33;1;424,4513636;489;1
1614;13;3;33;1;313,151276;361;1
1615;16;3;33;1;723,87216;846;1
1616;33;3;33;1;170,9401832;200;1
1617;11;3;33;1;238,1118738;276;1
1618;20;3;33;1;8,555328;10;1
1619;27;3;33;1;795,4972326;919;1
1620;51;3;33;1;1264,551132;1475;1
1621;46;3;33;1;803,5075584;939;1
1622;50;3;33;1;398,988584;460;1
1623;41;3;33;1;1176,21156;1375;1
1624;48;3;33;1;325,4034848;376;1
1625;38;3;33;1;313,8362906;363;1
1626;25;3;33;1;391,0362048;457;1
1627;44;3;33;1;11,900128;14;1
1628;31;3;33;1;316,0552961;367;1
1629;21;3;33;1;323,3913984;378;1
1630;36;3;33;1;44,2305388;52;1
1631;28;3;33;1;213,0276672;249;1
1632;29;3;33;1;176,0059218;205;1
1633;35;3;33;1;140,8181598;164;1
1634;2;4;34;88;217,7215446;254;1
1635;17;4;34;88;311,1482041;362;1
1636;0;4;34;88;739,8799478;874;1
1637;14;4;34;88;165,8892082;193;1
1638;15;4;34;88;57,78653531;68;1
1639;12;4;34;88;212,1969074;246;1
1640;29;4;34;88;616,277844;728;1
1641;21;4;34;88;163,6851847;192;1
1642;18;4;34;88;38,94847671;45;1
1643;25;4;34;88;193,612964;226;1
1644;5;4;34;88;241,7003126;281;1
1645;6;4;34;88;850,9728771;994;1
1646;1;4;34;88;104,9549172;123;1
1647;7;4;34;88;136,8526488;161;1
1648;8;4;34;88;263,0032189;308;1
1649;10;4;34;88;635,8934102;750;1
1650;19;4;34;88;34,0261701;39;1
1651;20;4;34;88;40,77166302;47;1
1652;34;4;34;88;690,0656265;815;1
1653;38;4;34;88;346,7156641;406;1
1654;24;4;34;88;268,9107722;316;1
1655;33;4;34;88;95,6585115;113;1
1656;28;4;34;88;64,4157;76;1
1657;31;4;34;88;556,8108428;657;1
1658;16;4;34;88;10,27990818;12;1
1659;9;4;34;88;0,86533578;1;1
1660;26;4;34;88;0,8465355;1;1
1661;69;4;34;88;641,4515235;757;1
1662;68;4;34;88;715,507974;843;1
1663;44;4;34;88;499,9090523;577;1
1664;61;4;34;88;612,1778713;711;1
1665;41;4;34;88;2141,793745;2513;1
1666;49.1;4;34;88;446,959872;513;1
1667;43.1;4;34;88;859,927771;987;1
1668;49.2;4;34;88;290,9733675;336;1
1669;47;4;34;88;365,8572198;421;1
1670;42;4;34;88;512,5764648;591;1
1671;48;4;34;88;908,6505045;1043;1
1672;43.2;4;34;88;301,2980247;348;1
1673;45;4;34;88;975,40335;1134;1
1674;46;4;34;88;311,6760943;359;1
1675;59;4;34;88;251,0786478;289;1
1676;53;4;34;88;360,5295986;414;1
1677;52;4;34;88;273,1148153;314;1
1678;58;4;34;88;536,5489488;615;1
1679;67;4;34;88;512,8689285;605;1
1680;32À;3;35;89;2151,292143;2497;1
1681;16À;3;35;89;2723,033236;3158;1
1682;44À;3;35;89;1545,347261;1789,9;1
1683;43À;3;35;89;350,800095;407;1
1684;36À;3;35;89;1604,443748;1834;1
1685;125;3;35;89;677,7965582;789;1
1686;71;3;35;89;1581,541593;1835;1
1687;108À;3;35;90;560,519988;646;1
1688;91À;3;35;90;1235,695288;1432;1
1689;46À;3;35;89;1286,749053;1493;1
1690;45Á;3;35;89;801,363612;930;1
1691;106;3;35;90;2566,723863;2968;1
1692;32ÁÈÑ;3;35;89;2639,632531;3053;1
1693;60;3;35;90;988,3730892;1142;1
1694;105;3;35;89;664,2543625;766;1
1695;320;3;35;90;384,0137179;446;1
1696;107;3;35;90;1372,589954;1591;1
1697;100;3;35;90;2750,975986;3190;1
1698;0;3;35;89;4227,387589;4891,423;1
1699;25;3;35;89;3754,545336;4354;1
1700;340;3;35;89;12,75357888;14,7;1
1701;101Á;3;35;90;2060,339127;2389;1
1702;101À;3;35;90;1787,34637;2071;1
1703;91;3;35;90;1204,575779;1395;1
1704;19;3;35;90;216,9312384;250;1
1705;375;3;35;89;1,80719847;2,1;1
1706;62;3;35;90;1708,783438;1974;1
1707;23;3;35;90;608,1808704;701;1
1708;102;3;35;90;2274,636822;2637;1
1709;26;3;35;90;255,022056;296;1
1710;103;3;35;90;2039,396855;2365;1
1711;47;3;35;89;373,160835;433;1
1712;57;3;35;89;3185,103465;3685;1
1713;24;3;35;90;1589,320476;1838;1
1714;63;3;35;90;1141,727622;1325;1
1715;65;3;35;90;462,5657556;533;1
1716;58;3;35;90;3820,491168;4426;1
1717;67;3;35;89;498,9286679;576;1
1718;32;3;35;89;1266,516968;1470;1
1719;750;3;35;89;663,358644;770;1
1720;14;3;35;89;23,316174;27;1
1721;725;3;35;90;452,6115912;524;1
1722;730;3;35;90;660,950745;767;1
1723;37Á;3;35;89;44,224366;53;1
1724;81;3;35;90;321,432723;373;1
1725;79À;3;35;90;357,611673;415;1
1726;80;3;35;90;956,463732;1110;1
1727;52;3;35;89;170,62353;198;1
1728;55À;3;35;90;851,229141;988;1
1729;68;3;35;89;1258,872687;1461;1
1730;21;3;35;90;195,695103;227;1
1731;55;3;35;90;51,8067216;60;1
1732;69;3;35;89;414,505149;481;1
1733;53;3;35;89;427,35966;496;1
1734;70;3;35;89;1055,427276;1225;1
1735;16;3;35;89;888,4858236;1027;1
1736;69À;3;35;89;569,576646;661;1
1737;72;3;35;89;1381,550169;1603;1
1738;45;3;35;89;114,610755;133;1
1739;18;3;35;89;335,5929996;389,4;1
1740;34;3;35;89;61,316556;71;1
1741;73;3;35;89;808,205292;938;1
1742;46;3;35;89;185,347845;215;1
1743;44;3;35;89;582,51198;676;1
1744;51;3;35;89;567,157089;658;1
1745;27;3;35;89;152,496297;177;1
1746;74;3;35;89;726,700125;843;1
1747;54;3;35;89;115,547484;134;1
1748;43;3;35;89;384,38514;446;1
1749;28;3;35;89;83,603694;97;1
1750;30À;3;35;89;1375,671238;1604;1
1751;50;3;35;89;1840,554609;2138;1
1752;30;3;35;89;269,723055;313;1
1753;49;3;35;89;248,0793762;288;1
1754;75;3;35;89;2,1534675;2,5;1
1755;29;3;35;89;119,3174496;138;1
1756;40Á;3;35;89;6,695584;8;1
1757;115;3;35;89;1253,423659;1455;1
1758;42;3;35;89;189,5817;220;1
1759;31;3;35;89;0,861387;1;1
1760;39;3;35;89;410,964597;477;1
1761;134;3;35;90;1254,938374;1453;1
1762;37À;3;35;89;1094,40338;1265;1
1763;108;3;35;90;159,439332;185;1
1764;78;3;35;90;1160,527629;1345;1
1765;52À;3;35;89;749,611488;870;1
1766;48À;3;35;89;671,31636;779;1
1767;34À;3;35;89;583,2989485;676,5;1
1768;109;3;35;89;429,7071897;498,7;1
1769;47À;3;35;89;1113,235096;1291,8;1
1770;119;3;35;89;512,82063;595;1
1771;111;3;35;89;544,573107;632;1
1772;32Á;3;35;89;1469,844346;1706;1
1773;45À;3;35;89;1674,931021;1944;1
1774;33À;3;35;89;906,86744;1053;1
1775;51À;3;35;89;1099,643373;1276;1
1776;113;3;35;89;211,038302;246;1
1777;54À;3;35;89;247,8310536;287,3;1
1778;27À;3;35;89;534,224109;620;1
1779;76;3;35;89;695,987212;808;1
1780;29À;3;35;89;762,8485739;876;1
1781;75À;3;35;89;1046,058768;1214;1
1782;28À;3;35;89;624,295488;724;1
1783;117;3;35;89;628,180455;729;1
1784;42À;3;35;89;592,1842768;688;1
1785;77À;3;35;89;507,322603;589;1
1786;118;3;35;89;1006,182525;1168;1
1787;120;3;35;89;341,212347;396;1
1788;40À;3;35;89;228,351858;265;1
1789;39À;3;35;89;3,2741058;3,8;1
1790;123;3;35;89;26,711088;31;1
1791;139;3;35;89;720,5554743;837,258;1
1792;124;3;35;89;308,5015832;358;1
1793;126;3;35;89;862,7794418;1004;1
1794;127;3;35;89;363,2709552;422;1
1795;128;3;35;89;3,6185562;4,2;1
1796;129;3;35;89;941,77848;1093;1
1797;130;3;35;89;750,3387964;873;1
1798;131;3;35;89;1,9815903;2,3;1
1799;132;3;35;89;0,861561;1;1
1800;144;3;35;90;691,048482;802;1
1801;149;3;35;90;96,506838;112;1
1802;147;3;35;90;550,652058;639;1
1803;145;3;35;90;206,825535;240;1
1804;15;3;35;90;2463,38412;2854;1
1805;0;3;36;32;3,04792384;3,7;1
1806;1;3;36;32;34,871384;41;1
1807;5;3;36;32;4,122144;5;1
1808;29;3;36;32;30,5603704;36;1
1809;3;3;36;32;0,8237632;1;1
1810;4;3;36;32;3,76238;4,5;1
1811;2;3;36;32;97,9253312;115;1
1812;8À;3;36;32;4,118816;5;1
1813;21;3;36;32;208,745908;245;1
1814;19;3;36;32;1,6475264;2;1
1815;14;3;36;32;181,696504;214;1
1816;29À;3;36;32;6,5901056;8;1
1817;30;3;36;32;5,7940652;7;1
1818;35;3;36;32;31,56544;37;1
1819;36;3;36;32;173,3918334;204;1
1820;14À;3;36;32;14,497192;17;1
1821;57;3;36;32;41,2930752;50;1
1822;56;3;36;32;16,96952192;20,6;1
1823;37;3;36;32;0;0;1
1824;48;3;36;32;198,8271168;241;1
1825;24;3;36;32;365,3783744;443;1
1826;54;3;36;32;58,6774656;70;1
1827;26À;3;36;32;477,7877928;579;1
1828;47;3;36;32;145,8930896;173;1
1829;27;3;36;32;234,8084832;276;1
1830;31;3;36;32;67,80229272;79,6;1
1831;28;3;36;32;153,5137224;180;1
1832;32;3;36;32;36,66567;43;1
1833;49;3;36;32;157,9623304;185;1
1834;33;3;36;32;71,72557104;86,7;1
1835;69;3;36;32;98,6052288;119;1
1836;72;3;36;32;27,359904;33;1
1837;71;3;36;32;66,9624884;80;1
1838;63;3;36;32;330,3149907;400;1
1839;55;3;36;32;369,150496;448;1
1840;62;3;36;32;246,3516224;299;1
1841;26;3;36;32;0,8237632;1;1
1842;1;3;37;91;1083,715543;1249;1
1843;0;3;37;91;269,170272;310;1
1844;2;3;37;91;1229,3613;1417;1
1845;3;3;37;91;2265,456853;2617;1
1846;9;3;37;91;660,0205312;765;1
1847;14;3;37;91;372,6701288;437;1
1848;20;4;38;92;672,9989976;780;1
1849;21;4;38;92;920,8557372;1073;1
1850;13;4;38;93;3160,314628;3685;1
1851;435;4;38;93;391,5929673;453;1
1852;438À;4;38;14;199,6488581;231;1
1853;464;4;38;93;35,4400461;41;1
1854;6;4;38;92;1121,754732;1298;1
1855;7;4;38;92;317,682494;376;1
1856;1;4;38;92;789,5240813;930;1
1857;2;4;38;92;539,6918605;640;1
1858;3À;4;38;92;572,9961258;663;1
1859;446;4;38;92;85,3613046;100;1
1860;4;4;38;92;8,425751;10;1
1861;3;4;38;92;1268,027009;1474;1
1862;11;4;38;93;1547,430555;1790;1
1863;12;4;38;93;1095,878837;1268;1
1864;0;4;38;92;747,8784816;866;1
1865;15;4;38;93;437,7255607;517;1
1866;425;4;38;92;805,4231243;943;1
1867;8;4;38;92;551,7384444;638;1
1868;16;4;38;93;161,6199232;191;1
1869;416;4;38;93;276,8429094;327;1
1870;415;4;38;92;3422,148533;3980;1
1871;405;4;38;92;1205,809528;1404;1
1872;404;4;38;92;861,5585873;999;1
1873;412;4;38;92;1550,466595;1790;1
1874;418;4;38;93;1241,768163;1445;1
1875;414;4;38;93;1285,479633;1493;1
1876;422;4;38;93;1463,945613;1703;1
1877;423;4;38;92;580,1993106;672;1
1878;420;4;38;92;663,584532;769;1
1879;406;4;38;92;624,5313286;726;1
1880;426;4;38;92;1272,480276;1490;1
1881;431;4;38;92;1,688199708;2;1
1882;457;4;38;93;3,37901328;4;1
1883;443;4;38;93;32,22597053;38;1
1884;444;4;38;93;549,3462468;636;1
1885;429;4;38;14;637,0977209;737;1
1886;31;4;38;14;982,4563908;1136;1
1887;22;4;38;92;674,6621841;781;1
1888;25;4;38;92;1714,535439;1991;1
1889;23;4;38;93;5,06851992;6;1
1890;33;4;38;14;7,7792157;9;1
1891;32;4;38;14;492,783183;570;1
1892;30;4;38;14;908,4817755;1051;1
1893;28;4;38;14;1405,62376;1626;1
1894;24;4;38;92;1,7069324;2;1
1895;26;4;38;14;7,7792157;9;1
1896;402;4;38;93;388,1730771;449;1
1897;417;4;38;14;98,33548641;113,679;1
1898;413;4;38;14;966,1698242;1118;1
1899;29;4;38;14;563,817709;652,101;1
1900;419;4;38;14;529,9499358;613;1
1901;428;4;38;14;459,4245112;533;1
1902;430;4;38;14;210,9244824;244;1
1903;438;4;38;14;231,6477564;268;1
1904;440;4;38;93;558,3150923;646;1
1905;436;4;38;93;4,322223;5;1
1906;319;4;38;14;6,9039673;8;1
1907;439;4;38;14;15,5584314;18;1
1908;462;4;38;14;300,8960073;349;1
1909;463;4;38;93;383,3693812;443,446;1
1910;435À;4;38;93;269,6549638;312;1
1911;88;3;39;29;1198,040008;1374;1
1912;131;3;39;29;2044,666277;2362;1
1913;28;3;39;29;703,6201336;808;1
1914;84;3;39;29;1254,723464;1439;1
1915;42;3;39;29;49,9330788;59;1
1916;0;3;39;34;43,5638499;50;1
1917;135;3;39;34;1761,378883;2026;1
1918;111;3;39;29;1973,253663;2264;1
1919;83;3;39;29;649,393712;745;1
1920;86;3;39;29;1646,439124;1889;1
1921;73;3;39;29;124,6984464;143;1
1922;12Á;3;39;29;167,371776;192;1
1923;7À;3;39;29;1603,614584;1840;1
1924;40À;3;39;29;812,560584;932;1
1925;1À;3;39;29;373,878648;429;1
1926;43À;3;39;29;778,677872;894;1
1927;42À;3;39;29;1047,786109;1203;1
1928;181;3;39;29;227,2121392;265;1
1929;47;3;39;29;139,7329244;161;1
1930;179;3;39;29;97,642864;112;1
1931;180;3;39;29;122,0296;140;1
1932;176;3;39;29;42,787976;49;1
1933;178;3;39;29;54,025312;62;1
1934;54À;3;39;29;442,890272;508;1
1935;181À;3;39;29;208,820156;243;1
1936;65;3;39;29;357,6137048;410;1
1937;66;3;39;29;1036,2066;1189;1
1938;97;3;39;34;345,064896;396;1
1939;92;3;39;29;279,87872;321;1
1940;122;3;39;29;253,69212;291;1
1941;19À;3;39;29;1452,111068;1666;1
1942;40Á;3;39;29;538,709424;618;1
1943;85;3;39;29;1468,942282;1685;1
1944;75;3;39;29;200,15292;229;1
1945;76;3;39;29;1399,186448;1605;1
1946;77;3;39;29;792,277552;909;1
1947;78;3;39;29;1165,412248;1337;1
1948;87;3;39;29;401,000248;460;1
1949;79;3;39;29;1498,235464;1719;1
1950;74;3;39;29;190,055888;218;1
1951;21;3;39;29;138,600792;159;1
1952;20;3;39;29;596,168672;684;1
1953;19;3;39;29;532,442944;611;1
1954;91;3;39;29;378,603865;434;1
1955;18;3;39;29;183,02592;210;1
1956;17;3;39;29;115,904712;133;1
1957;71;3;39;29;295,45516;339;1
1958;5;3;39;29;568,30928;652;1
1959;11;3;39;29;594,390368;682;1
1960;7;3;39;29;661,441176;759;1
1961;13;3;39;29;153,393152;176;1
1962;12;3;39;29;848,020096;973;1
1963;25;3;39;29;590,10028;677;1
1964;24;3;39;29;352,107008;404;1
1965;37;3;39;29;43,5688;50;1
1966;37À;3;39;29;1599,137056;1835;1
1967;34;3;39;29;334,0114341;382;1
1968;50;3;39;29;364,271952;418;1
1969;52;3;39;29;693,657184;796;1
1970;59;3;39;29;657,962712;755;1
1971;89;3;39;29;1138,119752;1306;1
1972;17À;3;39;29;1054,475136;1210;1
1973;70À;3;39;29;247,544528;284;1
1974;90;3;39;29;312,967776;359;1
1975;41;3;39;29;154,264704;177;1
1976;43;3;39;29;440,977328;506;1
1977;45;3;39;29;260,630832;299;1
1978;39;3;39;29;795,919864;914;1
1979;48;3;39;29;328,541928;377;1
1980;56;3;39;29;45,3640176;52;1
1981;55;3;39;29;399,1944;458;1
1982;54Á;3;39;29;724,503472;831;1
1983;64;3;39;29;237,08828;272;1
1984;54Â;3;39;29;226,631856;260;1
1985;58;3;39;29;39,20796;45;1
1986;61;3;39;34;729,328952;837;1
1987;98;3;39;34;1456,002416;1671;1
1988;114;3;39;34;1749,730311;2008;1
1989;125;3;39;29;540,41064;620;1
1990;100;3;39;34;1813,522827;2086;1
1991;130;3;39;29;659,321872;756;1
1992;129;3;39;29;121,191312;139;1
1993;112;3;39;34;299,8959504;345;1
1994;136;3;39;29;1363,725528;1565;1
1995;128;3;39;34;887,932144;1019;1
1996;126;3;39;34;2336,701745;2695;1
1997;129À;3;39;29;239,78284;275;1
1998;73À;3;39;29;64,514384;74;1
1999;74À;3;39;29;922,160712;1058;1
2000;55À;3;39;29;557,777704;640;1
2001;18À;3;39;29;740,023768;849;1
2002;72;3;39;29;22,6514288;26;1
2003;21À;3;39;29;865,68372;993;1
2004;93;3;39;29;442,703712;508;1
2005;5À;3;39;29;400,098424;459;1
2006;2À;3;39;29;147,30452;169;1
2007;13À;3;39;29;1132,102224;1299;1
2008;12À;3;39;29;472,333488;542;1
2009;41À;3;39;29;948,71595;1089;1
2010;9À;3;39;29;210,894288;242;1
2011;27À;3;39;29;1300,479576;1492;1
2012;26À;3;39;29;1033,64228;1186;1
2013;24À;3;39;29;1365,626504;1567;1
2014;28À;3;39;29;374,76736;430;1
2015;25À;3;39;29;1432,812832;1644;1
2016;23À;3;39;29;217,91;250;1
2017;39À;3;39;29;528,174152;606;1
2018;34À;3;39;29;793,823536;911;1
2019;38À;3;39;29;1373,4138;1576;1
2020;49;3;39;29;2027,149514;2326;1
2021;45À;3;39;29;702,444776;806;1
2022;58À;3;39;29;531,598408;610;1
2023;62À;3;39;29;615,362792;706;1
2024;64À;3;39;29;983,992064;1129;1
2025;53;3;39;29;276,281984;317;1
2026;52À;3;39;29;645,771368;741;1
2027;57;3;39;29;528,997656;607;1
2028;63;3;39;29;1075,38112;1234;1
2029;96;3;39;34;1022,122464;1173;1
2030;94;3;39;29;358,135536;411;1
2031;124;3;39;29;352,150656;404;1
2032;123;3;39;29;692,8164672;795;1
2033;120;3;39;29;86,3502376;99;1
2034;118;3;39;29;49,688496;57;1
2035;116;3;39;29;532,57204;611;1
2036;110;3;39;29;326,003568;374;1
2037;108;3;39;29;290,182376;333;1
2038;107;3;39;29;475,032976;545;1
2039;106;3;39;29;131,605936;151;1
2040;104;3;39;29;69,77344;80;1
2041;95;3;39;34;299,753344;344;1
2042;127;3;39;34;311,081232;357;1
2043;97À;3;39;34;278,86848;320;1
